<?xml version="1.0" encoding="UTF-8"?>
<document id="DrugDDI.d431" origId="Abatacept"><sentence id="DrugDDI.d431.s0" origId="s0" text="Formal drug interaction studies have not been conducted with ORENCIA."><entity id="DrugDDI.d431.s0.e0" origId="s0.p5" charOffset="61-68" type="drug" text="ORENCIA"/></sentence><sentence id="DrugDDI.d431.s1" origId="s1" text="Population pharmacokinetic analyses revealed that MTX, NSAIDs, corticosteroids, and TNF blocking agents did not influence abatacept clearance."><entity id="DrugDDI.d431.s1.e0" origId="s1.p8" charOffset="50-53" type="drug" text="MTX"/><entity id="DrugDDI.d431.s1.e1" origId="s1.p9" charOffset="55-61" type="drug" text="NSAIDs"/><entity id="DrugDDI.d431.s1.e2" origId="s1.p10" charOffset="63-78" type="drug" text="corticosteroids"/><entity id="DrugDDI.d431.s1.e3" origId="s1.p16" charOffset="122-131" type="drug" text="abatacept"/><pair id="DrugDDI.d431.s1.p0" e1="DrugDDI.d431.s1.e0" e2="DrugDDI.d431.s1.e1" interaction="false"/><pair id="DrugDDI.d431.s1.p1" e1="DrugDDI.d431.s1.e0" e2="DrugDDI.d431.s1.e2" interaction="false"/><pair id="DrugDDI.d431.s1.p2" e1="DrugDDI.d431.s1.e0" e2="DrugDDI.d431.s1.e3" interaction="false"/><pair id="DrugDDI.d431.s1.p3" e1="DrugDDI.d431.s1.e1" e2="DrugDDI.d431.s1.e2" interaction="false"/><pair id="DrugDDI.d431.s1.p4" e1="DrugDDI.d431.s1.e1" e2="DrugDDI.d431.s1.e3" interaction="false"/><pair id="DrugDDI.d431.s1.p5" e1="DrugDDI.d431.s1.e2" e2="DrugDDI.d431.s1.e3" interaction="false"/></sentence><sentence id="DrugDDI.d431.s2" origId="s2" text="The majority of patients in RA clinical studies received one or more of the following concomitant medications with ORENCIA: MTX, NSAIDs, corticosteroids, TNF blocking agents, azathioprine, chloroquine, gold, hydroxychloroquine, leflunomide, sulfasalazine, and anakinra."><entity id="DrugDDI.d431.s2.e0" origId="s2.p24" charOffset="98-109" type="drug" text="medications"/><entity id="DrugDDI.d431.s2.e1" origId="s2.p25" charOffset="115-122" type="drug" text="ORENCIA"/><entity id="DrugDDI.d431.s2.e2" origId="s2.p27" charOffset="124-127" type="drug" text="MTX"/><entity id="DrugDDI.d431.s2.e3" origId="s2.p28" charOffset="129-135" type="drug" text="NSAIDs"/><entity id="DrugDDI.d431.s2.e4" origId="s2.p29" charOffset="137-152" type="drug" text="corticosteroids"/><entity id="DrugDDI.d431.s2.e5" origId="s2.p31" charOffset="175-187" type="drug" text="azathioprine"/><entity id="DrugDDI.d431.s2.e6" origId="s2.p32" charOffset="189-200" type="drug" text="chloroquine"/><entity id="DrugDDI.d431.s2.e7" origId="s2.p33" charOffset="202-206" type="drug" text="gold"/><entity id="DrugDDI.d431.s2.e8" origId="s2.p34" charOffset="208-226" type="drug" text="hydroxychloroquine"/><entity id="DrugDDI.d431.s2.e9" origId="s2.p35" charOffset="228-239" type="drug" text="leflunomide"/><entity id="DrugDDI.d431.s2.e10" origId="s2.p36" charOffset="241-254" type="drug" text="sulfasalazine"/><entity id="DrugDDI.d431.s2.e11" origId="s2.p38" charOffset="260-268" type="drug" text="anakinra"/><pair id="DrugDDI.d431.s2.p0" e1="DrugDDI.d431.s2.e0" e2="DrugDDI.d431.s2.e1" interaction="false"/><pair id="DrugDDI.d431.s2.p1" e1="DrugDDI.d431.s2.e0" e2="DrugDDI.d431.s2.e2" interaction="false"/><pair id="DrugDDI.d431.s2.p2" e1="DrugDDI.d431.s2.e0" e2="DrugDDI.d431.s2.e3" interaction="false"/><pair id="DrugDDI.d431.s2.p3" e1="DrugDDI.d431.s2.e0" e2="DrugDDI.d431.s2.e4" interaction="false"/><pair id="DrugDDI.d431.s2.p4" e1="DrugDDI.d431.s2.e0" e2="DrugDDI.d431.s2.e5" interaction="false"/><pair id="DrugDDI.d431.s2.p5" e1="DrugDDI.d431.s2.e0" e2="DrugDDI.d431.s2.e6" interaction="false"/><pair id="DrugDDI.d431.s2.p6" e1="DrugDDI.d431.s2.e0" e2="DrugDDI.d431.s2.e7" interaction="false"/><pair id="DrugDDI.d431.s2.p7" e1="DrugDDI.d431.s2.e0" e2="DrugDDI.d431.s2.e8" interaction="false"/><pair id="DrugDDI.d431.s2.p8" e1="DrugDDI.d431.s2.e0" e2="DrugDDI.d431.s2.e9" interaction="false"/><pair id="DrugDDI.d431.s2.p9" e1="DrugDDI.d431.s2.e0" e2="DrugDDI.d431.s2.e10" interaction="false"/><pair id="DrugDDI.d431.s2.p10" e1="DrugDDI.d431.s2.e0" e2="DrugDDI.d431.s2.e11" interaction="false"/><pair id="DrugDDI.d431.s2.p11" e1="DrugDDI.d431.s2.e1" e2="DrugDDI.d431.s2.e2" interaction="false"/><pair id="DrugDDI.d431.s2.p12" e1="DrugDDI.d431.s2.e1" e2="DrugDDI.d431.s2.e3" interaction="false"/><pair id="DrugDDI.d431.s2.p13" e1="DrugDDI.d431.s2.e1" e2="DrugDDI.d431.s2.e4" interaction="false"/><pair id="DrugDDI.d431.s2.p14" e1="DrugDDI.d431.s2.e1" e2="DrugDDI.d431.s2.e5" interaction="false"/><pair id="DrugDDI.d431.s2.p15" e1="DrugDDI.d431.s2.e1" e2="DrugDDI.d431.s2.e6" interaction="false"/><pair id="DrugDDI.d431.s2.p16" e1="DrugDDI.d431.s2.e1" e2="DrugDDI.d431.s2.e7" interaction="false"/><pair id="DrugDDI.d431.s2.p17" e1="DrugDDI.d431.s2.e1" e2="DrugDDI.d431.s2.e8" interaction="false"/><pair id="DrugDDI.d431.s2.p18" e1="DrugDDI.d431.s2.e1" e2="DrugDDI.d431.s2.e9" interaction="false"/><pair id="DrugDDI.d431.s2.p19" e1="DrugDDI.d431.s2.e1" e2="DrugDDI.d431.s2.e10" interaction="false"/><pair id="DrugDDI.d431.s2.p20" e1="DrugDDI.d431.s2.e1" e2="DrugDDI.d431.s2.e11" interaction="false"/><pair id="DrugDDI.d431.s2.p21" e1="DrugDDI.d431.s2.e2" e2="DrugDDI.d431.s2.e3" interaction="false"/><pair id="DrugDDI.d431.s2.p22" e1="DrugDDI.d431.s2.e2" e2="DrugDDI.d431.s2.e4" interaction="false"/><pair id="DrugDDI.d431.s2.p23" e1="DrugDDI.d431.s2.e2" e2="DrugDDI.d431.s2.e5" interaction="false"/><pair id="DrugDDI.d431.s2.p24" e1="DrugDDI.d431.s2.e2" e2="DrugDDI.d431.s2.e6" interaction="false"/><pair id="DrugDDI.d431.s2.p25" e1="DrugDDI.d431.s2.e2" e2="DrugDDI.d431.s2.e7" interaction="false"/><pair id="DrugDDI.d431.s2.p26" e1="DrugDDI.d431.s2.e2" e2="DrugDDI.d431.s2.e8" interaction="false"/><pair id="DrugDDI.d431.s2.p27" e1="DrugDDI.d431.s2.e2" e2="DrugDDI.d431.s2.e9" interaction="false"/><pair id="DrugDDI.d431.s2.p28" e1="DrugDDI.d431.s2.e2" e2="DrugDDI.d431.s2.e10" interaction="false"/><pair id="DrugDDI.d431.s2.p29" e1="DrugDDI.d431.s2.e2" e2="DrugDDI.d431.s2.e11" interaction="false"/><pair id="DrugDDI.d431.s2.p30" e1="DrugDDI.d431.s2.e3" e2="DrugDDI.d431.s2.e4" interaction="false"/><pair id="DrugDDI.d431.s2.p31" e1="DrugDDI.d431.s2.e3" e2="DrugDDI.d431.s2.e5" interaction="false"/><pair id="DrugDDI.d431.s2.p32" e1="DrugDDI.d431.s2.e3" e2="DrugDDI.d431.s2.e6" interaction="false"/><pair id="DrugDDI.d431.s2.p33" e1="DrugDDI.d431.s2.e3" e2="DrugDDI.d431.s2.e7" interaction="false"/><pair id="DrugDDI.d431.s2.p34" e1="DrugDDI.d431.s2.e3" e2="DrugDDI.d431.s2.e8" interaction="false"/><pair id="DrugDDI.d431.s2.p35" e1="DrugDDI.d431.s2.e3" e2="DrugDDI.d431.s2.e9" interaction="false"/><pair id="DrugDDI.d431.s2.p36" e1="DrugDDI.d431.s2.e3" e2="DrugDDI.d431.s2.e10" interaction="false"/><pair id="DrugDDI.d431.s2.p37" e1="DrugDDI.d431.s2.e3" e2="DrugDDI.d431.s2.e11" interaction="false"/><pair id="DrugDDI.d431.s2.p38" e1="DrugDDI.d431.s2.e4" e2="DrugDDI.d431.s2.e5" interaction="false"/><pair id="DrugDDI.d431.s2.p39" e1="DrugDDI.d431.s2.e4" e2="DrugDDI.d431.s2.e6" interaction="false"/><pair id="DrugDDI.d431.s2.p40" e1="DrugDDI.d431.s2.e4" e2="DrugDDI.d431.s2.e7" interaction="false"/><pair id="DrugDDI.d431.s2.p41" e1="DrugDDI.d431.s2.e4" e2="DrugDDI.d431.s2.e8" interaction="false"/><pair id="DrugDDI.d431.s2.p42" e1="DrugDDI.d431.s2.e4" e2="DrugDDI.d431.s2.e9" interaction="false"/><pair id="DrugDDI.d431.s2.p43" e1="DrugDDI.d431.s2.e4" e2="DrugDDI.d431.s2.e10" interaction="false"/><pair id="DrugDDI.d431.s2.p44" e1="DrugDDI.d431.s2.e4" e2="DrugDDI.d431.s2.e11" interaction="false"/><pair id="DrugDDI.d431.s2.p45" e1="DrugDDI.d431.s2.e5" e2="DrugDDI.d431.s2.e6" interaction="false"/><pair id="DrugDDI.d431.s2.p46" e1="DrugDDI.d431.s2.e5" e2="DrugDDI.d431.s2.e7" interaction="false"/><pair id="DrugDDI.d431.s2.p47" e1="DrugDDI.d431.s2.e5" e2="DrugDDI.d431.s2.e8" interaction="false"/><pair id="DrugDDI.d431.s2.p48" e1="DrugDDI.d431.s2.e5" e2="DrugDDI.d431.s2.e9" interaction="false"/><pair id="DrugDDI.d431.s2.p49" e1="DrugDDI.d431.s2.e5" e2="DrugDDI.d431.s2.e10" interaction="false"/><pair id="DrugDDI.d431.s2.p50" e1="DrugDDI.d431.s2.e5" e2="DrugDDI.d431.s2.e11" interaction="false"/><pair id="DrugDDI.d431.s2.p51" e1="DrugDDI.d431.s2.e6" e2="DrugDDI.d431.s2.e7" interaction="false"/><pair id="DrugDDI.d431.s2.p52" e1="DrugDDI.d431.s2.e6" e2="DrugDDI.d431.s2.e8" interaction="false"/><pair id="DrugDDI.d431.s2.p53" e1="DrugDDI.d431.s2.e6" e2="DrugDDI.d431.s2.e9" interaction="false"/><pair id="DrugDDI.d431.s2.p54" e1="DrugDDI.d431.s2.e6" e2="DrugDDI.d431.s2.e10" interaction="false"/><pair id="DrugDDI.d431.s2.p55" e1="DrugDDI.d431.s2.e6" e2="DrugDDI.d431.s2.e11" interaction="false"/><pair id="DrugDDI.d431.s2.p56" e1="DrugDDI.d431.s2.e7" e2="DrugDDI.d431.s2.e8" interaction="false"/><pair id="DrugDDI.d431.s2.p57" e1="DrugDDI.d431.s2.e7" e2="DrugDDI.d431.s2.e9" interaction="false"/><pair id="DrugDDI.d431.s2.p58" e1="DrugDDI.d431.s2.e7" e2="DrugDDI.d431.s2.e10" interaction="false"/><pair id="DrugDDI.d431.s2.p59" e1="DrugDDI.d431.s2.e7" e2="DrugDDI.d431.s2.e11" interaction="false"/><pair id="DrugDDI.d431.s2.p60" e1="DrugDDI.d431.s2.e8" e2="DrugDDI.d431.s2.e9" interaction="false"/><pair id="DrugDDI.d431.s2.p61" e1="DrugDDI.d431.s2.e8" e2="DrugDDI.d431.s2.e10" interaction="false"/><pair id="DrugDDI.d431.s2.p62" e1="DrugDDI.d431.s2.e8" e2="DrugDDI.d431.s2.e11" interaction="false"/><pair id="DrugDDI.d431.s2.p63" e1="DrugDDI.d431.s2.e9" e2="DrugDDI.d431.s2.e10" interaction="false"/><pair id="DrugDDI.d431.s2.p64" e1="DrugDDI.d431.s2.e9" e2="DrugDDI.d431.s2.e11" interaction="false"/><pair id="DrugDDI.d431.s2.p65" e1="DrugDDI.d431.s2.e10" e2="DrugDDI.d431.s2.e11" interaction="false"/></sentence><sentence id="DrugDDI.d431.s3" origId="s3" text="Concurrent administration of a TNF antagonist with ORENCIA has been associated with an increased risk of serious infections and no significant additional efficacy over use of the TNF antagonists alone."><entity id="DrugDDI.d431.s3.e0" origId="s3.p40" charOffset="31-34" type="drug" text="TNF"/><entity id="DrugDDI.d431.s3.e1" origId="s3.p41" charOffset="51-58" type="drug" text="ORENCIA"/><pair id="DrugDDI.d431.s3.p0" e1="DrugDDI.d431.s3.e0" e2="DrugDDI.d431.s3.e1" interaction="true"/></sentence><sentence id="DrugDDI.d431.s4" origId="s4" text="Concurrent therapy with ORENCIA and TNF antagonists is not recommended."><entity id="DrugDDI.d431.s4.e0" origId="s4.p52" charOffset="24-31" type="drug" text="ORENCIA"/><entity id="DrugDDI.d431.s4.e1" origId="s4.p54" charOffset="36-39" type="drug" text="TNF"/><pair id="DrugDDI.d431.s4.p0" e1="DrugDDI.d431.s4.e0" e2="DrugDDI.d431.s4.e1" interaction="true"/></sentence><sentence id="DrugDDI.d431.s5" origId="s5" text="There is insufficient experience to assess the safety and efficacy of ORENCIA administered concurrently with anakinra, and therefore such use is not recommended."><entity id="DrugDDI.d431.s5.e0" origId="s5.p65" charOffset="70-77" type="drug" text="ORENCIA"/><entity id="DrugDDI.d431.s5.e1" origId="s5.p68" charOffset="109-117" type="drug" text="anakinra"/><pair id="DrugDDI.d431.s5.p0" e1="DrugDDI.d431.s5.e0" e2="DrugDDI.d431.s5.e1" interaction="false"/></sentence></document>