<?xml version="1.0" encoding="UTF-8"?>
<document id="DrugDDI.d453" origId="Abciximab"><sentence id="DrugDDI.d453.s0" origId="s0" text="Formal drug interaction studies with Abciximab have not been conducted."><entity id="DrugDDI.d453.s0.e0" origId="s0.p2" charOffset="37-46" type="drug" text="Abciximab"/></sentence><sentence id="DrugDDI.d453.s1" origId="s1" text="Abciximab has been administered to patients with ischemic heart disease treated concomitantly with a broad range of medications used in the treatment of angina myocardial infarction and hypertension."><entity id="DrugDDI.d453.s1.e0" origId="s1.p7" charOffset="0-9" type="drug" text="Abciximab"/><entity id="DrugDDI.d453.s1.e1" origId="s1.p16" charOffset="116-127" type="drug" text="medications"/><pair id="DrugDDI.d453.s1.p0" e1="DrugDDI.d453.s1.e0" e2="DrugDDI.d453.s1.e1" interaction="false"/></sentence><sentence id="DrugDDI.d453.s2" origId="s2" text="These medications have included heparin warfarin, beta-adrenergic receptor blockers, calcium channel antagonists, angiotensin converting enzyme inhibitors, intravenous and oral nitrates, ticlopidine, and aspirin."><entity id="DrugDDI.d453.s2.e0" origId="s2.p22" charOffset="6-17" type="drug" text="medications"/><entity id="DrugDDI.d453.s2.e1" origId="s2.p24" charOffset="32-39" type="drug" text="heparin"/><entity id="DrugDDI.d453.s2.e2" origId="s2.p25" charOffset="50-83" type="drug" text="beta-adrenergic receptor blockers"/><entity id="DrugDDI.d453.s2.e3" origId="s2.p26" charOffset="85-100" type="drug" text="calcium channel"/><entity id="DrugDDI.d453.s2.e4" origId="s2.p27" charOffset="114-154" type="drug" text="angiotensin converting enzyme inhibitors"/><entity id="DrugDDI.d453.s2.e5" origId="s2.p30" charOffset="177-185" type="drug" text="nitrates"/><entity id="DrugDDI.d453.s2.e6" origId="s2.p31" charOffset="187-198" type="drug" text="ticlopidine"/><entity id="DrugDDI.d453.s2.e7" origId="s2.p33" charOffset="204-211" type="drug" text="aspirin"/><pair id="DrugDDI.d453.s2.p0" e1="DrugDDI.d453.s2.e0" e2="DrugDDI.d453.s2.e1" interaction="false"/><pair id="DrugDDI.d453.s2.p1" e1="DrugDDI.d453.s2.e0" e2="DrugDDI.d453.s2.e2" interaction="false"/><pair id="DrugDDI.d453.s2.p2" e1="DrugDDI.d453.s2.e0" e2="DrugDDI.d453.s2.e3" interaction="false"/><pair id="DrugDDI.d453.s2.p3" e1="DrugDDI.d453.s2.e0" e2="DrugDDI.d453.s2.e4" interaction="false"/><pair id="DrugDDI.d453.s2.p4" e1="DrugDDI.d453.s2.e0" e2="DrugDDI.d453.s2.e5" interaction="false"/><pair id="DrugDDI.d453.s2.p5" e1="DrugDDI.d453.s2.e0" e2="DrugDDI.d453.s2.e6" interaction="false"/><pair id="DrugDDI.d453.s2.p6" e1="DrugDDI.d453.s2.e0" e2="DrugDDI.d453.s2.e7" interaction="false"/><pair id="DrugDDI.d453.s2.p7" e1="DrugDDI.d453.s2.e1" e2="DrugDDI.d453.s2.e2" interaction="false"/><pair id="DrugDDI.d453.s2.p8" e1="DrugDDI.d453.s2.e1" e2="DrugDDI.d453.s2.e3" interaction="false"/><pair id="DrugDDI.d453.s2.p9" e1="DrugDDI.d453.s2.e1" e2="DrugDDI.d453.s2.e4" interaction="false"/><pair id="DrugDDI.d453.s2.p10" e1="DrugDDI.d453.s2.e1" e2="DrugDDI.d453.s2.e5" interaction="false"/><pair id="DrugDDI.d453.s2.p11" e1="DrugDDI.d453.s2.e1" e2="DrugDDI.d453.s2.e6" interaction="false"/><pair id="DrugDDI.d453.s2.p12" e1="DrugDDI.d453.s2.e1" e2="DrugDDI.d453.s2.e7" interaction="false"/><pair id="DrugDDI.d453.s2.p13" e1="DrugDDI.d453.s2.e2" e2="DrugDDI.d453.s2.e3" interaction="false"/><pair id="DrugDDI.d453.s2.p14" e1="DrugDDI.d453.s2.e2" e2="DrugDDI.d453.s2.e4" interaction="false"/><pair id="DrugDDI.d453.s2.p15" e1="DrugDDI.d453.s2.e2" e2="DrugDDI.d453.s2.e5" interaction="false"/><pair id="DrugDDI.d453.s2.p16" e1="DrugDDI.d453.s2.e2" e2="DrugDDI.d453.s2.e6" interaction="false"/><pair id="DrugDDI.d453.s2.p17" e1="DrugDDI.d453.s2.e2" e2="DrugDDI.d453.s2.e7" interaction="false"/><pair id="DrugDDI.d453.s2.p18" e1="DrugDDI.d453.s2.e3" e2="DrugDDI.d453.s2.e4" interaction="false"/><pair id="DrugDDI.d453.s2.p19" e1="DrugDDI.d453.s2.e3" e2="DrugDDI.d453.s2.e5" interaction="false"/><pair id="DrugDDI.d453.s2.p20" e1="DrugDDI.d453.s2.e3" e2="DrugDDI.d453.s2.e6" interaction="false"/><pair id="DrugDDI.d453.s2.p21" e1="DrugDDI.d453.s2.e3" e2="DrugDDI.d453.s2.e7" interaction="false"/><pair id="DrugDDI.d453.s2.p22" e1="DrugDDI.d453.s2.e4" e2="DrugDDI.d453.s2.e5" interaction="false"/><pair id="DrugDDI.d453.s2.p23" e1="DrugDDI.d453.s2.e4" e2="DrugDDI.d453.s2.e6" interaction="false"/><pair id="DrugDDI.d453.s2.p24" e1="DrugDDI.d453.s2.e4" e2="DrugDDI.d453.s2.e7" interaction="false"/><pair id="DrugDDI.d453.s2.p25" e1="DrugDDI.d453.s2.e5" e2="DrugDDI.d453.s2.e6" interaction="false"/><pair id="DrugDDI.d453.s2.p26" e1="DrugDDI.d453.s2.e5" e2="DrugDDI.d453.s2.e7" interaction="false"/><pair id="DrugDDI.d453.s2.p27" e1="DrugDDI.d453.s2.e6" e2="DrugDDI.d453.s2.e7" interaction="false"/></sentence><sentence id="DrugDDI.d453.s3" origId="s3" text="Heparin, other anticoagulants, thrombolytics, and anti platelet agents are associated with an increase in bleeding."><entity id="DrugDDI.d453.s3.e0" origId="s3.p34" charOffset="0-7" type="drug" text="Heparin"/><entity id="DrugDDI.d453.s3.e1" origId="s3.p35" charOffset="15-29" type="drug" text="anticoagulants"/><entity id="DrugDDI.d453.s3.e2" origId="s3.p36" charOffset="31-43" type="drug" text="thrombolytic"/><entity id="DrugDDI.d453.s3.e3" origId="s3.p38" charOffset="50-70" type="drug" text="anti platelet agents"/><pair id="DrugDDI.d453.s3.p0" e1="DrugDDI.d453.s3.e0" e2="DrugDDI.d453.s3.e1" interaction="false"/><pair id="DrugDDI.d453.s3.p1" e1="DrugDDI.d453.s3.e0" e2="DrugDDI.d453.s3.e2" interaction="false"/><pair id="DrugDDI.d453.s3.p2" e1="DrugDDI.d453.s3.e0" e2="DrugDDI.d453.s3.e3" interaction="false"/><pair id="DrugDDI.d453.s3.p3" e1="DrugDDI.d453.s3.e1" e2="DrugDDI.d453.s3.e2" interaction="false"/><pair id="DrugDDI.d453.s3.p4" e1="DrugDDI.d453.s3.e1" e2="DrugDDI.d453.s3.e3" interaction="false"/><pair id="DrugDDI.d453.s3.p5" e1="DrugDDI.d453.s3.e2" e2="DrugDDI.d453.s3.e3" interaction="false"/></sentence><sentence id="DrugDDI.d453.s4" origId="s4" text="Patients with HACA titers may have allergic or hypersensitivity reactions when treated with other diagnostic or therapeutic monoclonal antibodies."><entity id="DrugDDI.d453.s4.e0" origId="s4.p54" charOffset="124-145" type="drug" text="monoclonal antibodies"/></sentence></document>