<?xml version="1.0" encoding="UTF-8"?>
<document id="DrugDDI.d268" origId="Adapalene"><sentence id="DrugDDI.d268.s0" origId="s0" text="As DIFFERIN Gel has the potential to produce local irritation in some patients, concomitant use of other potentially irritating topical products (medicated or abrasive soaps and cleansers, soaps and cosmetics that have a strong drying effect, and products with high concentrations of alcohol, astringents, spices or lime) should be approached with caution."><entity id="DrugDDI.d268.s0.e0" origId="s0.p0" charOffset="3-11" type="drug" text="DIFFERIN"/><entity id="DrugDDI.d268.s0.e1" origId="s0.p25" charOffset="284-291" type="drug" text="alcohol"/><entity id="DrugDDI.d268.s0.e2" origId="s0.p26" charOffset="293-304" type="drug" text="astringents"/><entity id="DrugDDI.d268.s0.e3" origId="s0.p29" charOffset="316-320" type="drug" text="lime"/><pair id="DrugDDI.d268.s0.p0" e1="DrugDDI.d268.s0.e0" e2="DrugDDI.d268.s0.e1" interaction="false"/><pair id="DrugDDI.d268.s0.p1" e1="DrugDDI.d268.s0.e0" e2="DrugDDI.d268.s0.e2" interaction="false"/><pair id="DrugDDI.d268.s0.p2" e1="DrugDDI.d268.s0.e0" e2="DrugDDI.d268.s0.e3" interaction="false"/><pair id="DrugDDI.d268.s0.p3" e1="DrugDDI.d268.s0.e1" e2="DrugDDI.d268.s0.e2" interaction="false"/><pair id="DrugDDI.d268.s0.p4" e1="DrugDDI.d268.s0.e1" e2="DrugDDI.d268.s0.e3" interaction="false"/><pair id="DrugDDI.d268.s0.p5" e1="DrugDDI.d268.s0.e2" e2="DrugDDI.d268.s0.e3" interaction="false"/></sentence><sentence id="DrugDDI.d268.s1" origId="s1" text="Particular caution should be exercised in using preparations containing sulfur, resorcinol, or salicylic acid in combination with DIFFERIN Gel."><entity id="DrugDDI.d268.s1.e0" origId="s1.p43" charOffset="72-78" type="drug" text="sulfur"/><entity id="DrugDDI.d268.s1.e1" origId="s1.p44" charOffset="80-90" type="drug" text="resorcinol"/><entity id="DrugDDI.d268.s1.e2" origId="s1.p46" charOffset="95-109" type="drug" text="salicylic acid"/><entity id="DrugDDI.d268.s1.e3" origId="s1.p48" charOffset="130-138" type="drug" text="DIFFERIN"/><pair id="DrugDDI.d268.s1.p0" e1="DrugDDI.d268.s1.e0" e2="DrugDDI.d268.s1.e1" interaction="false"/><pair id="DrugDDI.d268.s1.p1" e1="DrugDDI.d268.s1.e0" e2="DrugDDI.d268.s1.e2" interaction="false"/><pair id="DrugDDI.d268.s1.p2" e1="DrugDDI.d268.s1.e0" e2="DrugDDI.d268.s1.e3" interaction="true"/><pair id="DrugDDI.d268.s1.p3" e1="DrugDDI.d268.s1.e1" e2="DrugDDI.d268.s1.e2" interaction="false"/><pair id="DrugDDI.d268.s1.p4" e1="DrugDDI.d268.s1.e1" e2="DrugDDI.d268.s1.e3" interaction="true"/><pair id="DrugDDI.d268.s1.p5" e1="DrugDDI.d268.s1.e2" e2="DrugDDI.d268.s1.e3" interaction="false"/></sentence><sentence id="DrugDDI.d268.s2" origId="s2" text="If these preparations have been used it is advisable not to start therapy with DIFFERIN Gel until the effects of such preparations in the skin have subsided."><entity id="DrugDDI.d268.s2.e0" origId="s2.p59" charOffset="79-87" type="drug" text="DIFFERIN"/></sentence></document>