<?xml version="1.0" encoding="UTF-8"?>
<document id="DrugDDI.d343" origId="Adinazolam"><sentence id="DrugDDI.d343.s0" origId="s0" text="Co-administration with antifungal agents such as ketoconazole or itraconazole is not recommended."><entity id="DrugDDI.d343.s0.e0" origId="s0.p1" charOffset="23-40" type="drug" text="antifungal agents"/><entity id="DrugDDI.d343.s0.e1" origId="s0.p2" charOffset="49-61" type="drug" text="ketoconazole"/><entity id="DrugDDI.d343.s0.e2" origId="s0.p4" charOffset="65-77" type="drug" text="itraconazole"/><pair id="DrugDDI.d343.s0.p0" e1="DrugDDI.d343.s0.e0" e2="DrugDDI.d343.s0.e1" interaction="false"/><pair id="DrugDDI.d343.s0.p1" e1="DrugDDI.d343.s0.e0" e2="DrugDDI.d343.s0.e2" interaction="false"/><pair id="DrugDDI.d343.s0.p2" e1="DrugDDI.d343.s0.e1" e2="DrugDDI.d343.s0.e2" interaction="false"/></sentence><sentence id="DrugDDI.d343.s1" origId="s1" text="Nafazodone, fluvoxamine, cimetidine (consider Xanax dose reduction)."><entity id="DrugDDI.d343.s1.e0" origId="s1.p9" charOffset="12-23" type="drug" text="fluvoxamine"/><entity id="DrugDDI.d343.s1.e1" origId="s1.p10" charOffset="25-35" type="drug" text="cimetidine"/><entity id="DrugDDI.d343.s1.e2" origId="s1.p13" charOffset="46-51" type="drug" text="Xanax"/><pair id="DrugDDI.d343.s1.p0" e1="DrugDDI.d343.s1.e0" e2="DrugDDI.d343.s1.e1" interaction="false"/><pair id="DrugDDI.d343.s1.p1" e1="DrugDDI.d343.s1.e0" e2="DrugDDI.d343.s1.e2" interaction="false"/><pair id="DrugDDI.d343.s1.p2" e1="DrugDDI.d343.s1.e1" e2="DrugDDI.d343.s1.e2" interaction="false"/></sentence><sentence id="DrugDDI.d343.s2" origId="s2" text="Fluoxetine, OCs, sertraline, diltiazem, macrolide antibiotics (exercise caution)."><entity id="DrugDDI.d343.s2.e0" origId="s2.p15" charOffset="0-10" type="drug" text="Fluoxetine"/><entity id="DrugDDI.d343.s2.e1" origId="s2.p17" charOffset="17-27" type="drug" text="sertraline"/><entity id="DrugDDI.d343.s2.e2" origId="s2.p18" charOffset="29-38" type="drug" text="diltiazem"/><entity id="DrugDDI.d343.s2.e3" origId="s2.p19" charOffset="40-61" type="drug" text="macrolide antibiotics"/><pair id="DrugDDI.d343.s2.p0" e1="DrugDDI.d343.s2.e0" e2="DrugDDI.d343.s2.e1" interaction="false"/><pair id="DrugDDI.d343.s2.p1" e1="DrugDDI.d343.s2.e0" e2="DrugDDI.d343.s2.e2" interaction="false"/><pair id="DrugDDI.d343.s2.p2" e1="DrugDDI.d343.s2.e0" e2="DrugDDI.d343.s2.e3" interaction="false"/><pair id="DrugDDI.d343.s2.p3" e1="DrugDDI.d343.s2.e1" e2="DrugDDI.d343.s2.e2" interaction="false"/><pair id="DrugDDI.d343.s2.p4" e1="DrugDDI.d343.s2.e1" e2="DrugDDI.d343.s2.e3" interaction="false"/><pair id="DrugDDI.d343.s2.p5" e1="DrugDDI.d343.s2.e2" e2="DrugDDI.d343.s2.e3" interaction="false"/></sentence></document>