<?xml version="1.0" encoding="UTF-8"?>
<document id="DrugDDI.d75" origId="Alemtuzumab"><sentence id="DrugDDI.d75.s0" origId="s0" text="Drug/Laboratory Interactions No formal drug interaction studies have been performed with Campath."><entity id="DrugDDI.d75.s0.e0" origId="s0.p0" charOffset="0-4" type="drug" text="Drug"/><entity id="DrugDDI.d75.s0.e1" origId="s0.p5" charOffset="89-96" type="drug" text="Campath"/><pair id="DrugDDI.d75.s0.p0" e1="DrugDDI.d75.s0.e0" e2="DrugDDI.d75.s0.e1" interaction="false"/></sentence><sentence id="DrugDDI.d75.s1" origId="s1" text="An immune response to Campath may interfere with subsequent diagnostic serum tests that utilize antibodies"><entity id="DrugDDI.d75.s1.e0" origId="s1.p7" charOffset="22-29" type="drug" text="Campath"/><entity id="DrugDDI.d75.s1.e1" origId="s1.p14" charOffset="96-106" type="drug" text="antibodies"/><pair id="DrugDDI.d75.s1.p0" e1="DrugDDI.d75.s1.e0" e2="DrugDDI.d75.s1.e1" interaction="true"/></sentence><sentence id="DrugDDI.d75.s2" origId="s2" text="."/><sentence id="DrugDDI.d75.s3" origId="s3" text="? ?"/></document>