<?xml version="1.0" encoding="UTF-8"?>
<document id="DrugDDI.d225" origId="Aliskiren"><sentence id="DrugDDI.d225.s0" origId="s0" text="Effects of Other Drugs on Aliskiren Based on in-vitro studies, aliskiren is metabolized by CYP 3A4."><entity id="DrugDDI.d225.s0.e0" origId="s0.p1" charOffset="17-22" type="drug" text="Drugs"/><entity id="DrugDDI.d225.s0.e1" origId="s0.p2" charOffset="26-35" type="drug" text="Aliskiren"/><entity id="DrugDDI.d225.s0.e2" origId="s0.p5" charOffset="63-72" type="drug" text="aliskiren"/><entity id="DrugDDI.d225.s0.e3" origId="s0.p8" charOffset="91-94" type="drug" text="CYP"/><pair id="DrugDDI.d225.s0.p0" e1="DrugDDI.d225.s0.e0" e2="DrugDDI.d225.s0.e1" interaction="false"/><pair id="DrugDDI.d225.s0.p1" e1="DrugDDI.d225.s0.e0" e2="DrugDDI.d225.s0.e2" interaction="false"/><pair id="DrugDDI.d225.s0.p2" e1="DrugDDI.d225.s0.e0" e2="DrugDDI.d225.s0.e3" interaction="false"/><pair id="DrugDDI.d225.s0.p3" e1="DrugDDI.d225.s0.e1" e2="DrugDDI.d225.s0.e2" interaction="false"/><pair id="DrugDDI.d225.s0.p4" e1="DrugDDI.d225.s0.e1" e2="DrugDDI.d225.s0.e3" interaction="false"/><pair id="DrugDDI.d225.s0.p5" e1="DrugDDI.d225.s0.e2" e2="DrugDDI.d225.s0.e3" interaction="true"/></sentence><sentence id="DrugDDI.d225.s1" origId="s1" text="Co-administration of lovastatin, atenolol, warfarin, furosemide, digoxin, celecoxib, hydrochlorothiazide, ramapril, valsartan, metformin and amlodipine did not result in clinically significant increases in aliskiren exposure."><entity id="DrugDDI.d225.s1.e0" origId="s1.p10" charOffset="21-31" type="drug" text="lovastatin"/><entity id="DrugDDI.d225.s1.e1" origId="s1.p11" charOffset="33-41" type="drug" text="atenolol"/><entity id="DrugDDI.d225.s1.e2" origId="s1.p12" charOffset="43-51" type="drug" text="warfarin"/><entity id="DrugDDI.d225.s1.e3" origId="s1.p13" charOffset="53-63" type="drug" text="furosemide"/><entity id="DrugDDI.d225.s1.e4" origId="s1.p14" charOffset="65-72" type="drug" text="digoxin"/><entity id="DrugDDI.d225.s1.e5" origId="s1.p15" charOffset="74-83" type="drug" text="celecoxib"/><entity id="DrugDDI.d225.s1.e6" origId="s1.p16" charOffset="85-104" type="drug" text="hydrochlorothiazide"/><entity id="DrugDDI.d225.s1.e7" origId="s1.p18" charOffset="116-125" type="drug" text="valsartan"/><entity id="DrugDDI.d225.s1.e8" origId="s1.p19" charOffset="127-136" type="drug" text="metformin"/><entity id="DrugDDI.d225.s1.e9" origId="s1.p21" charOffset="141-151" type="drug" text="amlodipine"/><entity id="DrugDDI.d225.s1.e10" origId="s1.p26" charOffset="206-215" type="drug" text="aliskiren"/><pair id="DrugDDI.d225.s1.p0" e1="DrugDDI.d225.s1.e0" e2="DrugDDI.d225.s1.e1" interaction="false"/><pair id="DrugDDI.d225.s1.p1" e1="DrugDDI.d225.s1.e0" e2="DrugDDI.d225.s1.e2" interaction="false"/><pair id="DrugDDI.d225.s1.p2" e1="DrugDDI.d225.s1.e0" e2="DrugDDI.d225.s1.e3" interaction="false"/><pair id="DrugDDI.d225.s1.p3" e1="DrugDDI.d225.s1.e0" e2="DrugDDI.d225.s1.e4" interaction="false"/><pair id="DrugDDI.d225.s1.p4" e1="DrugDDI.d225.s1.e0" e2="DrugDDI.d225.s1.e5" interaction="false"/><pair id="DrugDDI.d225.s1.p5" e1="DrugDDI.d225.s1.e0" e2="DrugDDI.d225.s1.e6" interaction="false"/><pair id="DrugDDI.d225.s1.p6" e1="DrugDDI.d225.s1.e0" e2="DrugDDI.d225.s1.e7" interaction="false"/><pair id="DrugDDI.d225.s1.p7" e1="DrugDDI.d225.s1.e0" e2="DrugDDI.d225.s1.e8" interaction="false"/><pair id="DrugDDI.d225.s1.p8" e1="DrugDDI.d225.s1.e0" e2="DrugDDI.d225.s1.e9" interaction="false"/><pair id="DrugDDI.d225.s1.p9" e1="DrugDDI.d225.s1.e0" e2="DrugDDI.d225.s1.e10" interaction="false"/><pair id="DrugDDI.d225.s1.p10" e1="DrugDDI.d225.s1.e1" e2="DrugDDI.d225.s1.e2" interaction="false"/><pair id="DrugDDI.d225.s1.p11" e1="DrugDDI.d225.s1.e1" e2="DrugDDI.d225.s1.e3" interaction="false"/><pair id="DrugDDI.d225.s1.p12" e1="DrugDDI.d225.s1.e1" e2="DrugDDI.d225.s1.e4" interaction="false"/><pair id="DrugDDI.d225.s1.p13" e1="DrugDDI.d225.s1.e1" e2="DrugDDI.d225.s1.e5" interaction="false"/><pair id="DrugDDI.d225.s1.p14" e1="DrugDDI.d225.s1.e1" e2="DrugDDI.d225.s1.e6" interaction="false"/><pair id="DrugDDI.d225.s1.p15" e1="DrugDDI.d225.s1.e1" e2="DrugDDI.d225.s1.e7" interaction="false"/><pair id="DrugDDI.d225.s1.p16" e1="DrugDDI.d225.s1.e1" e2="DrugDDI.d225.s1.e8" interaction="false"/><pair id="DrugDDI.d225.s1.p17" e1="DrugDDI.d225.s1.e1" e2="DrugDDI.d225.s1.e9" interaction="false"/><pair id="DrugDDI.d225.s1.p18" e1="DrugDDI.d225.s1.e1" e2="DrugDDI.d225.s1.e10" interaction="false"/><pair id="DrugDDI.d225.s1.p19" e1="DrugDDI.d225.s1.e2" e2="DrugDDI.d225.s1.e3" interaction="false"/><pair id="DrugDDI.d225.s1.p20" e1="DrugDDI.d225.s1.e2" e2="DrugDDI.d225.s1.e4" interaction="false"/><pair id="DrugDDI.d225.s1.p21" e1="DrugDDI.d225.s1.e2" e2="DrugDDI.d225.s1.e5" interaction="false"/><pair id="DrugDDI.d225.s1.p22" e1="DrugDDI.d225.s1.e2" e2="DrugDDI.d225.s1.e6" interaction="false"/><pair id="DrugDDI.d225.s1.p23" e1="DrugDDI.d225.s1.e2" e2="DrugDDI.d225.s1.e7" interaction="false"/><pair id="DrugDDI.d225.s1.p24" e1="DrugDDI.d225.s1.e2" e2="DrugDDI.d225.s1.e8" interaction="false"/><pair id="DrugDDI.d225.s1.p25" e1="DrugDDI.d225.s1.e2" e2="DrugDDI.d225.s1.e9" interaction="false"/><pair id="DrugDDI.d225.s1.p26" e1="DrugDDI.d225.s1.e2" e2="DrugDDI.d225.s1.e10" interaction="false"/><pair id="DrugDDI.d225.s1.p27" e1="DrugDDI.d225.s1.e3" e2="DrugDDI.d225.s1.e4" interaction="false"/><pair id="DrugDDI.d225.s1.p28" e1="DrugDDI.d225.s1.e3" e2="DrugDDI.d225.s1.e5" interaction="false"/><pair id="DrugDDI.d225.s1.p29" e1="DrugDDI.d225.s1.e3" e2="DrugDDI.d225.s1.e6" interaction="false"/><pair id="DrugDDI.d225.s1.p30" e1="DrugDDI.d225.s1.e3" e2="DrugDDI.d225.s1.e7" interaction="false"/><pair id="DrugDDI.d225.s1.p31" e1="DrugDDI.d225.s1.e3" e2="DrugDDI.d225.s1.e8" interaction="false"/><pair id="DrugDDI.d225.s1.p32" e1="DrugDDI.d225.s1.e3" e2="DrugDDI.d225.s1.e9" interaction="false"/><pair id="DrugDDI.d225.s1.p33" e1="DrugDDI.d225.s1.e3" e2="DrugDDI.d225.s1.e10" interaction="false"/><pair id="DrugDDI.d225.s1.p34" e1="DrugDDI.d225.s1.e4" e2="DrugDDI.d225.s1.e5" interaction="false"/><pair id="DrugDDI.d225.s1.p35" e1="DrugDDI.d225.s1.e4" e2="DrugDDI.d225.s1.e6" interaction="false"/><pair id="DrugDDI.d225.s1.p36" e1="DrugDDI.d225.s1.e4" e2="DrugDDI.d225.s1.e7" interaction="false"/><pair id="DrugDDI.d225.s1.p37" e1="DrugDDI.d225.s1.e4" e2="DrugDDI.d225.s1.e8" interaction="false"/><pair id="DrugDDI.d225.s1.p38" e1="DrugDDI.d225.s1.e4" e2="DrugDDI.d225.s1.e9" interaction="false"/><pair id="DrugDDI.d225.s1.p39" e1="DrugDDI.d225.s1.e4" e2="DrugDDI.d225.s1.e10" interaction="false"/><pair id="DrugDDI.d225.s1.p40" e1="DrugDDI.d225.s1.e5" e2="DrugDDI.d225.s1.e6" interaction="false"/><pair id="DrugDDI.d225.s1.p41" e1="DrugDDI.d225.s1.e5" e2="DrugDDI.d225.s1.e7" interaction="false"/><pair id="DrugDDI.d225.s1.p42" e1="DrugDDI.d225.s1.e5" e2="DrugDDI.d225.s1.e8" interaction="false"/><pair id="DrugDDI.d225.s1.p43" e1="DrugDDI.d225.s1.e5" e2="DrugDDI.d225.s1.e9" interaction="false"/><pair id="DrugDDI.d225.s1.p44" e1="DrugDDI.d225.s1.e5" e2="DrugDDI.d225.s1.e10" interaction="false"/><pair id="DrugDDI.d225.s1.p45" e1="DrugDDI.d225.s1.e6" e2="DrugDDI.d225.s1.e7" interaction="false"/><pair id="DrugDDI.d225.s1.p46" e1="DrugDDI.d225.s1.e6" e2="DrugDDI.d225.s1.e8" interaction="false"/><pair id="DrugDDI.d225.s1.p47" e1="DrugDDI.d225.s1.e6" e2="DrugDDI.d225.s1.e9" interaction="false"/><pair id="DrugDDI.d225.s1.p48" e1="DrugDDI.d225.s1.e6" e2="DrugDDI.d225.s1.e10" interaction="false"/><pair id="DrugDDI.d225.s1.p49" e1="DrugDDI.d225.s1.e7" e2="DrugDDI.d225.s1.e8" interaction="false"/><pair id="DrugDDI.d225.s1.p50" e1="DrugDDI.d225.s1.e7" e2="DrugDDI.d225.s1.e9" interaction="false"/><pair id="DrugDDI.d225.s1.p51" e1="DrugDDI.d225.s1.e7" e2="DrugDDI.d225.s1.e10" interaction="false"/><pair id="DrugDDI.d225.s1.p52" e1="DrugDDI.d225.s1.e8" e2="DrugDDI.d225.s1.e9" interaction="false"/><pair id="DrugDDI.d225.s1.p53" e1="DrugDDI.d225.s1.e8" e2="DrugDDI.d225.s1.e10" interaction="false"/><pair id="DrugDDI.d225.s1.p54" e1="DrugDDI.d225.s1.e9" e2="DrugDDI.d225.s1.e10" interaction="false"/></sentence><sentence id="DrugDDI.d225.s2" origId="s2" text="Co-administration of irbesartan reduced aliskiren Cmax up to 50% after multiple dosing."><entity id="DrugDDI.d225.s2.e0" origId="s2.p28" charOffset="21-31" type="drug" text="irbesartan"/><entity id="DrugDDI.d225.s2.e1" origId="s2.p30" charOffset="40-49" type="drug" text="aliskiren"/><pair id="DrugDDI.d225.s2.p0" e1="DrugDDI.d225.s2.e0" e2="DrugDDI.d225.s2.e1" interaction="true"/></sentence><sentence id="DrugDDI.d225.s3" origId="s3" text="Co-administration of atorvastatin resulted in about a 50% increase in aliskiren Cmax and AUC after multiple dosing."><entity id="DrugDDI.d225.s3.e0" origId="s3.p34" charOffset="21-33" type="drug" text="atorvastatin"/><entity id="DrugDDI.d225.s3.e1" origId="s3.p37" charOffset="70-79" type="drug" text="aliskiren"/><pair id="DrugDDI.d225.s3.p0" e1="DrugDDI.d225.s3.e0" e2="DrugDDI.d225.s3.e1" interaction="true"/></sentence><sentence id="DrugDDI.d225.s4" origId="s4" text="Ketoconazole Co-administration of 200 mg twice-daily ketoconazole with aliskiren resulted in an approximate 80% increase in plasma levels of aliskiren."><entity id="DrugDDI.d225.s4.e0" origId="s4.p41" charOffset="0-12" type="drug" text="Ketoconazole"/><entity id="DrugDDI.d225.s4.e1" origId="s4.p42" charOffset="53-65" type="drug" text="ketoconazole"/><entity id="DrugDDI.d225.s4.e2" origId="s4.p43" charOffset="71-80" type="drug" text="aliskiren"/><entity id="DrugDDI.d225.s4.e3" origId="s4.p47" charOffset="141-150" type="drug" text="aliskiren"/><pair id="DrugDDI.d225.s4.p0" e1="DrugDDI.d225.s4.e0" e2="DrugDDI.d225.s4.e1" interaction="false"/><pair id="DrugDDI.d225.s4.p1" e1="DrugDDI.d225.s4.e0" e2="DrugDDI.d225.s4.e2" interaction="false"/><pair id="DrugDDI.d225.s4.p2" e1="DrugDDI.d225.s4.e0" e2="DrugDDI.d225.s4.e3" interaction="false"/><pair id="DrugDDI.d225.s4.p3" e1="DrugDDI.d225.s4.e1" e2="DrugDDI.d225.s4.e2" interaction="true"/><pair id="DrugDDI.d225.s4.p4" e1="DrugDDI.d225.s4.e1" e2="DrugDDI.d225.s4.e3" interaction="false"/><pair id="DrugDDI.d225.s4.p5" e1="DrugDDI.d225.s4.e2" e2="DrugDDI.d225.s4.e3" interaction="false"/></sentence><sentence id="DrugDDI.d225.s5" origId="s5" text="A 400 mg once-daily dose was not studied but would be expected to increase aliskiren blood levels further."><entity id="DrugDDI.d225.s5.e0" origId="s5.p60" charOffset="75-84" type="drug" text="aliskiren"/></sentence><sentence id="DrugDDI.d225.s6" origId="s6" text="Effects of Aliskiren on Other Drugs Aliskiren does not inhibit the CYP450 isoenzymes (CYP1A2, 2C8, 2C9, 2C19, 2D6, 2E1, and CYP 3A) or induce CYP 3A4."><entity id="DrugDDI.d225.s6.e0" origId="s6.p62" charOffset="11-20" type="drug" text="Aliskiren"/><entity id="DrugDDI.d225.s6.e1" origId="s6.p63" charOffset="30-35" type="drug" text="Drugs"/><entity id="DrugDDI.d225.s6.e2" origId="s6.p67" charOffset="74-84" type="drug" text="isoenzymes"/><entity id="DrugDDI.d225.s6.e3" origId="s6.p69" charOffset="86-92" type="drug" text="CYP1A2"/><entity id="DrugDDI.d225.s6.e4" origId="s6.p76" charOffset="124-127" type="drug" text="CYP"/><entity id="DrugDDI.d225.s6.e5" origId="s6.p80" charOffset="142-145" type="drug" text="CYP"/><pair id="DrugDDI.d225.s6.p0" e1="DrugDDI.d225.s6.e0" e2="DrugDDI.d225.s6.e1" interaction="false"/><pair id="DrugDDI.d225.s6.p1" e1="DrugDDI.d225.s6.e0" e2="DrugDDI.d225.s6.e2" interaction="false"/><pair id="DrugDDI.d225.s6.p2" e1="DrugDDI.d225.s6.e0" e2="DrugDDI.d225.s6.e3" interaction="false"/><pair id="DrugDDI.d225.s6.p3" e1="DrugDDI.d225.s6.e0" e2="DrugDDI.d225.s6.e4" interaction="false"/><pair id="DrugDDI.d225.s6.p4" e1="DrugDDI.d225.s6.e0" e2="DrugDDI.d225.s6.e5" interaction="false"/><pair id="DrugDDI.d225.s6.p5" e1="DrugDDI.d225.s6.e1" e2="DrugDDI.d225.s6.e2" interaction="false"/><pair id="DrugDDI.d225.s6.p6" e1="DrugDDI.d225.s6.e1" e2="DrugDDI.d225.s6.e3" interaction="false"/><pair id="DrugDDI.d225.s6.p7" e1="DrugDDI.d225.s6.e1" e2="DrugDDI.d225.s6.e4" interaction="false"/><pair id="DrugDDI.d225.s6.p8" e1="DrugDDI.d225.s6.e1" e2="DrugDDI.d225.s6.e5" interaction="false"/><pair id="DrugDDI.d225.s6.p9" e1="DrugDDI.d225.s6.e2" e2="DrugDDI.d225.s6.e3" interaction="false"/><pair id="DrugDDI.d225.s6.p10" e1="DrugDDI.d225.s6.e2" e2="DrugDDI.d225.s6.e4" interaction="false"/><pair id="DrugDDI.d225.s6.p11" e1="DrugDDI.d225.s6.e2" e2="DrugDDI.d225.s6.e5" interaction="false"/><pair id="DrugDDI.d225.s6.p12" e1="DrugDDI.d225.s6.e3" e2="DrugDDI.d225.s6.e4" interaction="false"/><pair id="DrugDDI.d225.s6.p13" e1="DrugDDI.d225.s6.e3" e2="DrugDDI.d225.s6.e5" interaction="false"/><pair id="DrugDDI.d225.s6.p14" e1="DrugDDI.d225.s6.e4" e2="DrugDDI.d225.s6.e5" interaction="false"/></sentence><sentence id="DrugDDI.d225.s7" origId="s7" text="Co-administration of aliskiren did not significantly affect the pharmacokinetics of lovastatin, digoxin, valsartan, amlodipine, metformin, celecoxib, atenolol, atorvastatin, ramipril or hydrochlorothiazide."><entity id="DrugDDI.d225.s7.e0" origId="s7.p82" charOffset="21-30" type="drug" text="aliskiren"/><entity id="DrugDDI.d225.s7.e1" origId="s7.p87" charOffset="84-94" type="drug" text="lovastatin"/><entity id="DrugDDI.d225.s7.e2" origId="s7.p88" charOffset="96-103" type="drug" text="digoxin"/><entity id="DrugDDI.d225.s7.e3" origId="s7.p89" charOffset="105-114" type="drug" text="valsartan"/><entity id="DrugDDI.d225.s7.e4" origId="s7.p90" charOffset="116-126" type="drug" text="amlodipine"/><entity id="DrugDDI.d225.s7.e5" origId="s7.p91" charOffset="128-137" type="drug" text="metformin"/><entity id="DrugDDI.d225.s7.e6" origId="s7.p92" charOffset="139-148" type="drug" text="celecoxib"/><entity id="DrugDDI.d225.s7.e7" origId="s7.p93" charOffset="150-158" type="drug" text="atenolol"/><entity id="DrugDDI.d225.s7.e8" origId="s7.p94" charOffset="160-172" type="drug" text="atorvastatin"/><entity id="DrugDDI.d225.s7.e9" origId="s7.p95" charOffset="174-182" type="drug" text="ramipril"/><entity id="DrugDDI.d225.s7.e10" origId="s7.p97" charOffset="186-205" type="drug" text="hydrochlorothiazide"/><pair id="DrugDDI.d225.s7.p0" e1="DrugDDI.d225.s7.e0" e2="DrugDDI.d225.s7.e1" interaction="false"/><pair id="DrugDDI.d225.s7.p1" e1="DrugDDI.d225.s7.e0" e2="DrugDDI.d225.s7.e2" interaction="false"/><pair id="DrugDDI.d225.s7.p2" e1="DrugDDI.d225.s7.e0" e2="DrugDDI.d225.s7.e3" interaction="false"/><pair id="DrugDDI.d225.s7.p3" e1="DrugDDI.d225.s7.e0" e2="DrugDDI.d225.s7.e4" interaction="false"/><pair id="DrugDDI.d225.s7.p4" e1="DrugDDI.d225.s7.e0" e2="DrugDDI.d225.s7.e5" interaction="false"/><pair id="DrugDDI.d225.s7.p5" e1="DrugDDI.d225.s7.e0" e2="DrugDDI.d225.s7.e6" interaction="false"/><pair id="DrugDDI.d225.s7.p6" e1="DrugDDI.d225.s7.e0" e2="DrugDDI.d225.s7.e7" interaction="false"/><pair id="DrugDDI.d225.s7.p7" e1="DrugDDI.d225.s7.e0" e2="DrugDDI.d225.s7.e8" interaction="false"/><pair id="DrugDDI.d225.s7.p8" e1="DrugDDI.d225.s7.e0" e2="DrugDDI.d225.s7.e9" interaction="false"/><pair id="DrugDDI.d225.s7.p9" e1="DrugDDI.d225.s7.e0" e2="DrugDDI.d225.s7.e10" interaction="false"/><pair id="DrugDDI.d225.s7.p10" e1="DrugDDI.d225.s7.e1" e2="DrugDDI.d225.s7.e2" interaction="false"/><pair id="DrugDDI.d225.s7.p11" e1="DrugDDI.d225.s7.e1" e2="DrugDDI.d225.s7.e3" interaction="false"/><pair id="DrugDDI.d225.s7.p12" e1="DrugDDI.d225.s7.e1" e2="DrugDDI.d225.s7.e4" interaction="false"/><pair id="DrugDDI.d225.s7.p13" e1="DrugDDI.d225.s7.e1" e2="DrugDDI.d225.s7.e5" interaction="false"/><pair id="DrugDDI.d225.s7.p14" e1="DrugDDI.d225.s7.e1" e2="DrugDDI.d225.s7.e6" interaction="false"/><pair id="DrugDDI.d225.s7.p15" e1="DrugDDI.d225.s7.e1" e2="DrugDDI.d225.s7.e7" interaction="false"/><pair id="DrugDDI.d225.s7.p16" e1="DrugDDI.d225.s7.e1" e2="DrugDDI.d225.s7.e8" interaction="false"/><pair id="DrugDDI.d225.s7.p17" e1="DrugDDI.d225.s7.e1" e2="DrugDDI.d225.s7.e9" interaction="false"/><pair id="DrugDDI.d225.s7.p18" e1="DrugDDI.d225.s7.e1" e2="DrugDDI.d225.s7.e10" interaction="false"/><pair id="DrugDDI.d225.s7.p19" e1="DrugDDI.d225.s7.e2" e2="DrugDDI.d225.s7.e3" interaction="false"/><pair id="DrugDDI.d225.s7.p20" e1="DrugDDI.d225.s7.e2" e2="DrugDDI.d225.s7.e4" interaction="false"/><pair id="DrugDDI.d225.s7.p21" e1="DrugDDI.d225.s7.e2" e2="DrugDDI.d225.s7.e5" interaction="false"/><pair id="DrugDDI.d225.s7.p22" e1="DrugDDI.d225.s7.e2" e2="DrugDDI.d225.s7.e6" interaction="false"/><pair id="DrugDDI.d225.s7.p23" e1="DrugDDI.d225.s7.e2" e2="DrugDDI.d225.s7.e7" interaction="false"/><pair id="DrugDDI.d225.s7.p24" e1="DrugDDI.d225.s7.e2" e2="DrugDDI.d225.s7.e8" interaction="false"/><pair id="DrugDDI.d225.s7.p25" e1="DrugDDI.d225.s7.e2" e2="DrugDDI.d225.s7.e9" interaction="false"/><pair id="DrugDDI.d225.s7.p26" e1="DrugDDI.d225.s7.e2" e2="DrugDDI.d225.s7.e10" interaction="false"/><pair id="DrugDDI.d225.s7.p27" e1="DrugDDI.d225.s7.e3" e2="DrugDDI.d225.s7.e4" interaction="false"/><pair id="DrugDDI.d225.s7.p28" e1="DrugDDI.d225.s7.e3" e2="DrugDDI.d225.s7.e5" interaction="false"/><pair id="DrugDDI.d225.s7.p29" e1="DrugDDI.d225.s7.e3" e2="DrugDDI.d225.s7.e6" interaction="false"/><pair id="DrugDDI.d225.s7.p30" e1="DrugDDI.d225.s7.e3" e2="DrugDDI.d225.s7.e7" interaction="false"/><pair id="DrugDDI.d225.s7.p31" e1="DrugDDI.d225.s7.e3" e2="DrugDDI.d225.s7.e8" interaction="false"/><pair id="DrugDDI.d225.s7.p32" e1="DrugDDI.d225.s7.e3" e2="DrugDDI.d225.s7.e9" interaction="false"/><pair id="DrugDDI.d225.s7.p33" e1="DrugDDI.d225.s7.e3" e2="DrugDDI.d225.s7.e10" interaction="false"/><pair id="DrugDDI.d225.s7.p34" e1="DrugDDI.d225.s7.e4" e2="DrugDDI.d225.s7.e5" interaction="false"/><pair id="DrugDDI.d225.s7.p35" e1="DrugDDI.d225.s7.e4" e2="DrugDDI.d225.s7.e6" interaction="false"/><pair id="DrugDDI.d225.s7.p36" e1="DrugDDI.d225.s7.e4" e2="DrugDDI.d225.s7.e7" interaction="false"/><pair id="DrugDDI.d225.s7.p37" e1="DrugDDI.d225.s7.e4" e2="DrugDDI.d225.s7.e8" interaction="false"/><pair id="DrugDDI.d225.s7.p38" e1="DrugDDI.d225.s7.e4" e2="DrugDDI.d225.s7.e9" interaction="false"/><pair id="DrugDDI.d225.s7.p39" e1="DrugDDI.d225.s7.e4" e2="DrugDDI.d225.s7.e10" interaction="false"/><pair id="DrugDDI.d225.s7.p40" e1="DrugDDI.d225.s7.e5" e2="DrugDDI.d225.s7.e6" interaction="false"/><pair id="DrugDDI.d225.s7.p41" e1="DrugDDI.d225.s7.e5" e2="DrugDDI.d225.s7.e7" interaction="false"/><pair id="DrugDDI.d225.s7.p42" e1="DrugDDI.d225.s7.e5" e2="DrugDDI.d225.s7.e8" interaction="false"/><pair id="DrugDDI.d225.s7.p43" e1="DrugDDI.d225.s7.e5" e2="DrugDDI.d225.s7.e9" interaction="false"/><pair id="DrugDDI.d225.s7.p44" e1="DrugDDI.d225.s7.e5" e2="DrugDDI.d225.s7.e10" interaction="false"/><pair id="DrugDDI.d225.s7.p45" e1="DrugDDI.d225.s7.e6" e2="DrugDDI.d225.s7.e7" interaction="false"/><pair id="DrugDDI.d225.s7.p46" e1="DrugDDI.d225.s7.e6" e2="DrugDDI.d225.s7.e8" interaction="false"/><pair id="DrugDDI.d225.s7.p47" e1="DrugDDI.d225.s7.e6" e2="DrugDDI.d225.s7.e9" interaction="false"/><pair id="DrugDDI.d225.s7.p48" e1="DrugDDI.d225.s7.e6" e2="DrugDDI.d225.s7.e10" interaction="false"/><pair id="DrugDDI.d225.s7.p49" e1="DrugDDI.d225.s7.e7" e2="DrugDDI.d225.s7.e8" interaction="false"/><pair id="DrugDDI.d225.s7.p50" e1="DrugDDI.d225.s7.e7" e2="DrugDDI.d225.s7.e9" interaction="false"/><pair id="DrugDDI.d225.s7.p51" e1="DrugDDI.d225.s7.e7" e2="DrugDDI.d225.s7.e10" interaction="false"/><pair id="DrugDDI.d225.s7.p52" e1="DrugDDI.d225.s7.e8" e2="DrugDDI.d225.s7.e9" interaction="false"/><pair id="DrugDDI.d225.s7.p53" e1="DrugDDI.d225.s7.e8" e2="DrugDDI.d225.s7.e10" interaction="false"/><pair id="DrugDDI.d225.s7.p54" e1="DrugDDI.d225.s7.e9" e2="DrugDDI.d225.s7.e10" interaction="false"/></sentence><sentence id="DrugDDI.d225.s8" origId="s8" text="Warfarin The effects of aliskiren on warfarin pharmacokinetics have not been evaluated in a well-controlled clinical trial."><entity id="DrugDDI.d225.s8.e0" origId="s8.p98" charOffset="0-8" type="drug" text="Warfarin"/><entity id="DrugDDI.d225.s8.e1" origId="s8.p99" charOffset="24-33" type="drug" text="aliskiren"/><entity id="DrugDDI.d225.s8.e2" origId="s8.p100" charOffset="37-45" type="drug" text="warfarin"/><pair id="DrugDDI.d225.s8.p0" e1="DrugDDI.d225.s8.e0" e2="DrugDDI.d225.s8.e1" interaction="false"/><pair id="DrugDDI.d225.s8.p1" e1="DrugDDI.d225.s8.e0" e2="DrugDDI.d225.s8.e2" interaction="false"/><pair id="DrugDDI.d225.s8.p2" e1="DrugDDI.d225.s8.e1" e2="DrugDDI.d225.s8.e2" interaction="false"/></sentence><sentence id="DrugDDI.d225.s9" origId="s9" text="Furosemide When aliskiren was co-administered with furosemide, the AUC and Cmax of furosemide were reduced by about 30% and 50%, respectively."><entity id="DrugDDI.d225.s9.e0" origId="s9.p106" charOffset="0-10" type="drug" text="Furosemide"/><entity id="DrugDDI.d225.s9.e1" origId="s9.p108" charOffset="16-25" type="drug" text="aliskiren"/><entity id="DrugDDI.d225.s9.e2" origId="s9.p111" charOffset="51-62" type="drug" text="furosemide"/><entity id="DrugDDI.d225.s9.e3" origId="s9.p115" charOffset="83-94" type="drug" text="furosemide"/><pair id="DrugDDI.d225.s9.p0" e1="DrugDDI.d225.s9.e0" e2="DrugDDI.d225.s9.e1" interaction="false"/><pair id="DrugDDI.d225.s9.p1" e1="DrugDDI.d225.s9.e0" e2="DrugDDI.d225.s9.e2" interaction="false"/><pair id="DrugDDI.d225.s9.p2" e1="DrugDDI.d225.s9.e0" e2="DrugDDI.d225.s9.e3" interaction="false"/><pair id="DrugDDI.d225.s9.p3" e1="DrugDDI.d225.s9.e1" e2="DrugDDI.d225.s9.e2" interaction="true"/><pair id="DrugDDI.d225.s9.p4" e1="DrugDDI.d225.s9.e1" e2="DrugDDI.d225.s9.e3" interaction="false"/><pair id="DrugDDI.d225.s9.p5" e1="DrugDDI.d225.s9.e2" e2="DrugDDI.d225.s9.e3" interaction="false"/></sentence></document>