<?xml version="1.0" encoding="UTF-8"?>
<document id="DrugDDI.d447" origId="Alitretinoin"><sentence id="DrugDDI.d447.s0" origId="s0" text="Patients who are applying Panretin? gel should not concurrently use products that contain DEET (N, N-diethyl-m-toluamide), a common component of insect repellent products."><entity id="DrugDDI.d447.s0.e0" origId="s0.p8" charOffset="90-94" type="drug" text="DEET"/><entity id="DrugDDI.d447.s0.e1" origId="s0.p11" charOffset="99-121" type="drug" text="N-diethyl-m-toluamide"/><pair id="DrugDDI.d447.s0.p0" e1="DrugDDI.d447.s0.e0" e2="DrugDDI.d447.s0.e1" interaction="false"/></sentence><sentence id="DrugDDI.d447.s1" origId="s1" text="Animal toxicology studies showed increased DEET toxicity when DEET was included as proof of the formulation."><entity id="DrugDDI.d447.s1.e0" origId="s1.p18" charOffset="43-47" type="drug" text="DEET"/><entity id="DrugDDI.d447.s1.e1" origId="s1.p20" charOffset="62-66" type="drug" text="DEET"/><pair id="DrugDDI.d447.s1.p0" e1="DrugDDI.d447.s1.e0" e2="DrugDDI.d447.s1.e1" interaction="false"/></sentence><sentence id="DrugDDI.d447.s2" origId="s2" text="Although there was no clinical evidence in the vehicle-controlled studies of drug interactions with systemic antiretroviral agents, including protease inhibitors, macrolide antibiotics, and azole antifungals, the effect of Panretin? gel on the steady-state concentrations of these drugs is not known."><entity id="DrugDDI.d447.s2.e0" origId="s2.p31" charOffset="109-130" type="drug" text="antiretroviral agents"/><entity id="DrugDDI.d447.s2.e1" origId="s2.p33" charOffset="142-161" type="drug" text="protease inhibitors"/><entity id="DrugDDI.d447.s2.e2" origId="s2.p34" charOffset="163-184" type="drug" text="macrolide antibiotics"/><entity id="DrugDDI.d447.s2.e3" origId="s2.p36" charOffset="190-207" type="drug" text="azole antifungals"/><entity id="DrugDDI.d447.s2.e4" origId="s2.p40" charOffset="281-286" type="drug" text="drugs"/><pair id="DrugDDI.d447.s2.p0" e1="DrugDDI.d447.s2.e0" e2="DrugDDI.d447.s2.e1" interaction="false"/><pair id="DrugDDI.d447.s2.p1" e1="DrugDDI.d447.s2.e0" e2="DrugDDI.d447.s2.e2" interaction="false"/><pair id="DrugDDI.d447.s2.p2" e1="DrugDDI.d447.s2.e0" e2="DrugDDI.d447.s2.e3" interaction="false"/><pair id="DrugDDI.d447.s2.p3" e1="DrugDDI.d447.s2.e0" e2="DrugDDI.d447.s2.e4" interaction="false"/><pair id="DrugDDI.d447.s2.p4" e1="DrugDDI.d447.s2.e1" e2="DrugDDI.d447.s2.e2" interaction="false"/><pair id="DrugDDI.d447.s2.p5" e1="DrugDDI.d447.s2.e1" e2="DrugDDI.d447.s2.e3" interaction="false"/><pair id="DrugDDI.d447.s2.p6" e1="DrugDDI.d447.s2.e1" e2="DrugDDI.d447.s2.e4" interaction="false"/><pair id="DrugDDI.d447.s2.p7" e1="DrugDDI.d447.s2.e2" e2="DrugDDI.d447.s2.e3" interaction="false"/><pair id="DrugDDI.d447.s2.p8" e1="DrugDDI.d447.s2.e2" e2="DrugDDI.d447.s2.e4" interaction="false"/><pair id="DrugDDI.d447.s2.p9" e1="DrugDDI.d447.s2.e3" e2="DrugDDI.d447.s2.e4" interaction="false"/></sentence><sentence id="DrugDDI.d447.s3" origId="s3" text="No drug interaction data are available on concomitant administration of Panretin? gel and systemic anti-KS agents."/></document>