<?xml version="1.0" encoding="UTF-8"?>
<document id="DrugDDI.d6" origId="Alosetron"><sentence id="DrugDDI.d6.s0" origId="s0" text="Because alosetron is metabolized by a variety of hepatic CYP drug-metabolizing enzymes, inducers or inhibitors of these enzymes may change the clearance of alosetron."><entity id="DrugDDI.d6.s0.e0" origId="s0.p1" charOffset="8-17" type="drug" text="alosetron"/><entity id="DrugDDI.d6.s0.e1" origId="s0.p13" charOffset="156-165" type="drug" text="alosetron"/><pair id="DrugDDI.d6.s0.p0" e1="DrugDDI.d6.s0.e0" e2="DrugDDI.d6.s0.e1" interaction="false"/></sentence><sentence id="DrugDDI.d6.s1" origId="s1" text="Fluvoxamine is a known strong inhibitor of CYP1A2 and also inhibits CYP3A4, CYP2C9, and CYP2C19."><entity id="DrugDDI.d6.s1.e0" origId="s1.p14" charOffset="0-11" type="drug" text="Fluvoxamine"/><entity id="DrugDDI.d6.s1.e1" origId="s1.p17" charOffset="43-49" type="drug" text="CYP1A2"/><entity id="DrugDDI.d6.s1.e2" origId="s1.p21" charOffset="68-74" type="drug" text="CYP3A4"/><entity id="DrugDDI.d6.s1.e3" origId="s1.p22" charOffset="76-82" type="drug" text="CYP2C9"/><entity id="DrugDDI.d6.s1.e4" origId="s1.p24" charOffset="88-95" type="drug" text="CYP2C19"/><pair id="DrugDDI.d6.s1.p0" e1="DrugDDI.d6.s1.e0" e2="DrugDDI.d6.s1.e1" interaction="true"/><pair id="DrugDDI.d6.s1.p1" e1="DrugDDI.d6.s1.e0" e2="DrugDDI.d6.s1.e2" interaction="true"/><pair id="DrugDDI.d6.s1.p2" e1="DrugDDI.d6.s1.e0" e2="DrugDDI.d6.s1.e3" interaction="true"/><pair id="DrugDDI.d6.s1.p3" e1="DrugDDI.d6.s1.e0" e2="DrugDDI.d6.s1.e4" interaction="true"/><pair id="DrugDDI.d6.s1.p4" e1="DrugDDI.d6.s1.e1" e2="DrugDDI.d6.s1.e2" interaction="false"/><pair id="DrugDDI.d6.s1.p5" e1="DrugDDI.d6.s1.e1" e2="DrugDDI.d6.s1.e3" interaction="false"/><pair id="DrugDDI.d6.s1.p6" e1="DrugDDI.d6.s1.e1" e2="DrugDDI.d6.s1.e4" interaction="false"/><pair id="DrugDDI.d6.s1.p7" e1="DrugDDI.d6.s1.e2" e2="DrugDDI.d6.s1.e3" interaction="false"/><pair id="DrugDDI.d6.s1.p8" e1="DrugDDI.d6.s1.e2" e2="DrugDDI.d6.s1.e4" interaction="false"/><pair id="DrugDDI.d6.s1.p9" e1="DrugDDI.d6.s1.e3" e2="DrugDDI.d6.s1.e4" interaction="false"/></sentence><sentence id="DrugDDI.d6.s2" origId="s2" text="In a pharmacokinetic study, 40 healthy female subjects received fluvoxamine in escalating doses from 50 to 200 mg per day for 16 days, with coadministration of alosetron 1 mg on the last day."><entity id="DrugDDI.d6.s2.e0" origId="s2.p28" charOffset="64-75" type="drug" text="fluvoxamine"/><entity id="DrugDDI.d6.s2.e1" origId="s2.p35" charOffset="160-174" type="drug" text="alosetron 1 mg"/><pair id="DrugDDI.d6.s2.p0" e1="DrugDDI.d6.s2.e0" e2="DrugDDI.d6.s2.e1" interaction="false"/></sentence><sentence id="DrugDDI.d6.s3" origId="s3" text="Fluvoxamine increased mean alosetron plasma concentrations (AUC) approximately 6-fold and prolonged the half-life by approximately 3-fold."><entity id="DrugDDI.d6.s3.e0" origId="s3.p37" charOffset="0-11" type="drug" text="Fluvoxamine"/><entity id="DrugDDI.d6.s3.e1" origId="s3.p38" charOffset="27-36" type="drug" text="alosetron"/><pair id="DrugDDI.d6.s3.p0" e1="DrugDDI.d6.s3.e0" e2="DrugDDI.d6.s3.e1" interaction="true"/></sentence><sentence id="DrugDDI.d6.s4" origId="s4" text="Concomitant administration of alosetron and fluvoxamine is contraindicated."><entity id="DrugDDI.d6.s4.e0" origId="s4.p48" charOffset="30-39" type="drug" text="alosetron"/><entity id="DrugDDI.d6.s4.e1" origId="s4.p50" charOffset="44-55" type="drug" text="fluvoxamine"/><pair id="DrugDDI.d6.s4.p0" e1="DrugDDI.d6.s4.e0" e2="DrugDDI.d6.s4.e1" interaction="true"/></sentence><sentence id="DrugDDI.d6.s5" origId="s5" text="Concomitant administration of alosetron and moderate CYP1A2 inhibitors, including quinolone antibiotics and cimetidine, has not been evaluated, but should be avoided unless clinically necessary because of similar potential drug interactions."><entity id="DrugDDI.d6.s5.e0" origId="s5.p54" charOffset="30-39" type="drug" text="alosetron"/><entity id="DrugDDI.d6.s5.e1" origId="s5.p56" charOffset="53-59" type="drug" text="CYP1A2"/><entity id="DrugDDI.d6.s5.e2" origId="s5.p58" charOffset="82-102" type="drug" text="quinolone antibiotic"/><entity id="DrugDDI.d6.s5.e3" origId="s5.p60" charOffset="108-118" type="drug" text="cimetidine"/><pair id="DrugDDI.d6.s5.p0" e1="DrugDDI.d6.s5.e0" e2="DrugDDI.d6.s5.e1" interaction="true"/><pair id="DrugDDI.d6.s5.p1" e1="DrugDDI.d6.s5.e0" e2="DrugDDI.d6.s5.e2" interaction="false"/><pair id="DrugDDI.d6.s5.p2" e1="DrugDDI.d6.s5.e0" e2="DrugDDI.d6.s5.e3" interaction="true"/><pair id="DrugDDI.d6.s5.p3" e1="DrugDDI.d6.s5.e1" e2="DrugDDI.d6.s5.e2" interaction="false"/><pair id="DrugDDI.d6.s5.p4" e1="DrugDDI.d6.s5.e1" e2="DrugDDI.d6.s5.e3" interaction="false"/><pair id="DrugDDI.d6.s5.p5" e1="DrugDDI.d6.s5.e2" e2="DrugDDI.d6.s5.e3" interaction="false"/></sentence><sentence id="DrugDDI.d6.s6" origId="s6" text="Ketoconazole is a known strong inhibitor of CYP3A4."><entity id="DrugDDI.d6.s6.e0" origId="s6.p73" charOffset="0-12" type="drug" text="Ketoconazole"/><entity id="DrugDDI.d6.s6.e1" origId="s6.p76" charOffset="44-50" type="drug" text="CYP3A4"/><pair id="DrugDDI.d6.s6.p0" e1="DrugDDI.d6.s6.e0" e2="DrugDDI.d6.s6.e1" interaction="true"/></sentence><sentence id="DrugDDI.d6.s7" origId="s7" text="In a pharmacokinetic study, 38 healthy female subjects received ketoconazole 200 mg twice daily for 7 days, with coadministration of alosetron 1 mg on the last day."><entity id="DrugDDI.d6.s7.e0" origId="s7.p80" charOffset="64-83" type="drug" text="ketoconazole 200 mg"/><entity id="DrugDDI.d6.s7.e1" origId="s7.p83" charOffset="133-147" type="drug" text="alosetron 1 mg"/><pair id="DrugDDI.d6.s7.p0" e1="DrugDDI.d6.s7.e0" e2="DrugDDI.d6.s7.e1" interaction="false"/></sentence><sentence id="DrugDDI.d6.s8" origId="s8" text="Ketoconazole increased mean alosetron plasma concentrations (AUC) by 29%."><entity id="DrugDDI.d6.s8.e0" origId="s8.p85" charOffset="0-12" type="drug" text="Ketoconazole"/><entity id="DrugDDI.d6.s8.e1" origId="s8.p87" charOffset="28-37" type="drug" text="alosetron"/><pair id="DrugDDI.d6.s8.p0" e1="DrugDDI.d6.s8.e0" e2="DrugDDI.d6.s8.e1" interaction="true"/></sentence><sentence id="DrugDDI.d6.s9" origId="s9" text="Caution should be used when alosetron and ketoconazole are administered concomitantly."><entity id="DrugDDI.d6.s9.e0" origId="s9.p97" charOffset="28-37" type="drug" text="alosetron"/><entity id="DrugDDI.d6.s9.e1" origId="s9.p99" charOffset="42-54" type="drug" text="ketoconazole"/><pair id="DrugDDI.d6.s9.p0" e1="DrugDDI.d6.s9.e0" e2="DrugDDI.d6.s9.e1" interaction="true"/></sentence><sentence id="DrugDDI.d6.s10" origId="s10" text="Coadministration of alosetron and strong CYP3A4 inhibitors, such as clarithromycin, telithromycin, protease inhibitors, voriconazole, and itraconazole has not been evaluated but should be undertaken with caution because of similar potential drug interactions."><entity id="DrugDDI.d6.s10.e0" origId="s10.p104" charOffset="20-29" type="drug" text="alosetron"/><entity id="DrugDDI.d6.s10.e1" origId="s10.p106" charOffset="41-47" type="drug" text="CYP3A4"/><entity id="DrugDDI.d6.s10.e2" origId="s10.p107" charOffset="68-82" type="drug" text="clarithromycin"/><entity id="DrugDDI.d6.s10.e3" origId="s10.p108" charOffset="84-97" type="drug" text="telithromycin"/><entity id="DrugDDI.d6.s10.e4" origId="s10.p109" charOffset="99-118" type="drug" text="protease inhibitors"/><entity id="DrugDDI.d6.s10.e5" origId="s10.p110" charOffset="120-132" type="drug" text="voriconazole"/><entity id="DrugDDI.d6.s10.e6" origId="s10.p112" charOffset="138-150" type="drug" text="itraconazole"/><pair id="DrugDDI.d6.s10.p0" e1="DrugDDI.d6.s10.e0" e2="DrugDDI.d6.s10.e1" interaction="false"/><pair id="DrugDDI.d6.s10.p1" e1="DrugDDI.d6.s10.e0" e2="DrugDDI.d6.s10.e2" interaction="false"/><pair id="DrugDDI.d6.s10.p2" e1="DrugDDI.d6.s10.e0" e2="DrugDDI.d6.s10.e3" interaction="false"/><pair id="DrugDDI.d6.s10.p3" e1="DrugDDI.d6.s10.e0" e2="DrugDDI.d6.s10.e4" interaction="false"/><pair id="DrugDDI.d6.s10.p4" e1="DrugDDI.d6.s10.e0" e2="DrugDDI.d6.s10.e5" interaction="false"/><pair id="DrugDDI.d6.s10.p5" e1="DrugDDI.d6.s10.e0" e2="DrugDDI.d6.s10.e6" interaction="false"/><pair id="DrugDDI.d6.s10.p6" e1="DrugDDI.d6.s10.e1" e2="DrugDDI.d6.s10.e2" interaction="false"/><pair id="DrugDDI.d6.s10.p7" e1="DrugDDI.d6.s10.e1" e2="DrugDDI.d6.s10.e3" interaction="false"/><pair id="DrugDDI.d6.s10.p8" e1="DrugDDI.d6.s10.e1" e2="DrugDDI.d6.s10.e4" interaction="false"/><pair id="DrugDDI.d6.s10.p9" e1="DrugDDI.d6.s10.e1" e2="DrugDDI.d6.s10.e5" interaction="false"/><pair id="DrugDDI.d6.s10.p10" e1="DrugDDI.d6.s10.e1" e2="DrugDDI.d6.s10.e6" interaction="false"/><pair id="DrugDDI.d6.s10.p11" e1="DrugDDI.d6.s10.e2" e2="DrugDDI.d6.s10.e3" interaction="false"/><pair id="DrugDDI.d6.s10.p12" e1="DrugDDI.d6.s10.e2" e2="DrugDDI.d6.s10.e4" interaction="false"/><pair id="DrugDDI.d6.s10.p13" e1="DrugDDI.d6.s10.e2" e2="DrugDDI.d6.s10.e5" interaction="false"/><pair id="DrugDDI.d6.s10.p14" e1="DrugDDI.d6.s10.e2" e2="DrugDDI.d6.s10.e6" interaction="false"/><pair id="DrugDDI.d6.s10.p15" e1="DrugDDI.d6.s10.e3" e2="DrugDDI.d6.s10.e4" interaction="false"/><pair id="DrugDDI.d6.s10.p16" e1="DrugDDI.d6.s10.e3" e2="DrugDDI.d6.s10.e5" interaction="false"/><pair id="DrugDDI.d6.s10.p17" e1="DrugDDI.d6.s10.e3" e2="DrugDDI.d6.s10.e6" interaction="false"/><pair id="DrugDDI.d6.s10.p18" e1="DrugDDI.d6.s10.e4" e2="DrugDDI.d6.s10.e5" interaction="false"/><pair id="DrugDDI.d6.s10.p19" e1="DrugDDI.d6.s10.e4" e2="DrugDDI.d6.s10.e6" interaction="false"/><pair id="DrugDDI.d6.s10.p20" e1="DrugDDI.d6.s10.e5" e2="DrugDDI.d6.s10.e6" interaction="false"/></sentence><sentence id="DrugDDI.d6.s11" origId="s11" text="The effect of induction or inhibition of other pathways on exposure to alosetron and its metabolites is not known."><entity id="DrugDDI.d6.s11.e0" origId="s11.p129" charOffset="71-80" type="drug" text="alosetron"/><entity id="DrugDDI.d6.s11.e1" origId="s11.p131" charOffset="89-100" type="drug" text="metabolites"/><pair id="DrugDDI.d6.s11.p0" e1="DrugDDI.d6.s11.e0" e2="DrugDDI.d6.s11.e1" interaction="false"/></sentence><sentence id="DrugDDI.d6.s12" origId="s12" text="In vitro human liver microsome studies and an in vivo metabolic probe study demonstrated that alosetron did not inhibit CYP enzymes 2D6, 3A4, 2C9, or 2C19."><entity id="DrugDDI.d6.s12.e0" origId="s12.p139" charOffset="94-103" type="drug" text="alosetron"/><entity id="DrugDDI.d6.s12.e1" origId="s12.p143" charOffset="120-130" type="drug" text="cyp enzyme"/><pair id="DrugDDI.d6.s12.p0" e1="DrugDDI.d6.s12.e0" e2="DrugDDI.d6.s12.e1" interaction="false"/></sentence><sentence id="DrugDDI.d6.s13" origId="s13" text="In vitro, at total drug concentrations 27-fold higher than peak plasma concentrations observed with the 1-mg dosage, alosetron inhibited CYP enzymes 1A2 (60%) and 2E1 (50%)."><entity id="DrugDDI.d6.s13.e0" origId="s13.p153" charOffset="117-126" type="drug" text="alosetron"/><entity id="DrugDDI.d6.s13.e1" origId="s13.p155" charOffset="137-147" type="drug" text="cyp enzyme"/><pair id="DrugDDI.d6.s13.p0" e1="DrugDDI.d6.s13.e0" e2="DrugDDI.d6.s13.e1" interaction="true"/></sentence><sentence id="DrugDDI.d6.s14" origId="s14" text="In an in vivo metabolic probe study, alosetron did not inhibit CYP2E1 but did produce 30% inhibition of both CYP1A2 and N-acetyltransferase."><entity id="DrugDDI.d6.s14.e0" origId="s14.p165" charOffset="37-46" type="drug" text="alosetron"/><entity id="DrugDDI.d6.s14.e1" origId="s14.p169" charOffset="63-69" type="drug" text="CYP2E1"/><entity id="DrugDDI.d6.s14.e2" origId="s14.p176" charOffset="109-115" type="drug" text="CYP1A2"/><entity id="DrugDDI.d6.s14.e3" origId="s14.p178" charOffset="120-139" type="drug" text="N-acetyltransferase"/><pair id="DrugDDI.d6.s14.p0" e1="DrugDDI.d6.s14.e0" e2="DrugDDI.d6.s14.e1" interaction="false"/><pair id="DrugDDI.d6.s14.p1" e1="DrugDDI.d6.s14.e0" e2="DrugDDI.d6.s14.e2" interaction="true"/><pair id="DrugDDI.d6.s14.p2" e1="DrugDDI.d6.s14.e0" e2="DrugDDI.d6.s14.e3" interaction="false"/><pair id="DrugDDI.d6.s14.p3" e1="DrugDDI.d6.s14.e1" e2="DrugDDI.d6.s14.e2" interaction="false"/><pair id="DrugDDI.d6.s14.p4" e1="DrugDDI.d6.s14.e1" e2="DrugDDI.d6.s14.e3" interaction="false"/><pair id="DrugDDI.d6.s14.p5" e1="DrugDDI.d6.s14.e2" e2="DrugDDI.d6.s14.e3" interaction="false"/></sentence><sentence id="DrugDDI.d6.s15" origId="s15" text="Although not studied with alosetron, inhibition of N-acetyltransferase may have clinically relevant consequences for drugs such as isoniazid, procainamide, and hydralazine."><entity id="DrugDDI.d6.s15.e0" origId="s15.p182" charOffset="26-35" type="drug" text="alosetron"/><entity id="DrugDDI.d6.s15.e1" origId="s15.p184" charOffset="53-70" type="drug" text="acetyltransferase"/><entity id="DrugDDI.d6.s15.e2" origId="s15.p188" charOffset="117-122" type="drug" text="drugs"/><entity id="DrugDDI.d6.s15.e3" origId="s15.p189" charOffset="131-140" type="drug" text="isoniazid"/><entity id="DrugDDI.d6.s15.e4" origId="s15.p190" charOffset="142-154" type="drug" text="procainamide"/><entity id="DrugDDI.d6.s15.e5" origId="s15.p192" charOffset="160-171" type="drug" text="hydralazine"/><pair id="DrugDDI.d6.s15.p0" e1="DrugDDI.d6.s15.e0" e2="DrugDDI.d6.s15.e1" interaction="false"/><pair id="DrugDDI.d6.s15.p1" e1="DrugDDI.d6.s15.e0" e2="DrugDDI.d6.s15.e2" interaction="false"/><pair id="DrugDDI.d6.s15.p2" e1="DrugDDI.d6.s15.e0" e2="DrugDDI.d6.s15.e3" interaction="false"/><pair id="DrugDDI.d6.s15.p3" e1="DrugDDI.d6.s15.e0" e2="DrugDDI.d6.s15.e4" interaction="false"/><pair id="DrugDDI.d6.s15.p4" e1="DrugDDI.d6.s15.e0" e2="DrugDDI.d6.s15.e5" interaction="false"/><pair id="DrugDDI.d6.s15.p5" e1="DrugDDI.d6.s15.e1" e2="DrugDDI.d6.s15.e2" interaction="true"/><pair id="DrugDDI.d6.s15.p6" e1="DrugDDI.d6.s15.e1" e2="DrugDDI.d6.s15.e3" interaction="true"/><pair id="DrugDDI.d6.s15.p7" e1="DrugDDI.d6.s15.e1" e2="DrugDDI.d6.s15.e4" interaction="true"/><pair id="DrugDDI.d6.s15.p8" e1="DrugDDI.d6.s15.e1" e2="DrugDDI.d6.s15.e5" interaction="true"/><pair id="DrugDDI.d6.s15.p9" e1="DrugDDI.d6.s15.e2" e2="DrugDDI.d6.s15.e3" interaction="false"/><pair id="DrugDDI.d6.s15.p10" e1="DrugDDI.d6.s15.e2" e2="DrugDDI.d6.s15.e4" interaction="false"/><pair id="DrugDDI.d6.s15.p11" e1="DrugDDI.d6.s15.e2" e2="DrugDDI.d6.s15.e5" interaction="false"/><pair id="DrugDDI.d6.s15.p12" e1="DrugDDI.d6.s15.e3" e2="DrugDDI.d6.s15.e4" interaction="false"/><pair id="DrugDDI.d6.s15.p13" e1="DrugDDI.d6.s15.e3" e2="DrugDDI.d6.s15.e5" interaction="false"/><pair id="DrugDDI.d6.s15.p14" e1="DrugDDI.d6.s15.e4" e2="DrugDDI.d6.s15.e5" interaction="false"/></sentence><sentence id="DrugDDI.d6.s16" origId="s16" text="The effect on CYP1A2 was explored further in a clinical interaction study with theophylline and no effect on metabolism was observed."><entity id="DrugDDI.d6.s16.e0" origId="s16.p194" charOffset="14-20" type="drug" text="CYP1A2"/><entity id="DrugDDI.d6.s16.e1" origId="s16.p199" charOffset="79-91" type="drug" text="theophylline"/><pair id="DrugDDI.d6.s16.p0" e1="DrugDDI.d6.s16.e0" e2="DrugDDI.d6.s16.e1" interaction="false"/></sentence><sentence id="DrugDDI.d6.s17" origId="s17" text="Another study showed that alosetron had no clinically significant effect on plasma concentrations of the oral contraceptive agents ethinyl estradiol and levonorgestrel (CYP3A4 substrates)."><entity id="DrugDDI.d6.s17.e0" origId="s17.p207" charOffset="26-35" type="drug" text="alosetron"/><entity id="DrugDDI.d6.s17.e1" origId="s17.p211" charOffset="105-129" type="drug" text="oral contraceptive agent"/><entity id="DrugDDI.d6.s17.e2" origId="s17.p213" charOffset="153-167" type="drug" text="levonorgestrel"/><entity id="DrugDDI.d6.s17.e3" origId="s17.p215" charOffset="169-175" type="drug" text="CYP3A4"/><pair id="DrugDDI.d6.s17.p0" e1="DrugDDI.d6.s17.e0" e2="DrugDDI.d6.s17.e1" interaction="false"/><pair id="DrugDDI.d6.s17.p1" e1="DrugDDI.d6.s17.e0" e2="DrugDDI.d6.s17.e2" interaction="false"/><pair id="DrugDDI.d6.s17.p2" e1="DrugDDI.d6.s17.e0" e2="DrugDDI.d6.s17.e3" interaction="false"/><pair id="DrugDDI.d6.s17.p3" e1="DrugDDI.d6.s17.e1" e2="DrugDDI.d6.s17.e2" interaction="false"/><pair id="DrugDDI.d6.s17.p4" e1="DrugDDI.d6.s17.e1" e2="DrugDDI.d6.s17.e3" interaction="false"/><pair id="DrugDDI.d6.s17.p5" e1="DrugDDI.d6.s17.e2" e2="DrugDDI.d6.s17.e3" interaction="false"/></sentence><sentence id="DrugDDI.d6.s18" origId="s18" text="A clinical interaction study was also conducted with alosetron and the CYP3A4 substrate cisapride."><entity id="DrugDDI.d6.s18.e0" origId="s18.p221" charOffset="53-62" type="drug" text="alosetron"/><entity id="DrugDDI.d6.s18.e1" origId="s18.p223" charOffset="88-97" type="drug" text="cisapride"/><pair id="DrugDDI.d6.s18.p0" e1="DrugDDI.d6.s18.e0" e2="DrugDDI.d6.s18.e1" interaction="false"/></sentence><sentence id="DrugDDI.d6.s19" origId="s19" text="No significant effects on cisapride metabolism or QT interval were noted."><entity id="DrugDDI.d6.s19.e0" origId="s19.p225" charOffset="26-35" type="drug" text="cisapride"/></sentence><sentence id="DrugDDI.d6.s20" origId="s20" text="The effect of alosetron on monoamine oxidases and on intestinal first pass secondary to high intraluminal concentrations have not been examined."><entity id="DrugDDI.d6.s20.e0" origId="s20.p231" charOffset="14-23" type="drug" text="alosetron"/><entity id="DrugDDI.d6.s20.e1" origId="s20.p232" charOffset="27-45" type="drug" text="monoamine oxidases"/><pair id="DrugDDI.d6.s20.p0" e1="DrugDDI.d6.s20.e0" e2="DrugDDI.d6.s20.e1" interaction="false"/></sentence><sentence id="DrugDDI.d6.s21" origId="s21" text="Based on the above data from in vitro and in vivo studies, it is unlikely that alosetron will inhibit the hepatic metabolic clearance of drugs metabolized by the major CYP enzyme 3A4, as well as the CYP enzymes 2D6, 2C9, 2C19, 2E1, or 1A2."><entity id="DrugDDI.d6.s21.e0" origId="s21.p250" charOffset="79-88" type="drug" text="alosetron"/><entity id="DrugDDI.d6.s21.e1" origId="s21.p254" charOffset="137-142" type="drug" text="drugs"/><entity id="DrugDDI.d6.s21.e2" origId="s21.p256" charOffset="168-171" type="drug" text="CYP"/><entity id="DrugDDI.d6.s21.e3" origId="s21.p258" charOffset="199-209" type="drug" text="cyp enzyme"/><pair id="DrugDDI.d6.s21.p0" e1="DrugDDI.d6.s21.e0" e2="DrugDDI.d6.s21.e1" interaction="false"/><pair id="DrugDDI.d6.s21.p1" e1="DrugDDI.d6.s21.e0" e2="DrugDDI.d6.s21.e2" interaction="false"/><pair id="DrugDDI.d6.s21.p2" e1="DrugDDI.d6.s21.e0" e2="DrugDDI.d6.s21.e3" interaction="false"/><pair id="DrugDDI.d6.s21.p3" e1="DrugDDI.d6.s21.e1" e2="DrugDDI.d6.s21.e2" interaction="false"/><pair id="DrugDDI.d6.s21.p4" e1="DrugDDI.d6.s21.e1" e2="DrugDDI.d6.s21.e3" interaction="false"/><pair id="DrugDDI.d6.s21.p5" e1="DrugDDI.d6.s21.e2" e2="DrugDDI.d6.s21.e3" interaction="false"/></sentence><sentence id="DrugDDI.d6.s22" origId="s22" text="Alosetron does not appear to induce the major cytochrome P450 (CYP) drug metabolizing enzyme 3A."><entity id="DrugDDI.d6.s22.e0" origId="s22.p264" charOffset="0-9" type="drug" text="Alosetron"/><entity id="DrugDDI.d6.s22.e1" origId="s22.p270" charOffset="46-61" type="drug" text="cytochrome P450"/><entity id="DrugDDI.d6.s22.e2" origId="s22.p272" charOffset="63-66" type="drug" text="CYP"/><entity id="DrugDDI.d6.s22.e3" origId="s22.p274" charOffset="68-72" type="drug" text="drug"/><pair id="DrugDDI.d6.s22.p0" e1="DrugDDI.d6.s22.e0" e2="DrugDDI.d6.s22.e1" interaction="false"/><pair id="DrugDDI.d6.s22.p1" e1="DrugDDI.d6.s22.e0" e2="DrugDDI.d6.s22.e2" interaction="false"/><pair id="DrugDDI.d6.s22.p2" e1="DrugDDI.d6.s22.e0" e2="DrugDDI.d6.s22.e3" interaction="false"/><pair id="DrugDDI.d6.s22.p3" e1="DrugDDI.d6.s22.e1" e2="DrugDDI.d6.s22.e2" interaction="false"/><pair id="DrugDDI.d6.s22.p4" e1="DrugDDI.d6.s22.e1" e2="DrugDDI.d6.s22.e3" interaction="false"/><pair id="DrugDDI.d6.s22.p5" e1="DrugDDI.d6.s22.e2" e2="DrugDDI.d6.s22.e3" interaction="false"/></sentence><sentence id="DrugDDI.d6.s23" origId="s23" text="Alosetron also does not appear to induce CYP enzymes 2E1 or 2C19."><entity id="DrugDDI.d6.s23.e0" origId="s23.p275" charOffset="0-9" type="drug" text="Alosetron"/><entity id="DrugDDI.d6.s23.e1" origId="s23.p281" charOffset="41-51" type="drug" text="cyp enzyme"/><pair id="DrugDDI.d6.s23.p0" e1="DrugDDI.d6.s23.e0" e2="DrugDDI.d6.s23.e1" interaction="false"/></sentence><sentence id="DrugDDI.d6.s24" origId="s24" text="It is not known whether alosetron might induce other enzymes."><entity id="DrugDDI.d6.s24.e0" origId="s24.p288" charOffset="24-33" type="drug" text="alosetron"/></sentence></document>