<?xml version="1.0" encoding="UTF-8"?>
<document id="DrugDDI.d187" origId="Amiloride"><sentence id="DrugDDI.d187.s0" origId="s0" text="When amiloride HCl is administered concomitantly with an angiotensin-converting enzyme inhibitor, the risk of hyperkalemia may be increased."><entity id="DrugDDI.d187.s0.e0" origId="s0.p1" charOffset="5-18" type="drug" text="amiloride HCl"/><entity id="DrugDDI.d187.s0.e1" origId="s0.p5" charOffset="57-96" type="drug" text="angiotensin-converting enzyme inhibitor"/><pair id="DrugDDI.d187.s0.p0" e1="DrugDDI.d187.s0.e0" e2="DrugDDI.d187.s0.e1" interaction="true"/></sentence><sentence id="DrugDDI.d187.s1" origId="s1" text="Therefore, if concomitant use of these agents is indicated because of demonstrated hypokalemia, they should be used with caution and with frequent monitoring of serum potassium."/><sentence id="DrugDDI.d187.s2" origId="s2" text="Lithium generally should not be given with diuretics because they reduce its renal clearance and add a high risk of lithium toxicity."><entity id="DrugDDI.d187.s2.e0" origId="s2.p26" charOffset="0-7" type="drug" text="Lithium"/><entity id="DrugDDI.d187.s2.e1" origId="s2.p31" charOffset="43-52" type="drug" text="diuretics"/><pair id="DrugDDI.d187.s2.p0" e1="DrugDDI.d187.s2.e0" e2="DrugDDI.d187.s2.e1" interaction="true"/></sentence><sentence id="DrugDDI.d187.s3" origId="s3" text="Read circulars for lithium preparations before use of such concomitant therapy."><entity id="DrugDDI.d187.s3.e0" origId="s3.p41" charOffset="19-38" type="drug" text="lithium preparation"/></sentence><sentence id="DrugDDI.d187.s4" origId="s4" text="In some patients, the administration of a non-steroidal anti-inflammatory agent can reduce the diuretic, natriuretic, and antihypertensive effects of loop, potassium-sparing and thiazide diuretics."><entity id="DrugDDI.d187.s4.e0" origId="s4.p46" charOffset="42-79" type="drug" text="non-steroidal anti-inflammatory agent"/><entity id="DrugDDI.d187.s4.e1" origId="s4.p49" charOffset="95-103" type="drug" text="diuretic"/><entity id="DrugDDI.d187.s4.e2" origId="s4.p51" charOffset="122-138" type="drug" text="antihypertensive"/><entity id="DrugDDI.d187.s4.e3" origId="s4.p53" charOffset="156-165" type="drug" text="potassium"/><entity id="DrugDDI.d187.s4.e4" origId="s4.p55" charOffset="178-196" type="drug" text="thiazide diuretics"/><pair id="DrugDDI.d187.s4.p0" e1="DrugDDI.d187.s4.e0" e2="DrugDDI.d187.s4.e1" interaction="false"/><pair id="DrugDDI.d187.s4.p1" e1="DrugDDI.d187.s4.e0" e2="DrugDDI.d187.s4.e2" interaction="false"/><pair id="DrugDDI.d187.s4.p2" e1="DrugDDI.d187.s4.e0" e2="DrugDDI.d187.s4.e3" interaction="true"/><pair id="DrugDDI.d187.s4.p3" e1="DrugDDI.d187.s4.e0" e2="DrugDDI.d187.s4.e4" interaction="false"/><pair id="DrugDDI.d187.s4.p4" e1="DrugDDI.d187.s4.e1" e2="DrugDDI.d187.s4.e2" interaction="false"/><pair id="DrugDDI.d187.s4.p5" e1="DrugDDI.d187.s4.e1" e2="DrugDDI.d187.s4.e3" interaction="false"/><pair id="DrugDDI.d187.s4.p6" e1="DrugDDI.d187.s4.e1" e2="DrugDDI.d187.s4.e4" interaction="false"/><pair id="DrugDDI.d187.s4.p7" e1="DrugDDI.d187.s4.e2" e2="DrugDDI.d187.s4.e3" interaction="false"/><pair id="DrugDDI.d187.s4.p8" e1="DrugDDI.d187.s4.e2" e2="DrugDDI.d187.s4.e4" interaction="false"/><pair id="DrugDDI.d187.s4.p9" e1="DrugDDI.d187.s4.e3" e2="DrugDDI.d187.s4.e4" interaction="false"/></sentence><sentence id="DrugDDI.d187.s5" origId="s5" text="Therefore, when MIDAMOR and non-steroidal anti-inflammatory agents are used concomitantly, the patient should be observed closely to determine if the desired effect of the diuretic is obtained."><entity id="DrugDDI.d187.s5.e0" origId="s5.p58" charOffset="16-23" type="drug" text="MIDAMOR"/><entity id="DrugDDI.d187.s5.e1" origId="s5.p60" charOffset="28-66" type="drug" text="non-steroidal anti-inflammatory agents"/><entity id="DrugDDI.d187.s5.e2" origId="s5.p71" charOffset="172-180" type="drug" text="diuretic"/><pair id="DrugDDI.d187.s5.p0" e1="DrugDDI.d187.s5.e0" e2="DrugDDI.d187.s5.e1" interaction="false"/><pair id="DrugDDI.d187.s5.p1" e1="DrugDDI.d187.s5.e0" e2="DrugDDI.d187.s5.e2" interaction="false"/><pair id="DrugDDI.d187.s5.p2" e1="DrugDDI.d187.s5.e1" e2="DrugDDI.d187.s5.e2" interaction="false"/></sentence><sentence id="DrugDDI.d187.s6" origId="s6" text="Since indomethacin and potassium-sparing diuretics, including MIDAMOR, may each be associated with increased serum potassium levels, the potential effects on potassium kinetics and renal function should be considered when these agents are administered concurrently."><entity id="DrugDDI.d187.s6.e0" origId="s6.p75" charOffset="6-18" type="drug" text="indomethacin"/><entity id="DrugDDI.d187.s6.e1" origId="s6.p77" charOffset="23-50" type="drug" text="potassium-sparing diuretics"/><entity id="DrugDDI.d187.s6.e2" origId="s6.p79" charOffset="62-69" type="drug" text="MIDAMOR"/><entity id="DrugDDI.d187.s6.e3" origId="s6.p86" charOffset="158-167" type="drug" text="potassium"/><pair id="DrugDDI.d187.s6.p0" e1="DrugDDI.d187.s6.e0" e2="DrugDDI.d187.s6.e1" interaction="true"/><pair id="DrugDDI.d187.s6.p1" e1="DrugDDI.d187.s6.e0" e2="DrugDDI.d187.s6.e2" interaction="false"/><pair id="DrugDDI.d187.s6.p2" e1="DrugDDI.d187.s6.e0" e2="DrugDDI.d187.s6.e3" interaction="false"/><pair id="DrugDDI.d187.s6.p3" e1="DrugDDI.d187.s6.e1" e2="DrugDDI.d187.s6.e2" interaction="false"/><pair id="DrugDDI.d187.s6.p4" e1="DrugDDI.d187.s6.e1" e2="DrugDDI.d187.s6.e3" interaction="false"/><pair id="DrugDDI.d187.s6.p5" e1="DrugDDI.d187.s6.e2" e2="DrugDDI.d187.s6.e3" interaction="false"/></sentence></document>