<?xml version="1.0" encoding="UTF-8"?>
<document id="DrugDDI.d273" origId="Amiodarone"><sentence id="DrugDDI.d273.s0" origId="s0" text="Amiodarone is metabolized to desethylamiodarone by the cytochrome P450 (CYP450) enzyme group, specifically cytochromes P450 3A4 (CYP3A4) and CYP2C8."><entity id="DrugDDI.d273.s0.e0" origId="s0.p0" charOffset="0-10" type="drug" text="Amiodarone"/><entity id="DrugDDI.d273.s0.e1" origId="s0.p3" charOffset="29-47" type="drug" text="desethylamiodarone"/><entity id="DrugDDI.d273.s0.e2" origId="s0.p4" charOffset="55-70" type="drug" text="cytochrome P450"/><entity id="DrugDDI.d273.s0.e3" origId="s0.p9" charOffset="107-128" type="drug" text="cytochromes P450 3A4"/><entity id="DrugDDI.d273.s0.e4" origId="s0.p11" charOffset="129-135" type="drug" text="CYP3A4"/><entity id="DrugDDI.d273.s0.e5" origId="s0.p14" charOffset="141-147" type="drug" text="CYP2C8"/><pair id="DrugDDI.d273.s0.p0" e1="DrugDDI.d273.s0.e0" e2="DrugDDI.d273.s0.e1" interaction="false"/><pair id="DrugDDI.d273.s0.p1" e1="DrugDDI.d273.s0.e0" e2="DrugDDI.d273.s0.e2" interaction="true"/><pair id="DrugDDI.d273.s0.p2" e1="DrugDDI.d273.s0.e0" e2="DrugDDI.d273.s0.e3" interaction="false"/><pair id="DrugDDI.d273.s0.p3" e1="DrugDDI.d273.s0.e0" e2="DrugDDI.d273.s0.e4" interaction="true"/><pair id="DrugDDI.d273.s0.p4" e1="DrugDDI.d273.s0.e0" e2="DrugDDI.d273.s0.e5" interaction="false"/><pair id="DrugDDI.d273.s0.p5" e1="DrugDDI.d273.s0.e1" e2="DrugDDI.d273.s0.e2" interaction="false"/><pair id="DrugDDI.d273.s0.p6" e1="DrugDDI.d273.s0.e1" e2="DrugDDI.d273.s0.e3" interaction="false"/><pair id="DrugDDI.d273.s0.p7" e1="DrugDDI.d273.s0.e1" e2="DrugDDI.d273.s0.e4" interaction="false"/><pair id="DrugDDI.d273.s0.p8" e1="DrugDDI.d273.s0.e1" e2="DrugDDI.d273.s0.e5" interaction="false"/><pair id="DrugDDI.d273.s0.p9" e1="DrugDDI.d273.s0.e2" e2="DrugDDI.d273.s0.e3" interaction="false"/><pair id="DrugDDI.d273.s0.p10" e1="DrugDDI.d273.s0.e2" e2="DrugDDI.d273.s0.e4" interaction="false"/><pair id="DrugDDI.d273.s0.p11" e1="DrugDDI.d273.s0.e2" e2="DrugDDI.d273.s0.e5" interaction="false"/><pair id="DrugDDI.d273.s0.p12" e1="DrugDDI.d273.s0.e3" e2="DrugDDI.d273.s0.e4" interaction="false"/><pair id="DrugDDI.d273.s0.p13" e1="DrugDDI.d273.s0.e3" e2="DrugDDI.d273.s0.e5" interaction="false"/><pair id="DrugDDI.d273.s0.p14" e1="DrugDDI.d273.s0.e4" e2="DrugDDI.d273.s0.e5" interaction="false"/></sentence><sentence id="DrugDDI.d273.s1" origId="s1" text="The CYP3A4 isoenzyme is present in both the liver and intestines."><entity id="DrugDDI.d273.s1.e0" origId="s1.p15" charOffset="4-21" type="drug" text="CYP3A4 isoenzyme"/><entity id="DrugDDI.d273.s1.e1" origId="s1.p19" charOffset="44-49" type="drug" text="liver"/><pair id="DrugDDI.d273.s1.p0" e1="DrugDDI.d273.s1.e0" e2="DrugDDI.d273.s1.e1" interaction="false"/></sentence><sentence id="DrugDDI.d273.s2" origId="s2" text="Amiodarone is also known to be an inhibitor of CYP3A4."><entity id="DrugDDI.d273.s2.e0" origId="s2.p22" charOffset="0-10" type="drug" text="Amiodarone"/><entity id="DrugDDI.d273.s2.e1" origId="s2.p29" charOffset="47-53" type="drug" text="CYP3A4"/><pair id="DrugDDI.d273.s2.p0" e1="DrugDDI.d273.s2.e0" e2="DrugDDI.d273.s2.e1" interaction="true"/></sentence><sentence id="DrugDDI.d273.s3" origId="s3" text="Therefore, amiodarone has the potential for interactions with drugs or substances that may be substrates, inhibitors or inducers of CYP3A4."><entity id="DrugDDI.d273.s3.e0" origId="s3.p31" charOffset="11-21" type="drug" text="amiodarone"/><entity id="DrugDDI.d273.s3.e1" origId="s3.p35" charOffset="62-67" type="drug" text="drugs"/><entity id="DrugDDI.d273.s3.e2" origId="s3.p45" charOffset="132-138" type="drug" text="CYP3A4"/><pair id="DrugDDI.d273.s3.p0" e1="DrugDDI.d273.s3.e0" e2="DrugDDI.d273.s3.e1" interaction="true"/><pair id="DrugDDI.d273.s3.p1" e1="DrugDDI.d273.s3.e0" e2="DrugDDI.d273.s3.e2" interaction="false"/><pair id="DrugDDI.d273.s3.p2" e1="DrugDDI.d273.s3.e1" e2="DrugDDI.d273.s3.e2" interaction="false"/></sentence><sentence id="DrugDDI.d273.s4" origId="s4" text="While only a limited number of in vivo drug-drug interactions with amiodarone have been reported, chiefly with the oral formulation, the potential for other interactions should be anticipated."><entity id="DrugDDI.d273.s4.e0" origId="s4.p49" charOffset="67-77" type="drug" text="amiodarone"/></sentence><sentence id="DrugDDI.d273.s5" origId="s5" text="This is especially important for drugs associated with serious toxicity, such as other antiarrhythmics."><entity id="DrugDDI.d273.s5.e0" origId="s5.p64" charOffset="33-38" type="drug" text="drugs"/><entity id="DrugDDI.d273.s5.e1" origId="s5.p67" charOffset="87-102" type="drug" text="antiarrhythmics"/><pair id="DrugDDI.d273.s5.p0" e1="DrugDDI.d273.s5.e0" e2="DrugDDI.d273.s5.e1" interaction="false"/></sentence><sentence id="DrugDDI.d273.s6" origId="s6" text="If such drugs are needed, their dose should be reassessed and, where appropriate, plasma concentration measured."><entity id="DrugDDI.d273.s6.e0" origId="s6.p68" charOffset="8-13" type="drug" text="drugs"/></sentence><sentence id="DrugDDI.d273.s7" origId="s7" text="In view of the long and variable half-life of amiodarone, potential for drug interactions exists not only with concomitant medication but also with drugs administered after discontinuation of amiodarone."><entity id="DrugDDI.d273.s7.e0" origId="s7.p84" charOffset="46-56" type="drug" text="amiodarone"/><entity id="DrugDDI.d273.s7.e1" origId="s7.p89" charOffset="123-134" type="drug" text="medication"/><entity id="DrugDDI.d273.s7.e2" origId="s7.p92" charOffset="148-153" type="drug" text="drugs"/><entity id="DrugDDI.d273.s7.e3" origId="s7.p95" charOffset="192-202" type="drug" text="amiodarone"/><pair id="DrugDDI.d273.s7.p0" e1="DrugDDI.d273.s7.e0" e2="DrugDDI.d273.s7.e1" interaction="false"/><pair id="DrugDDI.d273.s7.p1" e1="DrugDDI.d273.s7.e0" e2="DrugDDI.d273.s7.e2" interaction="false"/><pair id="DrugDDI.d273.s7.p2" e1="DrugDDI.d273.s7.e0" e2="DrugDDI.d273.s7.e3" interaction="false"/><pair id="DrugDDI.d273.s7.p3" e1="DrugDDI.d273.s7.e1" e2="DrugDDI.d273.s7.e2" interaction="false"/><pair id="DrugDDI.d273.s7.p4" e1="DrugDDI.d273.s7.e1" e2="DrugDDI.d273.s7.e3" interaction="false"/><pair id="DrugDDI.d273.s7.p5" e1="DrugDDI.d273.s7.e2" e2="DrugDDI.d273.s7.e3" interaction="false"/></sentence><sentence id="DrugDDI.d273.s8" origId="s8" text="Since amiodarone is a substrate for CYP3A4 and CYP2C8, drugs/substances that inhibit these isoenzymes may decrease the metabolism and increase serum concentration of amiodarone."><entity id="DrugDDI.d273.s8.e0" origId="s8.p97" charOffset="6-16" type="drug" text="amiodarone"/><entity id="DrugDDI.d273.s8.e1" origId="s8.p100" charOffset="36-42" type="drug" text="CYP3A4"/><entity id="DrugDDI.d273.s8.e2" origId="s8.p102" charOffset="47-53" type="drug" text="CYP2C8"/><entity id="DrugDDI.d273.s8.e3" origId="s8.p103" charOffset="55-60" type="drug" text="drugs"/><entity id="DrugDDI.d273.s8.e4" origId="s8.p107" charOffset="91-101" type="drug" text="isoenzymes"/><entity id="DrugDDI.d273.s8.e5" origId="s8.p113" charOffset="166-176" type="drug" text="amiodarone"/><pair id="DrugDDI.d273.s8.p0" e1="DrugDDI.d273.s8.e0" e2="DrugDDI.d273.s8.e1" interaction="false"/><pair id="DrugDDI.d273.s8.p1" e1="DrugDDI.d273.s8.e0" e2="DrugDDI.d273.s8.e2" interaction="false"/><pair id="DrugDDI.d273.s8.p2" e1="DrugDDI.d273.s8.e0" e2="DrugDDI.d273.s8.e3" interaction="false"/><pair id="DrugDDI.d273.s8.p3" e1="DrugDDI.d273.s8.e0" e2="DrugDDI.d273.s8.e4" interaction="false"/><pair id="DrugDDI.d273.s8.p4" e1="DrugDDI.d273.s8.e0" e2="DrugDDI.d273.s8.e5" interaction="false"/><pair id="DrugDDI.d273.s8.p5" e1="DrugDDI.d273.s8.e1" e2="DrugDDI.d273.s8.e2" interaction="false"/><pair id="DrugDDI.d273.s8.p6" e1="DrugDDI.d273.s8.e1" e2="DrugDDI.d273.s8.e3" interaction="false"/><pair id="DrugDDI.d273.s8.p7" e1="DrugDDI.d273.s8.e1" e2="DrugDDI.d273.s8.e4" interaction="false"/><pair id="DrugDDI.d273.s8.p8" e1="DrugDDI.d273.s8.e1" e2="DrugDDI.d273.s8.e5" interaction="false"/><pair id="DrugDDI.d273.s8.p9" e1="DrugDDI.d273.s8.e2" e2="DrugDDI.d273.s8.e3" interaction="false"/><pair id="DrugDDI.d273.s8.p10" e1="DrugDDI.d273.s8.e2" e2="DrugDDI.d273.s8.e4" interaction="false"/><pair id="DrugDDI.d273.s8.p11" e1="DrugDDI.d273.s8.e2" e2="DrugDDI.d273.s8.e5" interaction="false"/><pair id="DrugDDI.d273.s8.p12" e1="DrugDDI.d273.s8.e3" e2="DrugDDI.d273.s8.e4" interaction="false"/><pair id="DrugDDI.d273.s8.p13" e1="DrugDDI.d273.s8.e3" e2="DrugDDI.d273.s8.e5" interaction="true"/><pair id="DrugDDI.d273.s8.p14" e1="DrugDDI.d273.s8.e4" e2="DrugDDI.d273.s8.e5" interaction="false"/></sentence><sentence id="DrugDDI.d273.s9" origId="s9" text="Reported examples include the following: Protease Inhibitors: Protease inhibitors are known to inhibit CYP3A4 to varying degrees."><entity id="DrugDDI.d273.s9.e0" origId="s9.p118" charOffset="41-60" type="drug" text="protease inhibitors"/><entity id="DrugDDI.d273.s9.e1" origId="s9.p120" charOffset="62-81" type="drug" text="protease inhibitors"/><entity id="DrugDDI.d273.s9.e2" origId="s9.p125" charOffset="103-109" type="drug" text="CYP3A4"/><pair id="DrugDDI.d273.s9.p0" e1="DrugDDI.d273.s9.e0" e2="DrugDDI.d273.s9.e1" interaction="false"/><pair id="DrugDDI.d273.s9.p1" e1="DrugDDI.d273.s9.e0" e2="DrugDDI.d273.s9.e2" interaction="false"/><pair id="DrugDDI.d273.s9.p2" e1="DrugDDI.d273.s9.e1" e2="DrugDDI.d273.s9.e2" interaction="true"/></sentence><sentence id="DrugDDI.d273.s10" origId="s10" text="A case report of one patient taking amiodarone 200 mg and indinavir 800 mg three times a day resulted in increases in amiodarone concentrations from 0.9 mg/L to 1.3 mg/L."><entity id="DrugDDI.d273.s10.e0" origId="s10.p128" charOffset="36-53" type="drug" text="amiodarone 200 mg"/><entity id="DrugDDI.d273.s10.e1" origId="s10.p130" charOffset="58-67" type="drug" text="indinavir"/><entity id="DrugDDI.d273.s10.e2" origId="s10.p134" charOffset="118-128" type="drug" text="amiodarone"/><pair id="DrugDDI.d273.s10.p0" e1="DrugDDI.d273.s10.e0" e2="DrugDDI.d273.s10.e1" interaction="true"/><pair id="DrugDDI.d273.s10.p1" e1="DrugDDI.d273.s10.e0" e2="DrugDDI.d273.s10.e2" interaction="false"/><pair id="DrugDDI.d273.s10.p2" e1="DrugDDI.d273.s10.e1" e2="DrugDDI.d273.s10.e2" interaction="false"/></sentence><sentence id="DrugDDI.d273.s11" origId="s11" text="DEA concentrations were not affected."/><sentence id="DrugDDI.d273.s12" origId="s12" text="There was no evidence of toxicity."/><sentence id="DrugDDI.d273.s13" origId="s13" text="Monitoring for amiodarone toxicity and serial measurement of amiodarone serum concentration during concomitant protease inhibitor therapy should be considered."><entity id="DrugDDI.d273.s13.e0" origId="s13.p148" charOffset="15-25" type="drug" text="amiodarone"/><entity id="DrugDDI.d273.s13.e1" origId="s13.p151" charOffset="61-71" type="drug" text="amiodarone"/><entity id="DrugDDI.d273.s13.e2" origId="s13.p152" charOffset="111-129" type="drug" text="protease inhibitor"/><pair id="DrugDDI.d273.s13.p0" e1="DrugDDI.d273.s13.e0" e2="DrugDDI.d273.s13.e1" interaction="false"/><pair id="DrugDDI.d273.s13.p1" e1="DrugDDI.d273.s13.e0" e2="DrugDDI.d273.s13.e2" interaction="true"/><pair id="DrugDDI.d273.s13.p2" e1="DrugDDI.d273.s13.e1" e2="DrugDDI.d273.s13.e2" interaction="false"/></sentence><sentence id="DrugDDI.d273.s14" origId="s14" text="Histamine H2 antagonists: Cimetidine inhibits CYP3A4 and can increase serum amiodarone levels."><entity id="DrugDDI.d273.s14.e0" origId="s14.p156" charOffset="0-24" type="drug" text="Histamine H2 antagonists"/><entity id="DrugDDI.d273.s14.e1" origId="s14.p158" charOffset="26-36" type="drug" text="Cimetidine"/><entity id="DrugDDI.d273.s14.e2" origId="s14.p160" charOffset="46-52" type="drug" text="CYP3A4"/><pair id="DrugDDI.d273.s14.p0" e1="DrugDDI.d273.s14.e0" e2="DrugDDI.d273.s14.e1" interaction="false"/><pair id="DrugDDI.d273.s14.p1" e1="DrugDDI.d273.s14.e0" e2="DrugDDI.d273.s14.e2" interaction="false"/><pair id="DrugDDI.d273.s14.p2" e1="DrugDDI.d273.s14.e1" e2="DrugDDI.d273.s14.e2" interaction="true"/></sentence><sentence id="DrugDDI.d273.s15" origId="s15" text="Other substances: Grapefruit juice given to healthy volunteers increased amiodarone AUC by 50% and Cmax by 84%, resulting in increased plasma levels of amiodarone."><entity id="DrugDDI.d273.s15.e0" origId="s15.p171" charOffset="73-83" type="drug" text="amiodarone"/><entity id="DrugDDI.d273.s15.e1" origId="s15.p178" charOffset="152-162" type="drug" text="amiodarone"/><pair id="DrugDDI.d273.s15.p0" e1="DrugDDI.d273.s15.e0" e2="DrugDDI.d273.s15.e1" interaction="false"/></sentence><sentence id="DrugDDI.d273.s16" origId="s16" text="Grapefruit juice should not be taken during treatment with oral amiodarone."><entity id="DrugDDI.d273.s16.e0" origId="s16.p185" charOffset="64-74" type="drug" text="amiodarone"/></sentence><sentence id="DrugDDI.d273.s17" origId="s17" text="This information should be considered when changing from intravenous amiodarone to oral amiodarone ."><entity id="DrugDDI.d273.s17.e0" origId="s17.p192" charOffset="69-79" type="drug" text="amiodarone"/><entity id="DrugDDI.d273.s17.e1" origId="s17.p193" charOffset="88-98" type="drug" text="amiodarone"/><pair id="DrugDDI.d273.s17.p0" e1="DrugDDI.d273.s17.e0" e2="DrugDDI.d273.s17.e1" interaction="false"/></sentence><sentence id="DrugDDI.d273.s18" origId="s18" text="Amiodarone may suppress certain CYP450 enzymes, including CYP1A2, CYP2C9, CYP2D6, and CYP3A4."><entity id="DrugDDI.d273.s18.e0" origId="s18.p194" charOffset="0-10" type="drug" text="Amiodarone"/><entity id="DrugDDI.d273.s18.e1" origId="s18.p199" charOffset="58-64" type="drug" text="CYP1A2"/><entity id="DrugDDI.d273.s18.e2" origId="s18.p200" charOffset="66-72" type="drug" text="CYP2C9"/><entity id="DrugDDI.d273.s18.e3" origId="s18.p201" charOffset="74-80" type="drug" text="CYP2D6"/><entity id="DrugDDI.d273.s18.e4" origId="s18.p203" charOffset="86-92" type="drug" text="CYP3A4"/><pair id="DrugDDI.d273.s18.p0" e1="DrugDDI.d273.s18.e0" e2="DrugDDI.d273.s18.e1" interaction="true"/><pair id="DrugDDI.d273.s18.p1" e1="DrugDDI.d273.s18.e0" e2="DrugDDI.d273.s18.e2" interaction="false"/><pair id="DrugDDI.d273.s18.p2" e1="DrugDDI.d273.s18.e0" e2="DrugDDI.d273.s18.e3" interaction="true"/><pair id="DrugDDI.d273.s18.p3" e1="DrugDDI.d273.s18.e0" e2="DrugDDI.d273.s18.e4" interaction="false"/><pair id="DrugDDI.d273.s18.p4" e1="DrugDDI.d273.s18.e1" e2="DrugDDI.d273.s18.e2" interaction="false"/><pair id="DrugDDI.d273.s18.p5" e1="DrugDDI.d273.s18.e1" e2="DrugDDI.d273.s18.e3" interaction="false"/><pair id="DrugDDI.d273.s18.p6" e1="DrugDDI.d273.s18.e1" e2="DrugDDI.d273.s18.e4" interaction="false"/><pair id="DrugDDI.d273.s18.p7" e1="DrugDDI.d273.s18.e2" e2="DrugDDI.d273.s18.e3" interaction="false"/><pair id="DrugDDI.d273.s18.p8" e1="DrugDDI.d273.s18.e2" e2="DrugDDI.d273.s18.e4" interaction="false"/><pair id="DrugDDI.d273.s18.p9" e1="DrugDDI.d273.s18.e3" e2="DrugDDI.d273.s18.e4" interaction="false"/></sentence><sentence id="DrugDDI.d273.s19" origId="s19" text="This inhibition can result in unexpectedly high plasma levels of other drugs which are metabolized by those CYP450 enzymes."><entity id="DrugDDI.d273.s19.e0" origId="s19.p208" charOffset="71-76" type="drug" text="drugs"/></sentence><sentence id="DrugDDI.d273.s20" origId="s20" text="Reported examples of this interaction include the following: Immunosuppressives: Cyclosporine (CYP3A4 substrate) administered in combination with oral amiodarone has been reported to produce persistently elevated plasma concentrations of cyclosporine resulting in elevated creatinine, despite reduction in dose of cyclosporine."><entity id="DrugDDI.d273.s20.e0" origId="s20.p218" charOffset="61-78" type="drug" text="Immunosuppressive"/><entity id="DrugDDI.d273.s20.e1" origId="s20.p220" charOffset="81-93" type="drug" text="Cyclosporine"/><entity id="DrugDDI.d273.s20.e2" origId="s20.p222" charOffset="95-101" type="drug" text="CYP3A4"/><entity id="DrugDDI.d273.s20.e3" origId="s20.p226" charOffset="151-161" type="drug" text="amiodarone"/><entity id="DrugDDI.d273.s20.e4" origId="s20.p233" charOffset="238-250" type="drug" text="cyclosporine"/><entity id="DrugDDI.d273.s20.e5" origId="s20.p239" charOffset="314-326" type="drug" text="cyclosporine"/><pair id="DrugDDI.d273.s20.p0" e1="DrugDDI.d273.s20.e0" e2="DrugDDI.d273.s20.e1" interaction="false"/><pair id="DrugDDI.d273.s20.p1" e1="DrugDDI.d273.s20.e0" e2="DrugDDI.d273.s20.e2" interaction="false"/><pair id="DrugDDI.d273.s20.p2" e1="DrugDDI.d273.s20.e0" e2="DrugDDI.d273.s20.e3" interaction="false"/><pair id="DrugDDI.d273.s20.p3" e1="DrugDDI.d273.s20.e0" e2="DrugDDI.d273.s20.e4" interaction="false"/><pair id="DrugDDI.d273.s20.p4" e1="DrugDDI.d273.s20.e0" e2="DrugDDI.d273.s20.e5" interaction="false"/><pair id="DrugDDI.d273.s20.p5" e1="DrugDDI.d273.s20.e1" e2="DrugDDI.d273.s20.e2" interaction="false"/><pair id="DrugDDI.d273.s20.p6" e1="DrugDDI.d273.s20.e1" e2="DrugDDI.d273.s20.e3" interaction="true"/><pair id="DrugDDI.d273.s20.p7" e1="DrugDDI.d273.s20.e1" e2="DrugDDI.d273.s20.e4" interaction="false"/><pair id="DrugDDI.d273.s20.p8" e1="DrugDDI.d273.s20.e1" e2="DrugDDI.d273.s20.e5" interaction="false"/><pair id="DrugDDI.d273.s20.p9" e1="DrugDDI.d273.s20.e2" e2="DrugDDI.d273.s20.e3" interaction="true"/><pair id="DrugDDI.d273.s20.p10" e1="DrugDDI.d273.s20.e2" e2="DrugDDI.d273.s20.e4" interaction="false"/><pair id="DrugDDI.d273.s20.p11" e1="DrugDDI.d273.s20.e2" e2="DrugDDI.d273.s20.e5" interaction="false"/><pair id="DrugDDI.d273.s20.p12" e1="DrugDDI.d273.s20.e3" e2="DrugDDI.d273.s20.e4" interaction="false"/><pair id="DrugDDI.d273.s20.p13" e1="DrugDDI.d273.s20.e3" e2="DrugDDI.d273.s20.e5" interaction="false"/><pair id="DrugDDI.d273.s20.p14" e1="DrugDDI.d273.s20.e4" e2="DrugDDI.d273.s20.e5" interaction="false"/></sentence><sentence id="DrugDDI.d273.s21" origId="s21" text="HMG-CoA Reductase Inhibitors: Simvastatin (CYP3A4 substrate) in combination with amiodarone has been associated with reports of myopathy/rhabdomyolysis."><entity id="DrugDDI.d273.s21.e0" origId="s21.p240" charOffset="0-28" type="drug" text="HMG-CoA Reductase Inhibitors"/><entity id="DrugDDI.d273.s21.e1" origId="s21.p242" charOffset="30-41" type="drug" text="Simvastatin"/><entity id="DrugDDI.d273.s21.e2" origId="s21.p244" charOffset="43-49" type="drug" text="CYP3A4"/><entity id="DrugDDI.d273.s21.e3" origId="s21.p247" charOffset="81-91" type="drug" text="amiodarone"/><pair id="DrugDDI.d273.s21.p0" e1="DrugDDI.d273.s21.e0" e2="DrugDDI.d273.s21.e1" interaction="false"/><pair id="DrugDDI.d273.s21.p1" e1="DrugDDI.d273.s21.e0" e2="DrugDDI.d273.s21.e2" interaction="false"/><pair id="DrugDDI.d273.s21.p2" e1="DrugDDI.d273.s21.e0" e2="DrugDDI.d273.s21.e3" interaction="false"/><pair id="DrugDDI.d273.s21.p3" e1="DrugDDI.d273.s21.e1" e2="DrugDDI.d273.s21.e2" interaction="false"/><pair id="DrugDDI.d273.s21.p4" e1="DrugDDI.d273.s21.e1" e2="DrugDDI.d273.s21.e3" interaction="true"/><pair id="DrugDDI.d273.s21.p5" e1="DrugDDI.d273.s21.e2" e2="DrugDDI.d273.s21.e3" interaction="false"/></sentence><sentence id="DrugDDI.d273.s22" origId="s22" text="Cardiovasculars: Cardiac glycosides: In patients receiving digoxin therapy, administration of oral amiodarone regularly results in an increase in serum digoxin concentration that may reach toxic levels with resultant clinical toxicity."><entity id="DrugDDI.d273.s22.e0" origId="s22.p256" charOffset="17-35" type="drug" text="Cardiac glycosides"/><entity id="DrugDDI.d273.s22.e1" origId="s22.p260" charOffset="59-66" type="drug" text="digoxin"/><entity id="DrugDDI.d273.s22.e2" origId="s22.p262" charOffset="99-109" type="drug" text="amiodarone"/><entity id="DrugDDI.d273.s22.e3" origId="s22.p265" charOffset="152-159" type="drug" text="digoxin"/><pair id="DrugDDI.d273.s22.p0" e1="DrugDDI.d273.s22.e0" e2="DrugDDI.d273.s22.e1" interaction="false"/><pair id="DrugDDI.d273.s22.p1" e1="DrugDDI.d273.s22.e0" e2="DrugDDI.d273.s22.e2" interaction="false"/><pair id="DrugDDI.d273.s22.p2" e1="DrugDDI.d273.s22.e0" e2="DrugDDI.d273.s22.e3" interaction="false"/><pair id="DrugDDI.d273.s22.p3" e1="DrugDDI.d273.s22.e1" e2="DrugDDI.d273.s22.e2" interaction="true"/><pair id="DrugDDI.d273.s22.p4" e1="DrugDDI.d273.s22.e1" e2="DrugDDI.d273.s22.e3" interaction="false"/><pair id="DrugDDI.d273.s22.p5" e1="DrugDDI.d273.s22.e2" e2="DrugDDI.d273.s22.e3" interaction="false"/></sentence><sentence id="DrugDDI.d273.s23" origId="s23" text="Amiodarone taken concomitantly with digoxin increases the serum digoxin concentration by 70% after one day."><entity id="DrugDDI.d273.s23.e0" origId="s23.p271" charOffset="0-10" type="drug" text="Amiodarone"/><entity id="DrugDDI.d273.s23.e1" origId="s23.p274" charOffset="36-43" type="drug" text="digoxin"/><entity id="DrugDDI.d273.s23.e2" origId="s23.p276" charOffset="64-71" type="drug" text="digoxin"/><pair id="DrugDDI.d273.s23.p0" e1="DrugDDI.d273.s23.e0" e2="DrugDDI.d273.s23.e1" interaction="true"/><pair id="DrugDDI.d273.s23.p1" e1="DrugDDI.d273.s23.e0" e2="DrugDDI.d273.s23.e2" interaction="false"/><pair id="DrugDDI.d273.s23.p2" e1="DrugDDI.d273.s23.e1" e2="DrugDDI.d273.s23.e2" interaction="false"/></sentence><sentence id="DrugDDI.d273.s24" origId="s24" text="On administration of oral amiodarone, the need for digitalis therapy should be reviewed and the dose reduced by approximately 50% or discontinued."><entity id="DrugDDI.d273.s24.e0" origId="s24.p280" charOffset="26-36" type="drug" text="amiodarone"/></sentence><sentence id="DrugDDI.d273.s25" origId="s25" text="If digitalis treatment is continued, serum levels should be closely monitored and patients observed for clinical evidence of toxicity."><entity id="DrugDDI.d273.s25.e0" origId="s25.p292" charOffset="3-12" type="drug" text="digitalis"/></sentence><sentence id="DrugDDI.d273.s26" origId="s26" text="These precautions probably should apply to digitoxin administration as well."><entity id="DrugDDI.d273.s26.e0" origId="s26.p310" charOffset="43-52" type="drug" text="digitoxin"/></sentence><sentence id="DrugDDI.d273.s27" origId="s27" text="Antiarrhythmics: Other antiarrhythmic drugs, such as quinidine, procainamide, disopyramide, and phenytoin, have been used concurrently with amiodarone."><entity id="DrugDDI.d273.s27.e0" origId="s27.p313" charOffset="0-15" type="drug" text="Antiarrhythmics"/><entity id="DrugDDI.d273.s27.e1" origId="s27.p315" charOffset="23-43" type="drug" text="antiarrhythmic drugs"/><entity id="DrugDDI.d273.s27.e2" origId="s27.p316" charOffset="53-62" type="drug" text="quinidine"/><entity id="DrugDDI.d273.s27.e3" origId="s27.p317" charOffset="64-76" type="drug" text="procainamide"/><entity id="DrugDDI.d273.s27.e4" origId="s27.p318" charOffset="78-90" type="drug" text="disopyramide"/><entity id="DrugDDI.d273.s27.e5" origId="s27.p320" charOffset="96-105" type="drug" text="phenytoin"/><entity id="DrugDDI.d273.s27.e6" origId="s27.p325" charOffset="140-150" type="drug" text="amiodarone"/><pair id="DrugDDI.d273.s27.p0" e1="DrugDDI.d273.s27.e0" e2="DrugDDI.d273.s27.e1" interaction="false"/><pair id="DrugDDI.d273.s27.p1" e1="DrugDDI.d273.s27.e0" e2="DrugDDI.d273.s27.e2" interaction="false"/><pair id="DrugDDI.d273.s27.p2" e1="DrugDDI.d273.s27.e0" e2="DrugDDI.d273.s27.e3" interaction="false"/><pair id="DrugDDI.d273.s27.p3" e1="DrugDDI.d273.s27.e0" e2="DrugDDI.d273.s27.e4" interaction="false"/><pair id="DrugDDI.d273.s27.p4" e1="DrugDDI.d273.s27.e0" e2="DrugDDI.d273.s27.e5" interaction="false"/><pair id="DrugDDI.d273.s27.p5" e1="DrugDDI.d273.s27.e0" e2="DrugDDI.d273.s27.e6" interaction="false"/><pair id="DrugDDI.d273.s27.p6" e1="DrugDDI.d273.s27.e1" e2="DrugDDI.d273.s27.e2" interaction="false"/><pair id="DrugDDI.d273.s27.p7" e1="DrugDDI.d273.s27.e1" e2="DrugDDI.d273.s27.e3" interaction="false"/><pair id="DrugDDI.d273.s27.p8" e1="DrugDDI.d273.s27.e1" e2="DrugDDI.d273.s27.e4" interaction="false"/><pair id="DrugDDI.d273.s27.p9" e1="DrugDDI.d273.s27.e1" e2="DrugDDI.d273.s27.e5" interaction="false"/><pair id="DrugDDI.d273.s27.p10" e1="DrugDDI.d273.s27.e1" e2="DrugDDI.d273.s27.e6" interaction="false"/><pair id="DrugDDI.d273.s27.p11" e1="DrugDDI.d273.s27.e2" e2="DrugDDI.d273.s27.e3" interaction="false"/><pair id="DrugDDI.d273.s27.p12" e1="DrugDDI.d273.s27.e2" e2="DrugDDI.d273.s27.e4" interaction="false"/><pair id="DrugDDI.d273.s27.p13" e1="DrugDDI.d273.s27.e2" e2="DrugDDI.d273.s27.e5" interaction="false"/><pair id="DrugDDI.d273.s27.p14" e1="DrugDDI.d273.s27.e2" e2="DrugDDI.d273.s27.e6" interaction="false"/><pair id="DrugDDI.d273.s27.p15" e1="DrugDDI.d273.s27.e3" e2="DrugDDI.d273.s27.e4" interaction="false"/><pair id="DrugDDI.d273.s27.p16" e1="DrugDDI.d273.s27.e3" e2="DrugDDI.d273.s27.e5" interaction="false"/><pair id="DrugDDI.d273.s27.p17" e1="DrugDDI.d273.s27.e3" e2="DrugDDI.d273.s27.e6" interaction="false"/><pair id="DrugDDI.d273.s27.p18" e1="DrugDDI.d273.s27.e4" e2="DrugDDI.d273.s27.e5" interaction="false"/><pair id="DrugDDI.d273.s27.p19" e1="DrugDDI.d273.s27.e4" e2="DrugDDI.d273.s27.e6" interaction="false"/><pair id="DrugDDI.d273.s27.p20" e1="DrugDDI.d273.s27.e5" e2="DrugDDI.d273.s27.e6" interaction="false"/></sentence><sentence id="DrugDDI.d273.s28" origId="s28" text="There have been case reports of increased steady-state levels of quinidine, procainamide, and phenytoin during concomitant therapy with amiodarone."><entity id="DrugDDI.d273.s28.e0" origId="s28.p332" charOffset="65-74" type="drug" text="quinidine"/><entity id="DrugDDI.d273.s28.e1" origId="s28.p333" charOffset="76-88" type="drug" text="procainamide"/><entity id="DrugDDI.d273.s28.e2" origId="s28.p335" charOffset="94-103" type="drug" text="phenytoin"/><entity id="DrugDDI.d273.s28.e3" origId="s28.p337" charOffset="136-146" type="drug" text="amiodarone"/><pair id="DrugDDI.d273.s28.p0" e1="DrugDDI.d273.s28.e0" e2="DrugDDI.d273.s28.e1" interaction="false"/><pair id="DrugDDI.d273.s28.p1" e1="DrugDDI.d273.s28.e0" e2="DrugDDI.d273.s28.e2" interaction="false"/><pair id="DrugDDI.d273.s28.p2" e1="DrugDDI.d273.s28.e0" e2="DrugDDI.d273.s28.e3" interaction="true"/><pair id="DrugDDI.d273.s28.p3" e1="DrugDDI.d273.s28.e1" e2="DrugDDI.d273.s28.e2" interaction="false"/><pair id="DrugDDI.d273.s28.p4" e1="DrugDDI.d273.s28.e1" e2="DrugDDI.d273.s28.e3" interaction="false"/><pair id="DrugDDI.d273.s28.p5" e1="DrugDDI.d273.s28.e2" e2="DrugDDI.d273.s28.e3" interaction="true"/></sentence><sentence id="DrugDDI.d273.s29" origId="s29" text="Phenytoin decreases serum amiodarone levels."><entity id="DrugDDI.d273.s29.e0" origId="s29.p338" charOffset="0-9" type="drug" text="Phenytoin"/></sentence><sentence id="DrugDDI.d273.s30" origId="s30" text="Amiodarone taken concomitantly with quinidine increases quinidine serum concentration by 33% after two days."><entity id="DrugDDI.d273.s30.e0" origId="s30.p341" charOffset="0-10" type="drug" text="Amiodarone"/><entity id="DrugDDI.d273.s30.e1" origId="s30.p344" charOffset="36-45" type="drug" text="quinidine"/><entity id="DrugDDI.d273.s30.e2" origId="s30.p346" charOffset="56-65" type="drug" text="quinidine"/><pair id="DrugDDI.d273.s30.p0" e1="DrugDDI.d273.s30.e0" e2="DrugDDI.d273.s30.e1" interaction="true"/><pair id="DrugDDI.d273.s30.p1" e1="DrugDDI.d273.s30.e0" e2="DrugDDI.d273.s30.e2" interaction="false"/><pair id="DrugDDI.d273.s30.p2" e1="DrugDDI.d273.s30.e1" e2="DrugDDI.d273.s30.e2" interaction="false"/></sentence><sentence id="DrugDDI.d273.s31" origId="s31" text="Amiodarone taken concomitantly with procainamide for less than seven days increases plasma concentrations of procainamide and n-acetyl procainamide by 55% and 33%, respectively."><entity id="DrugDDI.d273.s31.e0" origId="s31.p349" charOffset="0-10" type="drug" text="Amiodarone"/><entity id="DrugDDI.d273.s31.e1" origId="s31.p352" charOffset="36-48" type="drug" text="procainamide"/><entity id="DrugDDI.d273.s31.e2" origId="s31.p357" charOffset="109-121" type="drug" text="procainamide"/><entity id="DrugDDI.d273.s31.e3" origId="s31.p359" charOffset="135-147" type="drug" text="procainamide"/><pair id="DrugDDI.d273.s31.p0" e1="DrugDDI.d273.s31.e0" e2="DrugDDI.d273.s31.e1" interaction="true"/><pair id="DrugDDI.d273.s31.p1" e1="DrugDDI.d273.s31.e0" e2="DrugDDI.d273.s31.e2" interaction="false"/><pair id="DrugDDI.d273.s31.p2" e1="DrugDDI.d273.s31.e0" e2="DrugDDI.d273.s31.e3" interaction="false"/><pair id="DrugDDI.d273.s31.p3" e1="DrugDDI.d273.s31.e1" e2="DrugDDI.d273.s31.e2" interaction="false"/><pair id="DrugDDI.d273.s31.p4" e1="DrugDDI.d273.s31.e1" e2="DrugDDI.d273.s31.e3" interaction="false"/><pair id="DrugDDI.d273.s31.p5" e1="DrugDDI.d273.s31.e2" e2="DrugDDI.d273.s31.e3" interaction="false"/></sentence><sentence id="DrugDDI.d273.s32" origId="s32" text="Quinidine and procainamide doses should be reduced by one-third when either is administered with amiodarone."><entity id="DrugDDI.d273.s32.e0" origId="s32.p362" charOffset="0-9" type="drug" text="Quinidine"/><entity id="DrugDDI.d273.s32.e1" origId="s32.p373" charOffset="97-107" type="drug" text="amiodarone"/><pair id="DrugDDI.d273.s32.p0" e1="DrugDDI.d273.s32.e0" e2="DrugDDI.d273.s32.e1" interaction="true"/></sentence><sentence id="DrugDDI.d273.s33" origId="s33" text="Plasma levels of flecainide have been reported to increase in the presence of oral amiodarone;"><entity id="DrugDDI.d273.s33.e0" origId="s33.p375" charOffset="17-27" type="drug" text="flecainide"/><entity id="DrugDDI.d273.s33.e1" origId="s33.p382" charOffset="83-93" type="drug" text="amiodarone"/><pair id="DrugDDI.d273.s33.p0" e1="DrugDDI.d273.s33.e0" e2="DrugDDI.d273.s33.e1" interaction="true"/></sentence><sentence id="DrugDDI.d273.s34" origId="s34" text="because of this, the dosage of flecainide should be adjusted when these drugs are administered concomitantly."><entity id="DrugDDI.d273.s34.e0" origId="s34.p386" charOffset="31-41" type="drug" text="flecainide"/><entity id="DrugDDI.d273.s34.e1" origId="s34.p391" charOffset="72-77" type="drug" text="drugs"/><pair id="DrugDDI.d273.s34.p0" e1="DrugDDI.d273.s34.e0" e2="DrugDDI.d273.s34.e1" interaction="true"/></sentence><sentence id="DrugDDI.d273.s35" origId="s35" text="In general, any added antiarrhythmic drug should be initiated at a lower than usual dose with careful monitoring."><entity id="DrugDDI.d273.s35.e0" origId="s35.p396" charOffset="22-41" type="drug" text="antiarrhythmic drug"/></sentence><sentence id="DrugDDI.d273.s36" origId="s36" text="Combination of amiodarone with other antiarrhythmic therapy should be reserved for patients with life-threatening ventricular arrhythmias who are incompletely responsive to a single agent or incompletely responsive to amiodarone."><entity id="DrugDDI.d273.s36.e0" origId="s36.p404" charOffset="15-25" type="drug" text="amiodarone"/><entity id="DrugDDI.d273.s36.e1" origId="s36.p405" charOffset="37-52" type="drug" text="antiarrhythmic"/><entity id="DrugDDI.d273.s36.e2" origId="s36.p417" charOffset="218-228" type="drug" text="amiodarone"/><pair id="DrugDDI.d273.s36.p0" e1="DrugDDI.d273.s36.e0" e2="DrugDDI.d273.s36.e1" interaction="true"/><pair id="DrugDDI.d273.s36.p1" e1="DrugDDI.d273.s36.e0" e2="DrugDDI.d273.s36.e2" interaction="false"/><pair id="DrugDDI.d273.s36.p2" e1="DrugDDI.d273.s36.e1" e2="DrugDDI.d273.s36.e2" interaction="false"/></sentence><sentence id="DrugDDI.d273.s37" origId="s37" text="During transfer to oral amiodarone, the dose levels of previously administered agents should be reduced by 30 to 50% several days after the addition of oral amiodarone."><entity id="DrugDDI.d273.s37.e0" origId="s37.p419" charOffset="24-34" type="drug" text="amiodarone"/><entity id="DrugDDI.d273.s37.e1" origId="s37.p428" charOffset="157-167" type="drug" text="amiodarone"/><pair id="DrugDDI.d273.s37.p0" e1="DrugDDI.d273.s37.e0" e2="DrugDDI.d273.s37.e1" interaction="false"/></sentence><sentence id="DrugDDI.d273.s38" origId="s38" text="The continued need for the other antiarrhythmic agent should be reviewed after the effects of amiodarone have been established, and discontinuation ordinarily should be attempted."><entity id="DrugDDI.d273.s38.e0" origId="s38.p430" charOffset="33-53" type="drug" text="antiarrhythmic agent"/><entity id="DrugDDI.d273.s38.e1" origId="s38.p435" charOffset="94-104" type="drug" text="amiodarone"/><pair id="DrugDDI.d273.s38.p0" e1="DrugDDI.d273.s38.e0" e2="DrugDDI.d273.s38.e1" interaction="false"/></sentence><sentence id="DrugDDI.d273.s39" origId="s39" text="If the treatment is continued, these patients should be particularly carefully monitored for adverse effects, especially conduction disturbances and exacerbation of tachyarrhythmias, as amiodarone is continued."><entity id="DrugDDI.d273.s39.e0" origId="s39.p460" charOffset="186-196" type="drug" text="amiodarone"/></sentence><sentence id="DrugDDI.d273.s40" origId="s40" text="In amiodarone-treated patients who require additional antiarrhythmic therapy, the initial dose of such agents should be approximately half of the usual recommended dose."><entity id="DrugDDI.d273.s40.e0" origId="s40.p463" charOffset="3-13" type="drug" text="amiodarone"/><entity id="DrugDDI.d273.s40.e1" origId="s40.p466" charOffset="54-69" type="drug" text="antiarrhythmic"/><pair id="DrugDDI.d273.s40.p0" e1="DrugDDI.d273.s40.e0" e2="DrugDDI.d273.s40.e1" interaction="false"/></sentence><sentence id="DrugDDI.d273.s41" origId="s41" text="Antihypertensives: Amiodarone should be used with caution in patients receiving ?-receptor blocking agents (e.g., propranolol, a CYP3A4 inhibitor) or calcium channel antagonists (e.g., verapamil, a CYP3A4 substrate, and diltiazem, a CYP3A4 inhibitor) because of the possible potentiation of bradycardia, sinus arrest, and AV block;"><entity id="DrugDDI.d273.s41.e0" origId="s41.p473" charOffset="0-17" type="drug" text="Antihypertensives"/><entity id="DrugDDI.d273.s41.e1" origId="s41.p475" charOffset="19-29" type="drug" text="Amiodarone"/><entity id="DrugDDI.d273.s41.e2" origId="s41.p482" charOffset="82-90" type="drug" text="receptor"/><entity id="DrugDDI.d273.s41.e3" origId="s41.p485" charOffset="114-125" type="drug" text="propranolol"/><entity id="DrugDDI.d273.s41.e4" origId="s41.p486" charOffset="129-135" type="drug" text="CYP3A4"/><entity id="DrugDDI.d273.s41.e5" origId="s41.p489" charOffset="150-165" type="drug" text="calcium channel"/><entity id="DrugDDI.d273.s41.e6" origId="s41.p492" charOffset="185-194" type="drug" text="verapamil"/><entity id="DrugDDI.d273.s41.e7" origId="s41.p493" charOffset="198-204" type="drug" text="CYP3A4"/><entity id="DrugDDI.d273.s41.e8" origId="s41.p495" charOffset="220-229" type="drug" text="diltiazem"/><entity id="DrugDDI.d273.s41.e9" origId="s41.p496" charOffset="233-239" type="drug" text="CYP3A4"/><pair id="DrugDDI.d273.s41.p0" e1="DrugDDI.d273.s41.e0" e2="DrugDDI.d273.s41.e1" interaction="false"/><pair id="DrugDDI.d273.s41.p1" e1="DrugDDI.d273.s41.e0" e2="DrugDDI.d273.s41.e2" interaction="false"/><pair id="DrugDDI.d273.s41.p2" e1="DrugDDI.d273.s41.e0" e2="DrugDDI.d273.s41.e3" interaction="false"/><pair id="DrugDDI.d273.s41.p3" e1="DrugDDI.d273.s41.e0" e2="DrugDDI.d273.s41.e4" interaction="false"/><pair id="DrugDDI.d273.s41.p4" e1="DrugDDI.d273.s41.e0" e2="DrugDDI.d273.s41.e5" interaction="false"/><pair id="DrugDDI.d273.s41.p5" e1="DrugDDI.d273.s41.e0" e2="DrugDDI.d273.s41.e6" interaction="false"/><pair id="DrugDDI.d273.s41.p6" e1="DrugDDI.d273.s41.e0" e2="DrugDDI.d273.s41.e7" interaction="false"/><pair id="DrugDDI.d273.s41.p7" e1="DrugDDI.d273.s41.e0" e2="DrugDDI.d273.s41.e8" interaction="false"/><pair id="DrugDDI.d273.s41.p8" e1="DrugDDI.d273.s41.e0" e2="DrugDDI.d273.s41.e9" interaction="false"/><pair id="DrugDDI.d273.s41.p9" e1="DrugDDI.d273.s41.e1" e2="DrugDDI.d273.s41.e2" interaction="true"/><pair id="DrugDDI.d273.s41.p10" e1="DrugDDI.d273.s41.e1" e2="DrugDDI.d273.s41.e3" interaction="false"/><pair id="DrugDDI.d273.s41.p11" e1="DrugDDI.d273.s41.e1" e2="DrugDDI.d273.s41.e4" interaction="false"/><pair id="DrugDDI.d273.s41.p12" e1="DrugDDI.d273.s41.e1" e2="DrugDDI.d273.s41.e5" interaction="true"/><pair id="DrugDDI.d273.s41.p13" e1="DrugDDI.d273.s41.e1" e2="DrugDDI.d273.s41.e6" interaction="false"/><pair id="DrugDDI.d273.s41.p14" e1="DrugDDI.d273.s41.e1" e2="DrugDDI.d273.s41.e7" interaction="false"/><pair id="DrugDDI.d273.s41.p15" e1="DrugDDI.d273.s41.e1" e2="DrugDDI.d273.s41.e8" interaction="true"/><pair id="DrugDDI.d273.s41.p16" e1="DrugDDI.d273.s41.e1" e2="DrugDDI.d273.s41.e9" interaction="false"/><pair id="DrugDDI.d273.s41.p17" e1="DrugDDI.d273.s41.e2" e2="DrugDDI.d273.s41.e3" interaction="false"/><pair id="DrugDDI.d273.s41.p18" e1="DrugDDI.d273.s41.e2" e2="DrugDDI.d273.s41.e4" interaction="false"/><pair id="DrugDDI.d273.s41.p19" e1="DrugDDI.d273.s41.e2" e2="DrugDDI.d273.s41.e5" interaction="false"/><pair id="DrugDDI.d273.s41.p20" e1="DrugDDI.d273.s41.e2" e2="DrugDDI.d273.s41.e6" interaction="false"/><pair id="DrugDDI.d273.s41.p21" e1="DrugDDI.d273.s41.e2" e2="DrugDDI.d273.s41.e7" interaction="false"/><pair id="DrugDDI.d273.s41.p22" e1="DrugDDI.d273.s41.e2" e2="DrugDDI.d273.s41.e8" interaction="false"/><pair id="DrugDDI.d273.s41.p23" e1="DrugDDI.d273.s41.e2" e2="DrugDDI.d273.s41.e9" interaction="false"/><pair id="DrugDDI.d273.s41.p24" e1="DrugDDI.d273.s41.e3" e2="DrugDDI.d273.s41.e4" interaction="false"/><pair id="DrugDDI.d273.s41.p25" e1="DrugDDI.d273.s41.e3" e2="DrugDDI.d273.s41.e5" interaction="false"/><pair id="DrugDDI.d273.s41.p26" e1="DrugDDI.d273.s41.e3" e2="DrugDDI.d273.s41.e6" interaction="false"/><pair id="DrugDDI.d273.s41.p27" e1="DrugDDI.d273.s41.e3" e2="DrugDDI.d273.s41.e7" interaction="false"/><pair id="DrugDDI.d273.s41.p28" e1="DrugDDI.d273.s41.e3" e2="DrugDDI.d273.s41.e8" interaction="false"/><pair id="DrugDDI.d273.s41.p29" e1="DrugDDI.d273.s41.e3" e2="DrugDDI.d273.s41.e9" interaction="false"/><pair id="DrugDDI.d273.s41.p30" e1="DrugDDI.d273.s41.e4" e2="DrugDDI.d273.s41.e5" interaction="false"/><pair id="DrugDDI.d273.s41.p31" e1="DrugDDI.d273.s41.e4" e2="DrugDDI.d273.s41.e6" interaction="false"/><pair id="DrugDDI.d273.s41.p32" e1="DrugDDI.d273.s41.e4" e2="DrugDDI.d273.s41.e7" interaction="false"/><pair id="DrugDDI.d273.s41.p33" e1="DrugDDI.d273.s41.e4" e2="DrugDDI.d273.s41.e8" interaction="false"/><pair id="DrugDDI.d273.s41.p34" e1="DrugDDI.d273.s41.e4" e2="DrugDDI.d273.s41.e9" interaction="false"/><pair id="DrugDDI.d273.s41.p35" e1="DrugDDI.d273.s41.e5" e2="DrugDDI.d273.s41.e6" interaction="false"/><pair id="DrugDDI.d273.s41.p36" e1="DrugDDI.d273.s41.e5" e2="DrugDDI.d273.s41.e7" interaction="false"/><pair id="DrugDDI.d273.s41.p37" e1="DrugDDI.d273.s41.e5" e2="DrugDDI.d273.s41.e8" interaction="false"/><pair id="DrugDDI.d273.s41.p38" e1="DrugDDI.d273.s41.e5" e2="DrugDDI.d273.s41.e9" interaction="false"/><pair id="DrugDDI.d273.s41.p39" e1="DrugDDI.d273.s41.e6" e2="DrugDDI.d273.s41.e7" interaction="false"/><pair id="DrugDDI.d273.s41.p40" e1="DrugDDI.d273.s41.e6" e2="DrugDDI.d273.s41.e8" interaction="false"/><pair id="DrugDDI.d273.s41.p41" e1="DrugDDI.d273.s41.e6" e2="DrugDDI.d273.s41.e9" interaction="false"/><pair id="DrugDDI.d273.s41.p42" e1="DrugDDI.d273.s41.e7" e2="DrugDDI.d273.s41.e8" interaction="false"/><pair id="DrugDDI.d273.s41.p43" e1="DrugDDI.d273.s41.e7" e2="DrugDDI.d273.s41.e9" interaction="false"/><pair id="DrugDDI.d273.s41.p44" e1="DrugDDI.d273.s41.e8" e2="DrugDDI.d273.s41.e9" interaction="false"/></sentence><sentence id="DrugDDI.d273.s42" origId="s42" text="if necessary, amiodarone can continue to be used after insertion of a pacemaker in patients with severe bradycardia or sinus arrest."><entity id="DrugDDI.d273.s42.e0" origId="s42.p504" charOffset="14-24" type="drug" text="amiodarone"/></sentence><sentence id="DrugDDI.d273.s43" origId="s43" text="Anticoagulants: Potentiation of warfarin-type (CYP2C9 and CYP3A4 substrate) anticoagulant response is almost always seen in patients receiving amiodarone and can result in serious or fatal bleeding."><entity id="DrugDDI.d273.s43.e0" origId="s43.p516" charOffset="0-14" type="drug" text="Anticoagulants"/><entity id="DrugDDI.d273.s43.e1" origId="s43.p519" charOffset="32-40" type="drug" text="warfarin"/><entity id="DrugDDI.d273.s43.e2" origId="s43.p521" charOffset="47-53" type="drug" text="CYP2C9"/><entity id="DrugDDI.d273.s43.e3" origId="s43.p523" charOffset="58-64" type="drug" text="CYP3A4"/><entity id="DrugDDI.d273.s43.e4" origId="s43.p525" charOffset="76-89" type="drug" text="anticoagulant"/><entity id="DrugDDI.d273.s43.e5" origId="s43.p531" charOffset="143-153" type="drug" text="amiodarone"/><pair id="DrugDDI.d273.s43.p0" e1="DrugDDI.d273.s43.e0" e2="DrugDDI.d273.s43.e1" interaction="false"/><pair id="DrugDDI.d273.s43.p1" e1="DrugDDI.d273.s43.e0" e2="DrugDDI.d273.s43.e2" interaction="false"/><pair id="DrugDDI.d273.s43.p2" e1="DrugDDI.d273.s43.e0" e2="DrugDDI.d273.s43.e3" interaction="false"/><pair id="DrugDDI.d273.s43.p3" e1="DrugDDI.d273.s43.e0" e2="DrugDDI.d273.s43.e4" interaction="false"/><pair id="DrugDDI.d273.s43.p4" e1="DrugDDI.d273.s43.e0" e2="DrugDDI.d273.s43.e5" interaction="false"/><pair id="DrugDDI.d273.s43.p5" e1="DrugDDI.d273.s43.e1" e2="DrugDDI.d273.s43.e2" interaction="false"/><pair id="DrugDDI.d273.s43.p6" e1="DrugDDI.d273.s43.e1" e2="DrugDDI.d273.s43.e3" interaction="false"/><pair id="DrugDDI.d273.s43.p7" e1="DrugDDI.d273.s43.e1" e2="DrugDDI.d273.s43.e4" interaction="false"/><pair id="DrugDDI.d273.s43.p8" e1="DrugDDI.d273.s43.e1" e2="DrugDDI.d273.s43.e5" interaction="true"/><pair id="DrugDDI.d273.s43.p9" e1="DrugDDI.d273.s43.e2" e2="DrugDDI.d273.s43.e3" interaction="false"/><pair id="DrugDDI.d273.s43.p10" e1="DrugDDI.d273.s43.e2" e2="DrugDDI.d273.s43.e4" interaction="false"/><pair id="DrugDDI.d273.s43.p11" e1="DrugDDI.d273.s43.e2" e2="DrugDDI.d273.s43.e5" interaction="false"/><pair id="DrugDDI.d273.s43.p12" e1="DrugDDI.d273.s43.e3" e2="DrugDDI.d273.s43.e4" interaction="false"/><pair id="DrugDDI.d273.s43.p13" e1="DrugDDI.d273.s43.e3" e2="DrugDDI.d273.s43.e5" interaction="false"/><pair id="DrugDDI.d273.s43.p14" e1="DrugDDI.d273.s43.e4" e2="DrugDDI.d273.s43.e5" interaction="false"/></sentence><sentence id="DrugDDI.d273.s44" origId="s44" text="Since the concomitant administration of warfarin with amiodarone increases the prothrombin time by 100% after 3 to 4 days, the dose of the anticoagulant should be reduced by one-third to one-half, and prothrombin times should be monitored closely."><entity id="DrugDDI.d273.s44.e0" origId="s44.p540" charOffset="40-48" type="drug" text="warfarin"/><entity id="DrugDDI.d273.s44.e1" origId="s44.p541" charOffset="54-64" type="drug" text="amiodarone"/><entity id="DrugDDI.d273.s44.e2" origId="s44.p548" charOffset="139-152" type="drug" text="anticoagulant"/><pair id="DrugDDI.d273.s44.p0" e1="DrugDDI.d273.s44.e0" e2="DrugDDI.d273.s44.e1" interaction="true"/><pair id="DrugDDI.d273.s44.p1" e1="DrugDDI.d273.s44.e0" e2="DrugDDI.d273.s44.e2" interaction="false"/><pair id="DrugDDI.d273.s44.p2" e1="DrugDDI.d273.s44.e1" e2="DrugDDI.d273.s44.e2" interaction="false"/></sentence><sentence id="DrugDDI.d273.s45" origId="s45" text="Some drugs/substances are known to accelerate the metabolism of amiodarone by stimulating the synthesis of CYP3A4 (enzyme induction)."><entity id="DrugDDI.d273.s45.e0" origId="s45.p560" charOffset="5-10" type="drug" text="drugs"/><entity id="DrugDDI.d273.s45.e1" origId="s45.p567" charOffset="64-74" type="drug" text="amiodarone"/><entity id="DrugDDI.d273.s45.e2" origId="s45.p569" charOffset="107-113" type="drug" text="CYP3A4"/><pair id="DrugDDI.d273.s45.p0" e1="DrugDDI.d273.s45.e0" e2="DrugDDI.d273.s45.e1" interaction="true"/><pair id="DrugDDI.d273.s45.p1" e1="DrugDDI.d273.s45.e0" e2="DrugDDI.d273.s45.e2" interaction="false"/><pair id="DrugDDI.d273.s45.p2" e1="DrugDDI.d273.s45.e1" e2="DrugDDI.d273.s45.e2" interaction="false"/></sentence><sentence id="DrugDDI.d273.s46" origId="s46" text="This may lead to low amiodarone serum levels and potential decrease in efficacy."><entity id="DrugDDI.d273.s46.e0" origId="s46.p576" charOffset="21-31" type="drug" text="amiodarone"/></sentence><sentence id="DrugDDI.d273.s47" origId="s47" text="Reported examples of this interaction include the following: Antibiotics: Rifampin is a potent inducer of CYP3A4."><entity id="DrugDDI.d273.s47.e0" origId="s47.p585" charOffset="61-72" type="drug" text="Antibiotics"/><entity id="DrugDDI.d273.s47.e1" origId="s47.p587" charOffset="74-82" type="drug" text="Rifampin"/><entity id="DrugDDI.d273.s47.e2" origId="s47.p590" charOffset="106-112" type="drug" text="CYP3A4"/><pair id="DrugDDI.d273.s47.p0" e1="DrugDDI.d273.s47.e0" e2="DrugDDI.d273.s47.e1" interaction="false"/><pair id="DrugDDI.d273.s47.p1" e1="DrugDDI.d273.s47.e0" e2="DrugDDI.d273.s47.e2" interaction="false"/><pair id="DrugDDI.d273.s47.p2" e1="DrugDDI.d273.s47.e1" e2="DrugDDI.d273.s47.e2" interaction="true"/></sentence><sentence id="DrugDDI.d273.s48" origId="s48" text="Administration of rifampin concomitantly with oral amiodarone has been shown to result in decreases in serum concentrations of amiodarone and desethylamiodarone."><entity id="DrugDDI.d273.s48.e0" origId="s48.p592" charOffset="18-26" type="drug" text="rifampin"/><entity id="DrugDDI.d273.s48.e1" origId="s48.p593" charOffset="51-61" type="drug" text="amiodarone"/><entity id="DrugDDI.d273.s48.e2" origId="s48.p601" charOffset="127-137" type="drug" text="amiodarone"/><entity id="DrugDDI.d273.s48.e3" origId="s48.p603" charOffset="142-160" type="drug" text="desethylamiodarone"/><pair id="DrugDDI.d273.s48.p0" e1="DrugDDI.d273.s48.e0" e2="DrugDDI.d273.s48.e1" interaction="true"/><pair id="DrugDDI.d273.s48.p1" e1="DrugDDI.d273.s48.e0" e2="DrugDDI.d273.s48.e2" interaction="false"/><pair id="DrugDDI.d273.s48.p2" e1="DrugDDI.d273.s48.e0" e2="DrugDDI.d273.s48.e3" interaction="false"/><pair id="DrugDDI.d273.s48.p3" e1="DrugDDI.d273.s48.e1" e2="DrugDDI.d273.s48.e2" interaction="false"/><pair id="DrugDDI.d273.s48.p4" e1="DrugDDI.d273.s48.e1" e2="DrugDDI.d273.s48.e3" interaction="false"/><pair id="DrugDDI.d273.s48.p5" e1="DrugDDI.d273.s48.e2" e2="DrugDDI.d273.s48.e3" interaction="false"/></sentence><sentence id="DrugDDI.d273.s49" origId="s49" text="Other substances, including herbal preparations: St. John?s Wort (Hypericum perforatum) induces CYP3A4."><entity id="DrugDDI.d273.s49.e0" origId="s49.p606" charOffset="28-47" type="drug" text="herbal preparations"/><entity id="DrugDDI.d273.s49.e1" origId="s49.p610" charOffset="66-86" type="drug" text="Hypericum perforatum"/><entity id="DrugDDI.d273.s49.e2" origId="s49.p613" charOffset="96-102" type="drug" text="CYP3A4"/><pair id="DrugDDI.d273.s49.p0" e1="DrugDDI.d273.s49.e0" e2="DrugDDI.d273.s49.e1" interaction="false"/><pair id="DrugDDI.d273.s49.p1" e1="DrugDDI.d273.s49.e0" e2="DrugDDI.d273.s49.e2" interaction="false"/><pair id="DrugDDI.d273.s49.p2" e1="DrugDDI.d273.s49.e1" e2="DrugDDI.d273.s49.e2" interaction="false"/></sentence><sentence id="DrugDDI.d273.s50" origId="s50" text="Since amiodarone is a substrate for CYP3A4, there is the potential that the use of St. John?s Wort in patients receiving amiodarone could result in reduced amiodarone levels."><entity id="DrugDDI.d273.s50.e0" origId="s50.p615" charOffset="6-16" type="drug" text="amiodarone"/><entity id="DrugDDI.d273.s50.e1" origId="s50.p618" charOffset="36-42" type="drug" text="CYP3A4"/><entity id="DrugDDI.d273.s50.e2" origId="s50.p626" charOffset="121-131" type="drug" text="amiodarone"/><entity id="DrugDDI.d273.s50.e3" origId="s50.p631" charOffset="156-166" type="drug" text="amiodarone"/><pair id="DrugDDI.d273.s50.p0" e1="DrugDDI.d273.s50.e0" e2="DrugDDI.d273.s50.e1" interaction="false"/><pair id="DrugDDI.d273.s50.p1" e1="DrugDDI.d273.s50.e0" e2="DrugDDI.d273.s50.e2" interaction="false"/><pair id="DrugDDI.d273.s50.p2" e1="DrugDDI.d273.s50.e0" e2="DrugDDI.d273.s50.e3" interaction="false"/><pair id="DrugDDI.d273.s50.p3" e1="DrugDDI.d273.s50.e1" e2="DrugDDI.d273.s50.e2" interaction="false"/><pair id="DrugDDI.d273.s50.p4" e1="DrugDDI.d273.s50.e1" e2="DrugDDI.d273.s50.e3" interaction="false"/><pair id="DrugDDI.d273.s50.p5" e1="DrugDDI.d273.s50.e2" e2="DrugDDI.d273.s50.e3" interaction="false"/></sentence><sentence id="DrugDDI.d273.s51" origId="s51" text="Other reported interactions with amiodarone: Fentanyl (CYP3A4 substrate) in combination with amiodarone may cause hypotension, bradycardia, and decreased cardiac output."><entity id="DrugDDI.d273.s51.e0" origId="s51.p633" charOffset="33-43" type="drug" text="amiodarone"/><entity id="DrugDDI.d273.s51.e1" origId="s51.p635" charOffset="45-53" type="drug" text="Fentanyl"/><entity id="DrugDDI.d273.s51.e2" origId="s51.p637" charOffset="55-61" type="drug" text="CYP3A4"/><entity id="DrugDDI.d273.s51.e3" origId="s51.p640" charOffset="93-103" type="drug" text="amiodarone"/><pair id="DrugDDI.d273.s51.p0" e1="DrugDDI.d273.s51.e0" e2="DrugDDI.d273.s51.e1" interaction="false"/><pair id="DrugDDI.d273.s51.p1" e1="DrugDDI.d273.s51.e0" e2="DrugDDI.d273.s51.e2" interaction="false"/><pair id="DrugDDI.d273.s51.p2" e1="DrugDDI.d273.s51.e0" e2="DrugDDI.d273.s51.e3" interaction="false"/><pair id="DrugDDI.d273.s51.p3" e1="DrugDDI.d273.s51.e1" e2="DrugDDI.d273.s51.e2" interaction="false"/><pair id="DrugDDI.d273.s51.p4" e1="DrugDDI.d273.s51.e1" e2="DrugDDI.d273.s51.e3" interaction="true"/><pair id="DrugDDI.d273.s51.p5" e1="DrugDDI.d273.s51.e2" e2="DrugDDI.d273.s51.e3" interaction="false"/></sentence><sentence id="DrugDDI.d273.s52" origId="s52" text="Sinus bradycardia has been reported with oral amiodarone in combination with lidocaine (CYP3A4 substrate) given for local anesthesia."><entity id="DrugDDI.d273.s52.e0" origId="s52.p651" charOffset="46-56" type="drug" text="amiodarone"/><entity id="DrugDDI.d273.s52.e1" origId="s52.p653" charOffset="77-86" type="drug" text="lidocaine"/><entity id="DrugDDI.d273.s52.e2" origId="s52.p655" charOffset="88-94" type="drug" text="CYP3A4"/><entity id="DrugDDI.d273.s52.e3" origId="s52.p658" charOffset="116-132" type="drug" text="local anesthesia"/><pair id="DrugDDI.d273.s52.p0" e1="DrugDDI.d273.s52.e0" e2="DrugDDI.d273.s52.e1" interaction="true"/><pair id="DrugDDI.d273.s52.p1" e1="DrugDDI.d273.s52.e0" e2="DrugDDI.d273.s52.e2" interaction="false"/><pair id="DrugDDI.d273.s52.p2" e1="DrugDDI.d273.s52.e0" e2="DrugDDI.d273.s52.e3" interaction="false"/><pair id="DrugDDI.d273.s52.p3" e1="DrugDDI.d273.s52.e1" e2="DrugDDI.d273.s52.e2" interaction="false"/><pair id="DrugDDI.d273.s52.p4" e1="DrugDDI.d273.s52.e1" e2="DrugDDI.d273.s52.e3" interaction="false"/><pair id="DrugDDI.d273.s52.p5" e1="DrugDDI.d273.s52.e2" e2="DrugDDI.d273.s52.e3" interaction="false"/></sentence><sentence id="DrugDDI.d273.s53" origId="s53" text="Seizure, associated with increased lidocaine concentrations, has been reported with concomitant administration of intravenous amiodarone."><entity id="DrugDDI.d273.s53.e0" origId="s53.p661" charOffset="35-44" type="drug" text="lidocaine"/><entity id="DrugDDI.d273.s53.e1" origId="s53.p666" charOffset="126-136" type="drug" text="amiodarone"/><pair id="DrugDDI.d273.s53.p0" e1="DrugDDI.d273.s53.e0" e2="DrugDDI.d273.s53.e1" interaction="true"/></sentence><sentence id="DrugDDI.d273.s54" origId="s54" text="Dextromethorphan is a substrate for both CYP2D6 and CYP3A4."><entity id="DrugDDI.d273.s54.e0" origId="s54.p667" charOffset="0-16" type="drug" text="Dextromethorphan"/><entity id="DrugDDI.d273.s54.e1" origId="s54.p672" charOffset="41-47" type="drug" text="CYP2D6"/><entity id="DrugDDI.d273.s54.e2" origId="s54.p674" charOffset="52-58" type="drug" text="CYP3A4"/><pair id="DrugDDI.d273.s54.p0" e1="DrugDDI.d273.s54.e0" e2="DrugDDI.d273.s54.e1" interaction="true"/><pair id="DrugDDI.d273.s54.p1" e1="DrugDDI.d273.s54.e0" e2="DrugDDI.d273.s54.e2" interaction="false"/><pair id="DrugDDI.d273.s54.p2" e1="DrugDDI.d273.s54.e1" e2="DrugDDI.d273.s54.e2" interaction="false"/></sentence><sentence id="DrugDDI.d273.s55" origId="s55" text="Amiodarone inhibits CYP2D6."><entity id="DrugDDI.d273.s55.e0" origId="s55.p675" charOffset="0-10" type="drug" text="Amiodarone"/><entity id="DrugDDI.d273.s55.e1" origId="s55.p677" charOffset="20-26" type="drug" text="CYP2D6"/><pair id="DrugDDI.d273.s55.p0" e1="DrugDDI.d273.s55.e0" e2="DrugDDI.d273.s55.e1" interaction="true"/></sentence><sentence id="DrugDDI.d273.s56" origId="s56" text="Cholestyramine increases enterohepatic elimination of amiodarone and may reduce its serum levels and t1/2."><entity id="DrugDDI.d273.s56.e0" origId="s56.p678" charOffset="0-14" type="drug" text="Cholestyramine"/><entity id="DrugDDI.d273.s56.e1" origId="s56.p681" charOffset="54-64" type="drug" text="amiodarone"/><entity id="DrugDDI.d273.s56.e2" origId="s56.p687" charOffset="101-103" type="drug" text="t1"/><pair id="DrugDDI.d273.s56.p0" e1="DrugDDI.d273.s56.e0" e2="DrugDDI.d273.s56.e1" interaction="true"/><pair id="DrugDDI.d273.s56.p1" e1="DrugDDI.d273.s56.e0" e2="DrugDDI.d273.s56.e2" interaction="false"/><pair id="DrugDDI.d273.s56.p2" e1="DrugDDI.d273.s56.e1" e2="DrugDDI.d273.s56.e2" interaction="false"/></sentence><sentence id="DrugDDI.d273.s57" origId="s57" text="Disopyramide increases QT prolongation which could cause arrhythmia."><entity id="DrugDDI.d273.s57.e0" origId="s57.p689" charOffset="0-12" type="drug" text="Disopyramide"/></sentence><sentence id="DrugDDI.d273.s58" origId="s58" text="Fluoroquinolones, macrolide antibiotics, and azoles are known to cause QTc prolongation."><entity id="DrugDDI.d273.s58.e0" origId="s58.p696" charOffset="0-16" type="drug" text="Fluoroquinolones"/><entity id="DrugDDI.d273.s58.e1" origId="s58.p697" charOffset="18-39" type="drug" text="macrolide antibiotics"/><pair id="DrugDDI.d273.s58.p0" e1="DrugDDI.d273.s58.e0" e2="DrugDDI.d273.s58.e1" interaction="false"/></sentence><sentence id="DrugDDI.d273.s59" origId="s59" text="There have been reports of QTc prolongation, with or without TdP, in patients taking amiodarone when fluoroquinolones, macrolide antibiotics, or azoles were administered concomitantly."><entity id="DrugDDI.d273.s59.e0" origId="s59.p715" charOffset="85-95" type="drug" text="amiodarone"/><entity id="DrugDDI.d273.s59.e1" origId="s59.p717" charOffset="101-117" type="drug" text="fluoroquinolones"/><entity id="DrugDDI.d273.s59.e2" origId="s59.p718" charOffset="119-140" type="drug" text="macrolide antibiotics"/><pair id="DrugDDI.d273.s59.p0" e1="DrugDDI.d273.s59.e0" e2="DrugDDI.d273.s59.e1" interaction="true"/><pair id="DrugDDI.d273.s59.p1" e1="DrugDDI.d273.s59.e0" e2="DrugDDI.d273.s59.e2" interaction="false"/><pair id="DrugDDI.d273.s59.p2" e1="DrugDDI.d273.s59.e1" e2="DrugDDI.d273.s59.e2" interaction="false"/></sentence><sentence id="DrugDDI.d273.s60" origId="s60" text="Hemodynamic and electrophysiologic interactions have also been observed after concomitant administration with propranolol, diltiazem, and verapamil."><entity id="DrugDDI.d273.s60.e0" origId="s60.p732" charOffset="110-121" type="drug" text="propranolol"/><entity id="DrugDDI.d273.s60.e1" origId="s60.p733" charOffset="123-132" type="drug" text="diltiazem"/><entity id="DrugDDI.d273.s60.e2" origId="s60.p735" charOffset="138-147" type="drug" text="verapamil"/><pair id="DrugDDI.d273.s60.p0" e1="DrugDDI.d273.s60.e0" e2="DrugDDI.d273.s60.e1" interaction="false"/><pair id="DrugDDI.d273.s60.p1" e1="DrugDDI.d273.s60.e0" e2="DrugDDI.d273.s60.e2" interaction="false"/><pair id="DrugDDI.d273.s60.p2" e1="DrugDDI.d273.s60.e1" e2="DrugDDI.d273.s60.e2" interaction="false"/></sentence><sentence id="DrugDDI.d273.s61" origId="s61" text="Volatile Anesthetic Agents:."><entity id="DrugDDI.d273.s61.e0" origId="s61.p736" charOffset="9-26" type="drug" text="Anesthetic Agents"/></sentence><sentence id="DrugDDI.d273.s62" origId="s62" text="In addition to the interactions noted above, chronic (  2 weeks) oral Cordarone administration impairs metabolism of phenytoin, dextromethorphan, and methotrexate."><entity id="DrugDDI.d273.s62.e0" origId="s62.p745" charOffset="70-79" type="drug" text="Cordarone"/><entity id="DrugDDI.d273.s62.e1" origId="s62.p748" charOffset="117-126" type="drug" text="phenytoin"/><entity id="DrugDDI.d273.s62.e2" origId="s62.p749" charOffset="128-144" type="drug" text="dextromethorphan"/><entity id="DrugDDI.d273.s62.e3" origId="s62.p751" charOffset="150-162" type="drug" text="methotrexate"/><pair id="DrugDDI.d273.s62.p0" e1="DrugDDI.d273.s62.e0" e2="DrugDDI.d273.s62.e1" interaction="true"/><pair id="DrugDDI.d273.s62.p1" e1="DrugDDI.d273.s62.e0" e2="DrugDDI.d273.s62.e2" interaction="false"/><pair id="DrugDDI.d273.s62.p2" e1="DrugDDI.d273.s62.e0" e2="DrugDDI.d273.s62.e3" interaction="true"/><pair id="DrugDDI.d273.s62.p3" e1="DrugDDI.d273.s62.e1" e2="DrugDDI.d273.s62.e2" interaction="false"/><pair id="DrugDDI.d273.s62.p4" e1="DrugDDI.d273.s62.e1" e2="DrugDDI.d273.s62.e3" interaction="false"/><pair id="DrugDDI.d273.s62.p5" e1="DrugDDI.d273.s62.e2" e2="DrugDDI.d273.s62.e3" interaction="false"/></sentence><sentence id="DrugDDI.d273.s63" origId="s63" text="Electrolyte Disturbances Patients with hypokalemia or hypomagnesemia should have the condition corrected whenever possible before being treated with Cordarone I.V., as these disorders can exaggerate the degree of QTc prolongation and increase the potential for TdP."><entity id="DrugDDI.d273.s63.e0" origId="s63.p765" charOffset="149-163" type="drug" text="Cordarone I.V."/></sentence><sentence id="DrugDDI.d273.s64" origId="s64" text="Special attention should be given to electrolyte and acid-base balance in patients experiencing severe or prolonged diarrhea or in patients receiving concomitant diuretics."><entity id="DrugDDI.d273.s64.e0" origId="s64.p791" charOffset="162-171" type="drug" text="diuretics"/></sentence></document>