<?xml version="1.0" encoding="UTF-8"?>
<document id="DrugDDI.d86" origId="Amprenavir"><sentence id="DrugDDI.d86.s0" origId="s0" text="Amprenavir is metabolized in the liver by the cytochrome P450 enzyme system."><entity id="DrugDDI.d86.s0.e0" origId="s0.p0" charOffset="0-10" type="drug" text="Amprenavir"/><entity id="DrugDDI.d86.s0.e1" origId="s0.p3" charOffset="33-38" type="drug" text="liver"/><entity id="DrugDDI.d86.s0.e2" origId="s0.p4" charOffset="46-61" type="drug" text="cytochrome P450"/><pair id="DrugDDI.d86.s0.p0" e1="DrugDDI.d86.s0.e0" e2="DrugDDI.d86.s0.e1" interaction="false"/><pair id="DrugDDI.d86.s0.p1" e1="DrugDDI.d86.s0.e0" e2="DrugDDI.d86.s0.e2" interaction="true"/><pair id="DrugDDI.d86.s0.p2" e1="DrugDDI.d86.s0.e1" e2="DrugDDI.d86.s0.e2" interaction="false"/></sentence><sentence id="DrugDDI.d86.s1" origId="s1" text="Amprenavir inhibits CYP3A4."><entity id="DrugDDI.d86.s1.e0" origId="s1.p5" charOffset="0-10" type="drug" text="Amprenavir"/><entity id="DrugDDI.d86.s1.e1" origId="s1.p7" charOffset="20-26" type="drug" text="CYP3A4"/><pair id="DrugDDI.d86.s1.p0" e1="DrugDDI.d86.s1.e0" e2="DrugDDI.d86.s1.e1" interaction="true"/></sentence><sentence id="DrugDDI.d86.s2" origId="s2" text="Caution should be used when coadministering medications that are substrates, inhibitors, or inducers of CYP3A4, or potentially toxic medications that are metabolized by CYP3A4."><entity id="DrugDDI.d86.s2.e0" origId="s2.p13" charOffset="44-55" type="drug" text="medications"/><entity id="DrugDDI.d86.s2.e1" origId="s2.p20" charOffset="104-110" type="drug" text="CYP3A4"/><entity id="DrugDDI.d86.s2.e2" origId="s2.p22" charOffset="133-144" type="drug" text="medications"/><entity id="DrugDDI.d86.s2.e3" origId="s2.p26" charOffset="169-175" type="drug" text="CYP3A4"/><pair id="DrugDDI.d86.s2.p0" e1="DrugDDI.d86.s2.e0" e2="DrugDDI.d86.s2.e1" interaction="true"/><pair id="DrugDDI.d86.s2.p1" e1="DrugDDI.d86.s2.e0" e2="DrugDDI.d86.s2.e2" interaction="false"/><pair id="DrugDDI.d86.s2.p2" e1="DrugDDI.d86.s2.e0" e2="DrugDDI.d86.s2.e3" interaction="false"/><pair id="DrugDDI.d86.s2.p3" e1="DrugDDI.d86.s2.e1" e2="DrugDDI.d86.s2.e2" interaction="false"/><pair id="DrugDDI.d86.s2.p4" e1="DrugDDI.d86.s2.e1" e2="DrugDDI.d86.s2.e3" interaction="false"/><pair id="DrugDDI.d86.s2.p5" e1="DrugDDI.d86.s2.e2" e2="DrugDDI.d86.s2.e3" interaction="false"/></sentence><sentence id="DrugDDI.d86.s3" origId="s3" text="Amprenavir does not inhibit CYP2D6, CYP1A2, CYP2C9, CYP2C19, CYP2E1, or uridine glucuronosyltransferase (UDPGT)."><entity id="DrugDDI.d86.s3.e0" origId="s3.p27" charOffset="0-10" type="drug" text="Amprenavir"/><entity id="DrugDDI.d86.s3.e1" origId="s3.p31" charOffset="28-34" type="drug" text="CYP2D6"/><entity id="DrugDDI.d86.s3.e2" origId="s3.p32" charOffset="36-42" type="drug" text="CYP1A2"/><entity id="DrugDDI.d86.s3.e3" origId="s3.p33" charOffset="44-50" type="drug" text="CYP2C9"/><entity id="DrugDDI.d86.s3.e4" origId="s3.p34" charOffset="52-59" type="drug" text="CYP2C19"/><entity id="DrugDDI.d86.s3.e5" origId="s3.p35" charOffset="61-67" type="drug" text="CYP2E1"/><entity id="DrugDDI.d86.s3.e6" origId="s3.p37" charOffset="72-79" type="drug" text="uridine"/><entity id="DrugDDI.d86.s3.e7" origId="s3.p39" charOffset="105-110" type="drug" text="UDPGT"/><pair id="DrugDDI.d86.s3.p0" e1="DrugDDI.d86.s3.e0" e2="DrugDDI.d86.s3.e1" interaction="false"/><pair id="DrugDDI.d86.s3.p1" e1="DrugDDI.d86.s3.e0" e2="DrugDDI.d86.s3.e2" interaction="false"/><pair id="DrugDDI.d86.s3.p2" e1="DrugDDI.d86.s3.e0" e2="DrugDDI.d86.s3.e3" interaction="false"/><pair id="DrugDDI.d86.s3.p3" e1="DrugDDI.d86.s3.e0" e2="DrugDDI.d86.s3.e4" interaction="false"/><pair id="DrugDDI.d86.s3.p4" e1="DrugDDI.d86.s3.e0" e2="DrugDDI.d86.s3.e5" interaction="false"/><pair id="DrugDDI.d86.s3.p5" e1="DrugDDI.d86.s3.e0" e2="DrugDDI.d86.s3.e6" interaction="false"/><pair id="DrugDDI.d86.s3.p6" e1="DrugDDI.d86.s3.e0" e2="DrugDDI.d86.s3.e7" interaction="false"/><pair id="DrugDDI.d86.s3.p7" e1="DrugDDI.d86.s3.e1" e2="DrugDDI.d86.s3.e2" interaction="false"/><pair id="DrugDDI.d86.s3.p8" e1="DrugDDI.d86.s3.e1" e2="DrugDDI.d86.s3.e3" interaction="false"/><pair id="DrugDDI.d86.s3.p9" e1="DrugDDI.d86.s3.e1" e2="DrugDDI.d86.s3.e4" interaction="false"/><pair id="DrugDDI.d86.s3.p10" e1="DrugDDI.d86.s3.e1" e2="DrugDDI.d86.s3.e5" interaction="false"/><pair id="DrugDDI.d86.s3.p11" e1="DrugDDI.d86.s3.e1" e2="DrugDDI.d86.s3.e6" interaction="false"/><pair id="DrugDDI.d86.s3.p12" e1="DrugDDI.d86.s3.e1" e2="DrugDDI.d86.s3.e7" interaction="false"/><pair id="DrugDDI.d86.s3.p13" e1="DrugDDI.d86.s3.e2" e2="DrugDDI.d86.s3.e3" interaction="false"/><pair id="DrugDDI.d86.s3.p14" e1="DrugDDI.d86.s3.e2" e2="DrugDDI.d86.s3.e4" interaction="false"/><pair id="DrugDDI.d86.s3.p15" e1="DrugDDI.d86.s3.e2" e2="DrugDDI.d86.s3.e5" interaction="false"/><pair id="DrugDDI.d86.s3.p16" e1="DrugDDI.d86.s3.e2" e2="DrugDDI.d86.s3.e6" interaction="false"/><pair id="DrugDDI.d86.s3.p17" e1="DrugDDI.d86.s3.e2" e2="DrugDDI.d86.s3.e7" interaction="false"/><pair id="DrugDDI.d86.s3.p18" e1="DrugDDI.d86.s3.e3" e2="DrugDDI.d86.s3.e4" interaction="false"/><pair id="DrugDDI.d86.s3.p19" e1="DrugDDI.d86.s3.e3" e2="DrugDDI.d86.s3.e5" interaction="false"/><pair id="DrugDDI.d86.s3.p20" e1="DrugDDI.d86.s3.e3" e2="DrugDDI.d86.s3.e6" interaction="false"/><pair id="DrugDDI.d86.s3.p21" e1="DrugDDI.d86.s3.e3" e2="DrugDDI.d86.s3.e7" interaction="false"/><pair id="DrugDDI.d86.s3.p22" e1="DrugDDI.d86.s3.e4" e2="DrugDDI.d86.s3.e5" interaction="false"/><pair id="DrugDDI.d86.s3.p23" e1="DrugDDI.d86.s3.e4" e2="DrugDDI.d86.s3.e6" interaction="false"/><pair id="DrugDDI.d86.s3.p24" e1="DrugDDI.d86.s3.e4" e2="DrugDDI.d86.s3.e7" interaction="false"/><pair id="DrugDDI.d86.s3.p25" e1="DrugDDI.d86.s3.e5" e2="DrugDDI.d86.s3.e6" interaction="false"/><pair id="DrugDDI.d86.s3.p26" e1="DrugDDI.d86.s3.e5" e2="DrugDDI.d86.s3.e7" interaction="false"/><pair id="DrugDDI.d86.s3.p27" e1="DrugDDI.d86.s3.e6" e2="DrugDDI.d86.s3.e7" interaction="false"/></sentence><sentence id="DrugDDI.d86.s4" origId="s4" text="HIV Protease Inhibitors: The effect of amprenavir on total drug concentrations of other HIV protease inhibitors in subjects receiving both agents was evaluated using comparisons to historical data."><entity id="DrugDDI.d86.s4.e0" origId="s4.p41" charOffset="0-23" type="drug" text="HIV Protease Inhibitors"/><entity id="DrugDDI.d86.s4.e1" origId="s4.p44" charOffset="39-49" type="drug" text="amprenavir"/><entity id="DrugDDI.d86.s4.e2" origId="s4.p46" charOffset="88-111" type="drug" text="HIV protease inhibitors"/><pair id="DrugDDI.d86.s4.p0" e1="DrugDDI.d86.s4.e0" e2="DrugDDI.d86.s4.e1" interaction="false"/><pair id="DrugDDI.d86.s4.p1" e1="DrugDDI.d86.s4.e0" e2="DrugDDI.d86.s4.e2" interaction="false"/><pair id="DrugDDI.d86.s4.p2" e1="DrugDDI.d86.s4.e1" e2="DrugDDI.d86.s4.e2" interaction="false"/></sentence><sentence id="DrugDDI.d86.s5" origId="s5" text="Indinavir steady-state Cmax, A.C. and Cmin were decreased by 22%, 38%, and 27%, respectively, by concomitant amprenavir."><entity id="DrugDDI.d86.s5.e0" origId="s5.p56" charOffset="0-9" type="drug" text="Indinavir"/><entity id="DrugDDI.d86.s5.e1" origId="s5.p67" charOffset="109-119" type="drug" text="amprenavir"/><pair id="DrugDDI.d86.s5.p0" e1="DrugDDI.d86.s5.e0" e2="DrugDDI.d86.s5.e1" interaction="true"/></sentence><sentence id="DrugDDI.d86.s6" origId="s6" text="Similar decreases in Cmax and AUC were seen after the first dose."/><sentence id="DrugDDI.d86.s7" origId="s7" text="Saquinavir steady-state Cmax, A.C. and Cmin were increased 21%, decreased 19%, and decreased 48%, respectively, by concomitant amprenavir."><entity id="DrugDDI.d86.s7.e0" origId="s7.p75" charOffset="0-10" type="drug" text="Saquinavir"/><entity id="DrugDDI.d86.s7.e1" origId="s7.p88" charOffset="127-137" type="drug" text="amprenavir"/><pair id="DrugDDI.d86.s7.p0" e1="DrugDDI.d86.s7.e0" e2="DrugDDI.d86.s7.e1" interaction="true"/></sentence><sentence id="DrugDDI.d86.s8" origId="s8" text="Nelfinavir steady-state Cmax, A.C. and Cmin were increased by 12%, 15%, and 14%, respectively, by concomitant amprenavir."><entity id="DrugDDI.d86.s8.e0" origId="s8.p89" charOffset="0-10" type="drug" text="Nelfinavir"/><entity id="DrugDDI.d86.s8.e1" origId="s8.p100" charOffset="110-120" type="drug" text="amprenavir"/><pair id="DrugDDI.d86.s8.p0" e1="DrugDDI.d86.s8.e0" e2="DrugDDI.d86.s8.e1" interaction="true"/></sentence><sentence id="DrugDDI.d86.s9" origId="s9" text="Methadone: Coadministration of amprenavir and methadone can decrease plasma levels ofmethadone."><entity id="DrugDDI.d86.s9.e0" origId="s9.p101" charOffset="0-9" type="drug" text="Methadone"/><entity id="DrugDDI.d86.s9.e1" origId="s9.p104" charOffset="31-41" type="drug" text="amprenavir"/><entity id="DrugDDI.d86.s9.e2" origId="s9.p106" charOffset="46-55" type="drug" text="methadone"/><pair id="DrugDDI.d86.s9.p0" e1="DrugDDI.d86.s9.e0" e2="DrugDDI.d86.s9.e1" interaction="false"/><pair id="DrugDDI.d86.s9.p1" e1="DrugDDI.d86.s9.e0" e2="DrugDDI.d86.s9.e2" interaction="false"/><pair id="DrugDDI.d86.s9.p2" e1="DrugDDI.d86.s9.e1" e2="DrugDDI.d86.s9.e2" interaction="true"/></sentence><sentence id="DrugDDI.d86.s10" origId="s10" text="Coadministration of amprenavir and methadone as compared to a non-matched historicalcontrol group resulted in a 30%, 27%, and 25% decrease in serum amprenavir AUC, Cmax, andCmin, respectively."><entity id="DrugDDI.d86.s10.e0" origId="s10.p111" charOffset="20-30" type="drug" text="amprenavir"/><entity id="DrugDDI.d86.s10.e1" origId="s10.p113" charOffset="35-44" type="drug" text="methadone"/><entity id="DrugDDI.d86.s10.e2" origId="s10.p122" charOffset="148-158" type="drug" text="amprenavir"/><pair id="DrugDDI.d86.s10.p0" e1="DrugDDI.d86.s10.e0" e2="DrugDDI.d86.s10.e1" interaction="true"/><pair id="DrugDDI.d86.s10.p1" e1="DrugDDI.d86.s10.e0" e2="DrugDDI.d86.s10.e2" interaction="false"/><pair id="DrugDDI.d86.s10.p2" e1="DrugDDI.d86.s10.e1" e2="DrugDDI.d86.s10.e2" interaction="false"/></sentence><sentence id="DrugDDI.d86.s11" origId="s11" text="Amprenavir is an inhibitor of cytochrome P450 C.P.A. metabolism and therefore should not be administered concurrently with medications with narrow therapeutic windows that are substrates of CYP3A4."><entity id="DrugDDI.d86.s11.e0" origId="s11.p126" charOffset="0-10" type="drug" text="Amprenavir"/><entity id="DrugDDI.d86.s11.e1" origId="s11.p129" charOffset="30-46" type="drug" text="cytochrome P450"/><entity id="DrugDDI.d86.s11.e2" origId="s11.p137" charOffset="123-134" type="drug" text="medications"/><entity id="DrugDDI.d86.s11.e3" origId="s11.p142" charOffset="190-196" type="drug" text="CYP3A4"/><pair id="DrugDDI.d86.s11.p0" e1="DrugDDI.d86.s11.e0" e2="DrugDDI.d86.s11.e1" interaction="true"/><pair id="DrugDDI.d86.s11.p1" e1="DrugDDI.d86.s11.e0" e2="DrugDDI.d86.s11.e2" interaction="false"/><pair id="DrugDDI.d86.s11.p2" e1="DrugDDI.d86.s11.e0" e2="DrugDDI.d86.s11.e3" interaction="false"/><pair id="DrugDDI.d86.s11.p3" e1="DrugDDI.d86.s11.e1" e2="DrugDDI.d86.s11.e2" interaction="false"/><pair id="DrugDDI.d86.s11.p4" e1="DrugDDI.d86.s11.e1" e2="DrugDDI.d86.s11.e3" interaction="false"/><pair id="DrugDDI.d86.s11.p5" e1="DrugDDI.d86.s11.e2" e2="DrugDDI.d86.s11.e3" interaction="false"/></sentence><sentence id="DrugDDI.d86.s12" origId="s12" text="There are other agents that may result in serious and/or life-threatening drug interactions."/><sentence id="DrugDDI.d86.s13" origId="s13" text="Laboratory Tests: The combination of Amprenavir and low-dose ritonavir has been associated with elevations of cholesterol and triglycerides, SGOT (AST), and SGPT (ALT) in some patients."><entity id="DrugDDI.d86.s13.e0" origId="s13.p155" charOffset="37-47" type="drug" text="Amprenavir"/><entity id="DrugDDI.d86.s13.e1" origId="s13.p157" charOffset="61-70" type="drug" text="ritonavir"/><entity id="DrugDDI.d86.s13.e2" origId="s13.p162" charOffset="110-121" type="drug" text="cholesterol"/><entity id="DrugDDI.d86.s13.e3" origId="s13.p164" charOffset="126-139" type="drug" text="triglycerides"/><entity id="DrugDDI.d86.s13.e4" origId="s13.p167" charOffset="147-150" type="drug" text="AST"/><pair id="DrugDDI.d86.s13.p0" e1="DrugDDI.d86.s13.e0" e2="DrugDDI.d86.s13.e1" interaction="true"/><pair id="DrugDDI.d86.s13.p1" e1="DrugDDI.d86.s13.e0" e2="DrugDDI.d86.s13.e2" interaction="false"/><pair id="DrugDDI.d86.s13.p2" e1="DrugDDI.d86.s13.e0" e2="DrugDDI.d86.s13.e3" interaction="false"/><pair id="DrugDDI.d86.s13.p3" e1="DrugDDI.d86.s13.e0" e2="DrugDDI.d86.s13.e4" interaction="false"/><pair id="DrugDDI.d86.s13.p4" e1="DrugDDI.d86.s13.e1" e2="DrugDDI.d86.s13.e2" interaction="false"/><pair id="DrugDDI.d86.s13.p5" e1="DrugDDI.d86.s13.e1" e2="DrugDDI.d86.s13.e3" interaction="false"/><pair id="DrugDDI.d86.s13.p6" e1="DrugDDI.d86.s13.e1" e2="DrugDDI.d86.s13.e4" interaction="false"/><pair id="DrugDDI.d86.s13.p7" e1="DrugDDI.d86.s13.e2" e2="DrugDDI.d86.s13.e3" interaction="false"/><pair id="DrugDDI.d86.s13.p8" e1="DrugDDI.d86.s13.e2" e2="DrugDDI.d86.s13.e4" interaction="false"/><pair id="DrugDDI.d86.s13.p9" e1="DrugDDI.d86.s13.e3" e2="DrugDDI.d86.s13.e4" interaction="false"/></sentence><sentence id="DrugDDI.d86.s14" origId="s14" text="Appropriate laboratory testing should be considered prior to initiating combination therapy with Amprenavir and ritonavir and at periodic intervals or if any clinical signs or symptoms of hyperlipidemia or elevated liver function tests occur during therapy."><entity id="DrugDDI.d86.s14.e0" origId="s14.p181" charOffset="97-107" type="drug" text="Amprenavir"/><entity id="DrugDDI.d86.s14.e1" origId="s14.p183" charOffset="112-121" type="drug" text="ritonavir"/><pair id="DrugDDI.d86.s14.p0" e1="DrugDDI.d86.s14.e0" e2="DrugDDI.d86.s14.e1" interaction="true"/></sentence><sentence id="DrugDDI.d86.s15" origId="s15" text="For comprehensive information concerning laboratory test alterations associated with ritonavir, physicians should refer to the complete prescribing information for NORVIR (ritonavir)."><entity id="DrugDDI.d86.s15.e0" origId="s15.p197" charOffset="85-94" type="drug" text="ritonavir"/><entity id="DrugDDI.d86.s15.e1" origId="s15.p202" charOffset="164-170" type="drug" text="NORVIR"/><entity id="DrugDDI.d86.s15.e2" origId="s15.p204" charOffset="172-181" type="drug" text="ritonavir"/><pair id="DrugDDI.d86.s15.p0" e1="DrugDDI.d86.s15.e0" e2="DrugDDI.d86.s15.e1" interaction="false"/><pair id="DrugDDI.d86.s15.p1" e1="DrugDDI.d86.s15.e0" e2="DrugDDI.d86.s15.e2" interaction="false"/><pair id="DrugDDI.d86.s15.p2" e1="DrugDDI.d86.s15.e1" e2="DrugDDI.d86.s15.e2" interaction="false"/></sentence></document>