<?xml version="1.0" encoding="UTF-8"?>
<document id="DrugDDI.d378" origId="Anagrelide"><sentence id="DrugDDI.d378.s0" origId="s0" text="Limited PK and/or PD studies investigating possible interactions between anagrelide and other medicinal products have been conducted."><entity id="DrugDDI.d378.s0.e0" origId="s0.p0" charOffset="8-11" type="drug" text="PK"/><entity id="DrugDDI.d378.s0.e1" origId="s0.p5" charOffset="73-83" type="drug" text="anagrelide"/><entity id="DrugDDI.d378.s0.e2" origId="s0.p7" charOffset="94-111" type="drug" text="medicinal product"/><pair id="DrugDDI.d378.s0.p0" e1="DrugDDI.d378.s0.e0" e2="DrugDDI.d378.s0.e1" interaction="false"/><pair id="DrugDDI.d378.s0.p1" e1="DrugDDI.d378.s0.e0" e2="DrugDDI.d378.s0.e2" interaction="false"/><pair id="DrugDDI.d378.s0.p2" e1="DrugDDI.d378.s0.e1" e2="DrugDDI.d378.s0.e2" interaction="false"/></sentence><sentence id="DrugDDI.d378.s1" origId="s1" text="In vivo interaction studies in humans have demonstrated that digoxin and warfarin do not affect the PK properties of anagrelide, nor does anagrelide affect the PK properties of digoxin or warfarin."><entity id="DrugDDI.d378.s1.e0" origId="s1.p16" charOffset="61-68" type="drug" text="digoxin"/><entity id="DrugDDI.d378.s1.e1" origId="s1.p18" charOffset="73-81" type="drug" text="warfarin"/><entity id="DrugDDI.d378.s1.e2" origId="s1.p22" charOffset="100-103" type="drug" text="PK"/><entity id="DrugDDI.d378.s1.e3" origId="s1.p23" charOffset="117-127" type="drug" text="anagrelide"/><entity id="DrugDDI.d378.s1.e4" origId="s1.p26" charOffset="138-148" type="drug" text="anagrelide"/><entity id="DrugDDI.d378.s1.e5" origId="s1.p28" charOffset="160-163" type="drug" text="PK"/><entity id="DrugDDI.d378.s1.e6" origId="s1.p29" charOffset="177-184" type="drug" text="digoxin"/><entity id="DrugDDI.d378.s1.e7" origId="s1.p31" charOffset="188-196" type="drug" text="warfarin"/><pair id="DrugDDI.d378.s1.p0" e1="DrugDDI.d378.s1.e0" e2="DrugDDI.d378.s1.e1" interaction="false"/><pair id="DrugDDI.d378.s1.p1" e1="DrugDDI.d378.s1.e0" e2="DrugDDI.d378.s1.e2" interaction="false"/><pair id="DrugDDI.d378.s1.p2" e1="DrugDDI.d378.s1.e0" e2="DrugDDI.d378.s1.e3" interaction="false"/><pair id="DrugDDI.d378.s1.p3" e1="DrugDDI.d378.s1.e0" e2="DrugDDI.d378.s1.e4" interaction="false"/><pair id="DrugDDI.d378.s1.p4" e1="DrugDDI.d378.s1.e0" e2="DrugDDI.d378.s1.e5" interaction="false"/><pair id="DrugDDI.d378.s1.p5" e1="DrugDDI.d378.s1.e0" e2="DrugDDI.d378.s1.e6" interaction="false"/><pair id="DrugDDI.d378.s1.p6" e1="DrugDDI.d378.s1.e0" e2="DrugDDI.d378.s1.e7" interaction="false"/><pair id="DrugDDI.d378.s1.p7" e1="DrugDDI.d378.s1.e1" e2="DrugDDI.d378.s1.e2" interaction="false"/><pair id="DrugDDI.d378.s1.p8" e1="DrugDDI.d378.s1.e1" e2="DrugDDI.d378.s1.e3" interaction="false"/><pair id="DrugDDI.d378.s1.p9" e1="DrugDDI.d378.s1.e1" e2="DrugDDI.d378.s1.e4" interaction="false"/><pair id="DrugDDI.d378.s1.p10" e1="DrugDDI.d378.s1.e1" e2="DrugDDI.d378.s1.e5" interaction="false"/><pair id="DrugDDI.d378.s1.p11" e1="DrugDDI.d378.s1.e1" e2="DrugDDI.d378.s1.e6" interaction="false"/><pair id="DrugDDI.d378.s1.p12" e1="DrugDDI.d378.s1.e1" e2="DrugDDI.d378.s1.e7" interaction="false"/><pair id="DrugDDI.d378.s1.p13" e1="DrugDDI.d378.s1.e2" e2="DrugDDI.d378.s1.e3" interaction="false"/><pair id="DrugDDI.d378.s1.p14" e1="DrugDDI.d378.s1.e2" e2="DrugDDI.d378.s1.e4" interaction="false"/><pair id="DrugDDI.d378.s1.p15" e1="DrugDDI.d378.s1.e2" e2="DrugDDI.d378.s1.e5" interaction="false"/><pair id="DrugDDI.d378.s1.p16" e1="DrugDDI.d378.s1.e2" e2="DrugDDI.d378.s1.e6" interaction="false"/><pair id="DrugDDI.d378.s1.p17" e1="DrugDDI.d378.s1.e2" e2="DrugDDI.d378.s1.e7" interaction="false"/><pair id="DrugDDI.d378.s1.p18" e1="DrugDDI.d378.s1.e3" e2="DrugDDI.d378.s1.e4" interaction="false"/><pair id="DrugDDI.d378.s1.p19" e1="DrugDDI.d378.s1.e3" e2="DrugDDI.d378.s1.e5" interaction="false"/><pair id="DrugDDI.d378.s1.p20" e1="DrugDDI.d378.s1.e3" e2="DrugDDI.d378.s1.e6" interaction="false"/><pair id="DrugDDI.d378.s1.p21" e1="DrugDDI.d378.s1.e3" e2="DrugDDI.d378.s1.e7" interaction="false"/><pair id="DrugDDI.d378.s1.p22" e1="DrugDDI.d378.s1.e4" e2="DrugDDI.d378.s1.e5" interaction="false"/><pair id="DrugDDI.d378.s1.p23" e1="DrugDDI.d378.s1.e4" e2="DrugDDI.d378.s1.e6" interaction="false"/><pair id="DrugDDI.d378.s1.p24" e1="DrugDDI.d378.s1.e4" e2="DrugDDI.d378.s1.e7" interaction="false"/><pair id="DrugDDI.d378.s1.p25" e1="DrugDDI.d378.s1.e5" e2="DrugDDI.d378.s1.e6" interaction="false"/><pair id="DrugDDI.d378.s1.p26" e1="DrugDDI.d378.s1.e5" e2="DrugDDI.d378.s1.e7" interaction="false"/><pair id="DrugDDI.d378.s1.p27" e1="DrugDDI.d378.s1.e6" e2="DrugDDI.d378.s1.e7" interaction="false"/></sentence><sentence id="DrugDDI.d378.s2" origId="s2" text="Although additional drug interaction studies have not been conducted, the most common medications used concomitantly with anagrelide in clinical trials were aspirin, acetaminophen, furosemide, iron, ranitidine, hydroxyurea, and allopurinol."><entity id="DrugDDI.d378.s2.e0" origId="s2.p39" charOffset="86-97" type="drug" text="medications"/><entity id="DrugDDI.d378.s2.e1" origId="s2.p42" charOffset="122-132" type="drug" text="anagrelide"/><entity id="DrugDDI.d378.s2.e2" origId="s2.p45" charOffset="157-164" type="drug" text="aspirin"/><entity id="DrugDDI.d378.s2.e3" origId="s2.p46" charOffset="166-179" type="drug" text="acetaminophen"/><entity id="DrugDDI.d378.s2.e4" origId="s2.p47" charOffset="181-191" type="drug" text="furosemide"/><entity id="DrugDDI.d378.s2.e5" origId="s2.p48" charOffset="193-197" type="drug" text="iron"/><entity id="DrugDDI.d378.s2.e6" origId="s2.p49" charOffset="199-209" type="drug" text="ranitidine"/><entity id="DrugDDI.d378.s2.e7" origId="s2.p50" charOffset="211-222" type="drug" text="hydroxyurea"/><entity id="DrugDDI.d378.s2.e8" origId="s2.p52" charOffset="228-239" type="drug" text="allopurinol"/><pair id="DrugDDI.d378.s2.p0" e1="DrugDDI.d378.s2.e0" e2="DrugDDI.d378.s2.e1" interaction="false"/><pair id="DrugDDI.d378.s2.p1" e1="DrugDDI.d378.s2.e0" e2="DrugDDI.d378.s2.e2" interaction="false"/><pair id="DrugDDI.d378.s2.p2" e1="DrugDDI.d378.s2.e0" e2="DrugDDI.d378.s2.e3" interaction="false"/><pair id="DrugDDI.d378.s2.p3" e1="DrugDDI.d378.s2.e0" e2="DrugDDI.d378.s2.e4" interaction="false"/><pair id="DrugDDI.d378.s2.p4" e1="DrugDDI.d378.s2.e0" e2="DrugDDI.d378.s2.e5" interaction="false"/><pair id="DrugDDI.d378.s2.p5" e1="DrugDDI.d378.s2.e0" e2="DrugDDI.d378.s2.e6" interaction="false"/><pair id="DrugDDI.d378.s2.p6" e1="DrugDDI.d378.s2.e0" e2="DrugDDI.d378.s2.e7" interaction="false"/><pair id="DrugDDI.d378.s2.p7" e1="DrugDDI.d378.s2.e0" e2="DrugDDI.d378.s2.e8" interaction="false"/><pair id="DrugDDI.d378.s2.p8" e1="DrugDDI.d378.s2.e1" e2="DrugDDI.d378.s2.e2" interaction="false"/><pair id="DrugDDI.d378.s2.p9" e1="DrugDDI.d378.s2.e1" e2="DrugDDI.d378.s2.e3" interaction="false"/><pair id="DrugDDI.d378.s2.p10" e1="DrugDDI.d378.s2.e1" e2="DrugDDI.d378.s2.e4" interaction="false"/><pair id="DrugDDI.d378.s2.p11" e1="DrugDDI.d378.s2.e1" e2="DrugDDI.d378.s2.e5" interaction="false"/><pair id="DrugDDI.d378.s2.p12" e1="DrugDDI.d378.s2.e1" e2="DrugDDI.d378.s2.e6" interaction="false"/><pair id="DrugDDI.d378.s2.p13" e1="DrugDDI.d378.s2.e1" e2="DrugDDI.d378.s2.e7" interaction="false"/><pair id="DrugDDI.d378.s2.p14" e1="DrugDDI.d378.s2.e1" e2="DrugDDI.d378.s2.e8" interaction="false"/><pair id="DrugDDI.d378.s2.p15" e1="DrugDDI.d378.s2.e2" e2="DrugDDI.d378.s2.e3" interaction="false"/><pair id="DrugDDI.d378.s2.p16" e1="DrugDDI.d378.s2.e2" e2="DrugDDI.d378.s2.e4" interaction="false"/><pair id="DrugDDI.d378.s2.p17" e1="DrugDDI.d378.s2.e2" e2="DrugDDI.d378.s2.e5" interaction="false"/><pair id="DrugDDI.d378.s2.p18" e1="DrugDDI.d378.s2.e2" e2="DrugDDI.d378.s2.e6" interaction="false"/><pair id="DrugDDI.d378.s2.p19" e1="DrugDDI.d378.s2.e2" e2="DrugDDI.d378.s2.e7" interaction="false"/><pair id="DrugDDI.d378.s2.p20" e1="DrugDDI.d378.s2.e2" e2="DrugDDI.d378.s2.e8" interaction="false"/><pair id="DrugDDI.d378.s2.p21" e1="DrugDDI.d378.s2.e3" e2="DrugDDI.d378.s2.e4" interaction="false"/><pair id="DrugDDI.d378.s2.p22" e1="DrugDDI.d378.s2.e3" e2="DrugDDI.d378.s2.e5" interaction="false"/><pair id="DrugDDI.d378.s2.p23" e1="DrugDDI.d378.s2.e3" e2="DrugDDI.d378.s2.e6" interaction="false"/><pair id="DrugDDI.d378.s2.p24" e1="DrugDDI.d378.s2.e3" e2="DrugDDI.d378.s2.e7" interaction="false"/><pair id="DrugDDI.d378.s2.p25" e1="DrugDDI.d378.s2.e3" e2="DrugDDI.d378.s2.e8" interaction="false"/><pair id="DrugDDI.d378.s2.p26" e1="DrugDDI.d378.s2.e4" e2="DrugDDI.d378.s2.e5" interaction="false"/><pair id="DrugDDI.d378.s2.p27" e1="DrugDDI.d378.s2.e4" e2="DrugDDI.d378.s2.e6" interaction="false"/><pair id="DrugDDI.d378.s2.p28" e1="DrugDDI.d378.s2.e4" e2="DrugDDI.d378.s2.e7" interaction="false"/><pair id="DrugDDI.d378.s2.p29" e1="DrugDDI.d378.s2.e4" e2="DrugDDI.d378.s2.e8" interaction="false"/><pair id="DrugDDI.d378.s2.p30" e1="DrugDDI.d378.s2.e5" e2="DrugDDI.d378.s2.e6" interaction="false"/><pair id="DrugDDI.d378.s2.p31" e1="DrugDDI.d378.s2.e5" e2="DrugDDI.d378.s2.e7" interaction="false"/><pair id="DrugDDI.d378.s2.p32" e1="DrugDDI.d378.s2.e5" e2="DrugDDI.d378.s2.e8" interaction="false"/><pair id="DrugDDI.d378.s2.p33" e1="DrugDDI.d378.s2.e6" e2="DrugDDI.d378.s2.e7" interaction="false"/><pair id="DrugDDI.d378.s2.p34" e1="DrugDDI.d378.s2.e6" e2="DrugDDI.d378.s2.e8" interaction="false"/><pair id="DrugDDI.d378.s2.p35" e1="DrugDDI.d378.s2.e7" e2="DrugDDI.d378.s2.e8" interaction="false"/></sentence><sentence id="DrugDDI.d378.s3" origId="s3" text="There is no clinical evidence to suggest that anagrelide interacts with any of these compounds."><entity id="DrugDDI.d378.s3.e0" origId="s3.p57" charOffset="46-56" type="drug" text="anagrelide"/></sentence><sentence id="DrugDDI.d378.s4" origId="s4" text="An in vivo interaction study in humans demonstrated that a single 1mg dose of anagrelide administered concomitantly with a single 900 mg dose of aspirin was generally well tolerated."><entity id="DrugDDI.d378.s4.e0" origId="s4.p65" charOffset="78-88" type="drug" text="anagrelide"/><entity id="DrugDDI.d378.s4.e1" origId="s4.p69" charOffset="145-152" type="drug" text="aspirin"/><pair id="DrugDDI.d378.s4.p0" e1="DrugDDI.d378.s4.e0" e2="DrugDDI.d378.s4.e1" interaction="false"/></sentence><sentence id="DrugDDI.d378.s5" origId="s5" text="There was no effect on bleeding time, PT or aPTT."/><sentence id="DrugDDI.d378.s6" origId="s6" text="No clinically relevant pharmacokinetic interactions between anagrelide and acetylsalicylic acid were observed."><entity id="DrugDDI.d378.s6.e0" origId="s6.p81" charOffset="60-70" type="drug" text="anagrelide"/><entity id="DrugDDI.d378.s6.e1" origId="s6.p83" charOffset="75-95" type="drug" text="acetylsalicylic acid"/><pair id="DrugDDI.d378.s6.p0" e1="DrugDDI.d378.s6.e0" e2="DrugDDI.d378.s6.e1" interaction="false"/></sentence><sentence id="DrugDDI.d378.s7" origId="s7" text="In that same study, aspirin alone produced a marked inhibition in platelet aggregation ex vivo."><entity id="DrugDDI.d378.s7.e0" origId="s7.p87" charOffset="20-27" type="drug" text="aspirin"/></sentence><sentence id="DrugDDI.d378.s8" origId="s8" text="Anagrelide alone had no effect on platelet aggregation, but did slightly enhance the inhibition of platelet aggregation by aspirin."><entity id="DrugDDI.d378.s8.e0" origId="s8.p91" charOffset="0-10" type="drug" text="Anagrelide"/><entity id="DrugDDI.d378.s8.e1" origId="s8.p101" charOffset="123-130" type="drug" text="aspirin"/><pair id="DrugDDI.d378.s8.p0" e1="DrugDDI.d378.s8.e0" e2="DrugDDI.d378.s8.e1" interaction="true"/></sentence><sentence id="DrugDDI.d378.s9" origId="s9" text="Anagrelide is metabolized at least in part by CYP1A2."><entity id="DrugDDI.d378.s9.e0" origId="s9.p102" charOffset="0-10" type="drug" text="Anagrelide"/><entity id="DrugDDI.d378.s9.e1" origId="s9.p107" charOffset="46-52" type="drug" text="CYP1A2"/><pair id="DrugDDI.d378.s9.p0" e1="DrugDDI.d378.s9.e0" e2="DrugDDI.d378.s9.e1" interaction="true"/></sentence><sentence id="DrugDDI.d378.s10" origId="s10" text="It is known that CYP1A2 is inhibited by several medicinal products, including fluvoxamine, and such medicinal products could theoretically adversely influence the clearance of anagrelide."><entity id="DrugDDI.d378.s10.e0" origId="s10.p111" charOffset="17-23" type="drug" text="CYP1A2"/><entity id="DrugDDI.d378.s10.e1" origId="s10.p114" charOffset="48-65" type="drug" text="medicinal product"/><entity id="DrugDDI.d378.s10.e2" origId="s10.p116" charOffset="78-89" type="drug" text="fluvoxamine"/><entity id="DrugDDI.d378.s10.e3" origId="s10.p118" charOffset="100-117" type="drug" text="medicinal product"/><entity id="DrugDDI.d378.s10.e4" origId="s10.p123" charOffset="176-186" type="drug" text="anagrelide"/><pair id="DrugDDI.d378.s10.p0" e1="DrugDDI.d378.s10.e0" e2="DrugDDI.d378.s10.e1" interaction="true"/><pair id="DrugDDI.d378.s10.p1" e1="DrugDDI.d378.s10.e0" e2="DrugDDI.d378.s10.e2" interaction="false"/><pair id="DrugDDI.d378.s10.p2" e1="DrugDDI.d378.s10.e0" e2="DrugDDI.d378.s10.e3" interaction="true"/><pair id="DrugDDI.d378.s10.p3" e1="DrugDDI.d378.s10.e0" e2="DrugDDI.d378.s10.e4" interaction="false"/><pair id="DrugDDI.d378.s10.p4" e1="DrugDDI.d378.s10.e1" e2="DrugDDI.d378.s10.e2" interaction="false"/><pair id="DrugDDI.d378.s10.p5" e1="DrugDDI.d378.s10.e1" e2="DrugDDI.d378.s10.e3" interaction="false"/><pair id="DrugDDI.d378.s10.p6" e1="DrugDDI.d378.s10.e1" e2="DrugDDI.d378.s10.e4" interaction="false"/><pair id="DrugDDI.d378.s10.p7" e1="DrugDDI.d378.s10.e2" e2="DrugDDI.d378.s10.e3" interaction="false"/><pair id="DrugDDI.d378.s10.p8" e1="DrugDDI.d378.s10.e2" e2="DrugDDI.d378.s10.e4" interaction="false"/><pair id="DrugDDI.d378.s10.p9" e1="DrugDDI.d378.s10.e3" e2="DrugDDI.d378.s10.e4" interaction="false"/></sentence><sentence id="DrugDDI.d378.s11" origId="s11" text="Anagrelide demonstrates some limited inhibitory activity towards CYP1A2 which may present a theoretical potential for interaction with other coadministered medicinal products sharing that clearance mechanism e.g."><entity id="DrugDDI.d378.s11.e0" origId="s11.p124" charOffset="0-10" type="drug" text="Anagrelide"/><entity id="DrugDDI.d378.s11.e1" origId="s11.p127" charOffset="65-71" type="drug" text="CYP1A2"/><entity id="DrugDDI.d378.s11.e2" origId="s11.p133" charOffset="156-173" type="drug" text="medicinal product"/><pair id="DrugDDI.d378.s11.p0" e1="DrugDDI.d378.s11.e0" e2="DrugDDI.d378.s11.e1" interaction="false"/><pair id="DrugDDI.d378.s11.p1" e1="DrugDDI.d378.s11.e0" e2="DrugDDI.d378.s11.e2" interaction="true"/><pair id="DrugDDI.d378.s11.p2" e1="DrugDDI.d378.s11.e1" e2="DrugDDI.d378.s11.e2" interaction="false"/></sentence><sentence id="DrugDDI.d378.s12" origId="s12" text="theophylline."><entity id="DrugDDI.d378.s12.e0" origId="s12.p137" charOffset="0-12" type="drug" text="theophylline"/></sentence><sentence id="DrugDDI.d378.s13" origId="s13" text="Anagrelide is an inhibitor of cyclic AMP PDE III."><entity id="DrugDDI.d378.s13.e0" origId="s13.p138" charOffset="0-10" type="drug" text="Anagrelide"/><entity id="DrugDDI.d378.s13.e1" origId="s13.p141" charOffset="30-40" type="drug" text="cyclic AMP"/><pair id="DrugDDI.d378.s13.p0" e1="DrugDDI.d378.s13.e0" e2="DrugDDI.d378.s13.e1" interaction="true"/></sentence><sentence id="DrugDDI.d378.s14" origId="s14" text="The effects of medicinal products with similar properties such as inotropes milrinone, enoximone, amrinone, olprinone and cilostazol may be exacerbated by anagrelide."><entity id="DrugDDI.d378.s14.e0" origId="s14.p143" charOffset="15-32" type="drug" text="medicinal product"/><entity id="DrugDDI.d378.s14.e1" origId="s14.p145" charOffset="76-85" type="drug" text="milrinone"/><entity id="DrugDDI.d378.s14.e2" origId="s14.p146" charOffset="87-96" type="drug" text="enoximone"/><entity id="DrugDDI.d378.s14.e3" origId="s14.p147" charOffset="98-106" type="drug" text="amrinone"/><entity id="DrugDDI.d378.s14.e4" origId="s14.p148" charOffset="108-117" type="drug" text="olprinone"/><entity id="DrugDDI.d378.s14.e5" origId="s14.p150" charOffset="122-132" type="drug" text="cilostazol"/><entity id="DrugDDI.d378.s14.e6" origId="s14.p154" charOffset="155-165" type="drug" text="anagrelide"/><pair id="DrugDDI.d378.s14.p0" e1="DrugDDI.d378.s14.e0" e2="DrugDDI.d378.s14.e1" interaction="false"/><pair id="DrugDDI.d378.s14.p1" e1="DrugDDI.d378.s14.e0" e2="DrugDDI.d378.s14.e2" interaction="false"/><pair id="DrugDDI.d378.s14.p2" e1="DrugDDI.d378.s14.e0" e2="DrugDDI.d378.s14.e3" interaction="false"/><pair id="DrugDDI.d378.s14.p3" e1="DrugDDI.d378.s14.e0" e2="DrugDDI.d378.s14.e4" interaction="false"/><pair id="DrugDDI.d378.s14.p4" e1="DrugDDI.d378.s14.e0" e2="DrugDDI.d378.s14.e5" interaction="false"/><pair id="DrugDDI.d378.s14.p5" e1="DrugDDI.d378.s14.e0" e2="DrugDDI.d378.s14.e6" interaction="true"/><pair id="DrugDDI.d378.s14.p6" e1="DrugDDI.d378.s14.e1" e2="DrugDDI.d378.s14.e2" interaction="false"/><pair id="DrugDDI.d378.s14.p7" e1="DrugDDI.d378.s14.e1" e2="DrugDDI.d378.s14.e3" interaction="false"/><pair id="DrugDDI.d378.s14.p8" e1="DrugDDI.d378.s14.e1" e2="DrugDDI.d378.s14.e4" interaction="false"/><pair id="DrugDDI.d378.s14.p9" e1="DrugDDI.d378.s14.e1" e2="DrugDDI.d378.s14.e5" interaction="false"/><pair id="DrugDDI.d378.s14.p10" e1="DrugDDI.d378.s14.e1" e2="DrugDDI.d378.s14.e6" interaction="false"/><pair id="DrugDDI.d378.s14.p11" e1="DrugDDI.d378.s14.e2" e2="DrugDDI.d378.s14.e3" interaction="false"/><pair id="DrugDDI.d378.s14.p12" e1="DrugDDI.d378.s14.e2" e2="DrugDDI.d378.s14.e4" interaction="false"/><pair id="DrugDDI.d378.s14.p13" e1="DrugDDI.d378.s14.e2" e2="DrugDDI.d378.s14.e5" interaction="false"/><pair id="DrugDDI.d378.s14.p14" e1="DrugDDI.d378.s14.e2" e2="DrugDDI.d378.s14.e6" interaction="true"/><pair id="DrugDDI.d378.s14.p15" e1="DrugDDI.d378.s14.e3" e2="DrugDDI.d378.s14.e4" interaction="false"/><pair id="DrugDDI.d378.s14.p16" e1="DrugDDI.d378.s14.e3" e2="DrugDDI.d378.s14.e5" interaction="false"/><pair id="DrugDDI.d378.s14.p17" e1="DrugDDI.d378.s14.e3" e2="DrugDDI.d378.s14.e6" interaction="false"/><pair id="DrugDDI.d378.s14.p18" e1="DrugDDI.d378.s14.e4" e2="DrugDDI.d378.s14.e5" interaction="false"/><pair id="DrugDDI.d378.s14.p19" e1="DrugDDI.d378.s14.e4" e2="DrugDDI.d378.s14.e6" interaction="false"/><pair id="DrugDDI.d378.s14.p20" e1="DrugDDI.d378.s14.e5" e2="DrugDDI.d378.s14.e6" interaction="false"/></sentence><sentence id="DrugDDI.d378.s15" origId="s15" text="There is a single case report, which suggests that sucralfate may interfere with anagrelide absorption."><entity id="DrugDDI.d378.s15.e0" origId="s15.p160" charOffset="51-61" type="drug" text="sucralfate"/><entity id="DrugDDI.d378.s15.e1" origId="s15.p163" charOffset="81-91" type="drug" text="anagrelide"/><pair id="DrugDDI.d378.s15.p0" e1="DrugDDI.d378.s15.e0" e2="DrugDDI.d378.s15.e1" interaction="true"/></sentence><sentence id="DrugDDI.d378.s16" origId="s16" text="Food has no clinically significant effect on the bioavailability of anagrelide."><entity id="DrugDDI.d378.s16.e0" origId="s16.p168" charOffset="68-78" type="drug" text="anagrelide"/></sentence></document>