<?xml version="1.0" encoding="UTF-8"?>
<document id="DrugDDI.d249" origId="Anastrozole"><sentence id="DrugDDI.d249.s0" origId="s0" text="Anastrozole inhibited in vitro metabolic reactions catalyzed by cytochromes P450 1A2, 2C8/9, and 3A4 but only at relatively high concentrations."><entity id="DrugDDI.d249.s0.e0" origId="s0.p0" charOffset="0-11" type="drug" text="Anastrozole"/><entity id="DrugDDI.d249.s0.e1" origId="s0.p4" charOffset="64-85" type="drug" text="cytochromes P450 1A2"/><pair id="DrugDDI.d249.s0.p0" e1="DrugDDI.d249.s0.e0" e2="DrugDDI.d249.s0.e1" interaction="false"/></sentence><sentence id="DrugDDI.d249.s1" origId="s1" text="Anastrozole did not inhibit P450 2A6 or the polymorphic P450 2D6 in human liver microsomes."><entity id="DrugDDI.d249.s1.e0" origId="s1.p12" charOffset="0-11" type="drug" text="Anastrozole"/><entity id="DrugDDI.d249.s1.e1" origId="s1.p16" charOffset="28-32" type="drug" text="P450"/><entity id="DrugDDI.d249.s1.e2" origId="s1.p18" charOffset="44-65" type="drug" text="polymorphic P450 2D6"/><pair id="DrugDDI.d249.s1.p0" e1="DrugDDI.d249.s1.e0" e2="DrugDDI.d249.s1.e1" interaction="false"/><pair id="DrugDDI.d249.s1.p1" e1="DrugDDI.d249.s1.e0" e2="DrugDDI.d249.s1.e2" interaction="false"/><pair id="DrugDDI.d249.s1.p2" e1="DrugDDI.d249.s1.e1" e2="DrugDDI.d249.s1.e2" interaction="false"/></sentence><sentence id="DrugDDI.d249.s2" origId="s2" text="Anastrozole did not alter the pharmacokinetics of antipyrine."><entity id="DrugDDI.d249.s2.e0" origId="s2.p20" charOffset="0-11" type="drug" text="Anastrozole"/><entity id="DrugDDI.d249.s2.e1" origId="s2.p25" charOffset="50-60" type="drug" text="antipyrine"/><pair id="DrugDDI.d249.s2.p0" e1="DrugDDI.d249.s2.e0" e2="DrugDDI.d249.s2.e1" interaction="false"/></sentence><sentence id="DrugDDI.d249.s3" origId="s3" text="Although there have been no formal interaction studies other than with antipyrine, based on these in vivo and in vitro studies, it is unlikely that co-administration of a 1 mg dose of ARIMIDEX with other drugs will result in clinically significant drug inhibition of cytochrome P450-mediated metabolism of the other drugs."><entity id="DrugDDI.d249.s3.e0" origId="s3.p33" charOffset="71-81" type="drug" text="antipyrine"/><entity id="DrugDDI.d249.s3.e1" origId="s3.p43" charOffset="184-192" type="drug" text="ARIMIDEX"/><entity id="DrugDDI.d249.s3.e2" origId="s3.p44" charOffset="204-209" type="drug" text="drugs"/><entity id="DrugDDI.d249.s3.e3" origId="s3.p47" charOffset="248-252" type="drug" text="drug"/><entity id="DrugDDI.d249.s3.e4" origId="s3.p48" charOffset="267-282" type="drug" text="cytochrome P450"/><entity id="DrugDDI.d249.s3.e5" origId="s3.p49" charOffset="316-321" type="drug" text="drugs"/><pair id="DrugDDI.d249.s3.p0" e1="DrugDDI.d249.s3.e0" e2="DrugDDI.d249.s3.e1" interaction="false"/><pair id="DrugDDI.d249.s3.p1" e1="DrugDDI.d249.s3.e0" e2="DrugDDI.d249.s3.e2" interaction="false"/><pair id="DrugDDI.d249.s3.p2" e1="DrugDDI.d249.s3.e0" e2="DrugDDI.d249.s3.e3" interaction="false"/><pair id="DrugDDI.d249.s3.p3" e1="DrugDDI.d249.s3.e0" e2="DrugDDI.d249.s3.e4" interaction="false"/><pair id="DrugDDI.d249.s3.p4" e1="DrugDDI.d249.s3.e0" e2="DrugDDI.d249.s3.e5" interaction="false"/><pair id="DrugDDI.d249.s3.p5" e1="DrugDDI.d249.s3.e1" e2="DrugDDI.d249.s3.e2" interaction="false"/><pair id="DrugDDI.d249.s3.p6" e1="DrugDDI.d249.s3.e1" e2="DrugDDI.d249.s3.e3" interaction="false"/><pair id="DrugDDI.d249.s3.p7" e1="DrugDDI.d249.s3.e1" e2="DrugDDI.d249.s3.e4" interaction="false"/><pair id="DrugDDI.d249.s3.p8" e1="DrugDDI.d249.s3.e1" e2="DrugDDI.d249.s3.e5" interaction="false"/><pair id="DrugDDI.d249.s3.p9" e1="DrugDDI.d249.s3.e2" e2="DrugDDI.d249.s3.e3" interaction="false"/><pair id="DrugDDI.d249.s3.p10" e1="DrugDDI.d249.s3.e2" e2="DrugDDI.d249.s3.e4" interaction="false"/><pair id="DrugDDI.d249.s3.p11" e1="DrugDDI.d249.s3.e2" e2="DrugDDI.d249.s3.e5" interaction="false"/><pair id="DrugDDI.d249.s3.p12" e1="DrugDDI.d249.s3.e3" e2="DrugDDI.d249.s3.e4" interaction="false"/><pair id="DrugDDI.d249.s3.p13" e1="DrugDDI.d249.s3.e3" e2="DrugDDI.d249.s3.e5" interaction="false"/><pair id="DrugDDI.d249.s3.p14" e1="DrugDDI.d249.s3.e4" e2="DrugDDI.d249.s3.e5" interaction="false"/></sentence><sentence id="DrugDDI.d249.s4" origId="s4" text="An interaction study with warfarin showed no clinically significant effect of anastrozole on warfarin pharmacokinetics or anticoagulant activity."><entity id="DrugDDI.d249.s4.e0" origId="s4.p51" charOffset="26-34" type="drug" text="warfarin"/><entity id="DrugDDI.d249.s4.e1" origId="s4.p54" charOffset="78-89" type="drug" text="anastrozole"/><entity id="DrugDDI.d249.s4.e2" origId="s4.p55" charOffset="93-101" type="drug" text="warfarin"/><pair id="DrugDDI.d249.s4.p0" e1="DrugDDI.d249.s4.e0" e2="DrugDDI.d249.s4.e1" interaction="false"/><pair id="DrugDDI.d249.s4.p1" e1="DrugDDI.d249.s4.e0" e2="DrugDDI.d249.s4.e2" interaction="false"/><pair id="DrugDDI.d249.s4.p2" e1="DrugDDI.d249.s4.e1" e2="DrugDDI.d249.s4.e2" interaction="false"/></sentence><sentence id="DrugDDI.d249.s5" origId="s5" text="At a median follow-up of 33 months, the combination of ARIMIDEX and tamoxifen did not demonstrate any efficacy benefit when compared with tamoxifen in all patients as well as in the hormone receptor-positive subpopulation."><entity id="DrugDDI.d249.s5.e0" origId="s5.p61" charOffset="55-63" type="drug" text="ARIMIDEX"/><entity id="DrugDDI.d249.s5.e1" origId="s5.p63" charOffset="68-77" type="drug" text="tamoxifen"/><entity id="DrugDDI.d249.s5.e2" origId="s5.p70" charOffset="138-147" type="drug" text="tamoxifen"/><entity id="DrugDDI.d249.s5.e3" origId="s5.p73" charOffset="182-198" type="drug" text="hormone receptor"/><pair id="DrugDDI.d249.s5.p0" e1="DrugDDI.d249.s5.e0" e2="DrugDDI.d249.s5.e1" interaction="false"/><pair id="DrugDDI.d249.s5.p1" e1="DrugDDI.d249.s5.e0" e2="DrugDDI.d249.s5.e2" interaction="false"/><pair id="DrugDDI.d249.s5.p2" e1="DrugDDI.d249.s5.e0" e2="DrugDDI.d249.s5.e3" interaction="false"/><pair id="DrugDDI.d249.s5.p3" e1="DrugDDI.d249.s5.e1" e2="DrugDDI.d249.s5.e2" interaction="false"/><pair id="DrugDDI.d249.s5.p4" e1="DrugDDI.d249.s5.e1" e2="DrugDDI.d249.s5.e3" interaction="false"/><pair id="DrugDDI.d249.s5.p5" e1="DrugDDI.d249.s5.e2" e2="DrugDDI.d249.s5.e3" interaction="false"/></sentence><sentence id="DrugDDI.d249.s6" origId="s6" text="This treatment arm was discontinued from the trial."/><sentence id="DrugDDI.d249.s7" origId="s7" text="Based on clinical and pharmacokinetic results from the ATAC trial, tamoxifen should not be administered with anastrozole (see CLINICAL PHARMACOLOGY ? Drug Interactions and CLINICAL PHARMACOLOGY - Clinical Studies - Adjuvant Treatment of Breast Cancer in Postmenopausal Women subsections)."><entity id="DrugDDI.d249.s7.e0" origId="s7.p83" charOffset="67-76" type="drug" text="tamoxifen"/><entity id="DrugDDI.d249.s7.e1" origId="s7.p88" charOffset="109-120" type="drug" text="anastrozole"/><pair id="DrugDDI.d249.s7.p0" e1="DrugDDI.d249.s7.e0" e2="DrugDDI.d249.s7.e1" interaction="true"/></sentence><sentence id="DrugDDI.d249.s8" origId="s8" text="Co-administration of anastrozole and tamoxifen resulted in a reduction of anastrozole plasma levels by 27% compared with those achieved with anastrozole alone."><entity id="DrugDDI.d249.s8.e0" origId="s8.p98" charOffset="21-32" type="drug" text="anastrozole"/><entity id="DrugDDI.d249.s8.e1" origId="s8.p100" charOffset="37-46" type="drug" text="tamoxifen"/><entity id="DrugDDI.d249.s8.e2" origId="s8.p103" charOffset="74-85" type="drug" text="anastrozole"/><entity id="DrugDDI.d249.s8.e3" origId="s8.p108" charOffset="141-152" type="drug" text="anastrozole"/><pair id="DrugDDI.d249.s8.p0" e1="DrugDDI.d249.s8.e0" e2="DrugDDI.d249.s8.e1" interaction="true"/><pair id="DrugDDI.d249.s8.p1" e1="DrugDDI.d249.s8.e0" e2="DrugDDI.d249.s8.e2" interaction="false"/><pair id="DrugDDI.d249.s8.p2" e1="DrugDDI.d249.s8.e0" e2="DrugDDI.d249.s8.e3" interaction="false"/><pair id="DrugDDI.d249.s8.p3" e1="DrugDDI.d249.s8.e1" e2="DrugDDI.d249.s8.e2" interaction="false"/><pair id="DrugDDI.d249.s8.p4" e1="DrugDDI.d249.s8.e1" e2="DrugDDI.d249.s8.e3" interaction="false"/><pair id="DrugDDI.d249.s8.p5" e1="DrugDDI.d249.s8.e2" e2="DrugDDI.d249.s8.e3" interaction="false"/></sentence><sentence id="DrugDDI.d249.s9" origId="s9" text="Estrogen-containing therapies should not be used with ARIMIDEX as they may diminish its pharmacologic action."><entity id="DrugDDI.d249.s9.e0" origId="s9.p114" charOffset="54-62" type="drug" text="ARIMIDEX"/></sentence><sentence id="DrugDDI.d249.s10" origId="s10" text="Drug/Laboratory Test Interactions No clinically significant changes in the results of clinical laboratory tests have been observed"><entity id="DrugDDI.d249.s10.e0" origId="s10.p120" charOffset="0-4" type="drug" text="Drug"/></sentence><sentence id="DrugDDI.d249.s11" origId="s11" text="."/><sentence id="DrugDDI.d249.s12" origId="s12" text="?"/></document>