<?xml version="1.0" encoding="UTF-8"?>
<document id="DrugDDI.d130" origId="Anileridine"><sentence id="DrugDDI.d130.s0" origId="s0" text="Caution should be observed when anileridine is coadministered with other opioids, sedatives, phenothiazines, or anesthetics, as these agents may increase respiratory and circulatory depression."><entity id="DrugDDI.d130.s0.e0" origId="s0.p5" charOffset="32-43" type="drug" text="anileridine"/><entity id="DrugDDI.d130.s0.e1" origId="s0.p8" charOffset="73-80" type="drug" text="opioids"/><entity id="DrugDDI.d130.s0.e2" origId="s0.p9" charOffset="82-91" type="drug" text="sedatives"/><entity id="DrugDDI.d130.s0.e3" origId="s0.p10" charOffset="93-107" type="drug" text="phenothiazines"/><entity id="DrugDDI.d130.s0.e4" origId="s0.p12" charOffset="112-123" type="drug" text="anesthetics"/><pair id="DrugDDI.d130.s0.p0" e1="DrugDDI.d130.s0.e0" e2="DrugDDI.d130.s0.e1" interaction="false"/><pair id="DrugDDI.d130.s0.p1" e1="DrugDDI.d130.s0.e0" e2="DrugDDI.d130.s0.e2" interaction="true"/><pair id="DrugDDI.d130.s0.p2" e1="DrugDDI.d130.s0.e0" e2="DrugDDI.d130.s0.e3" interaction="false"/><pair id="DrugDDI.d130.s0.p3" e1="DrugDDI.d130.s0.e0" e2="DrugDDI.d130.s0.e4" interaction="true"/><pair id="DrugDDI.d130.s0.p4" e1="DrugDDI.d130.s0.e1" e2="DrugDDI.d130.s0.e2" interaction="false"/><pair id="DrugDDI.d130.s0.p5" e1="DrugDDI.d130.s0.e1" e2="DrugDDI.d130.s0.e3" interaction="false"/><pair id="DrugDDI.d130.s0.p6" e1="DrugDDI.d130.s0.e1" e2="DrugDDI.d130.s0.e4" interaction="false"/><pair id="DrugDDI.d130.s0.p7" e1="DrugDDI.d130.s0.e2" e2="DrugDDI.d130.s0.e3" interaction="false"/><pair id="DrugDDI.d130.s0.p8" e1="DrugDDI.d130.s0.e2" e2="DrugDDI.d130.s0.e4" interaction="false"/><pair id="DrugDDI.d130.s0.p9" e1="DrugDDI.d130.s0.e3" e2="DrugDDI.d130.s0.e4" interaction="false"/></sentence></document>