<?xml version="1.0" encoding="UTF-8"?>
<document id="DrugDDI.d297" origId="Arbutamine"><sentence id="DrugDDI.d297.s0" origId="s0" text="Beta-adrenergic blocking agents: concurrent use may blunt the response to arbutamine."><entity id="DrugDDI.d297.s0.e0" origId="s0.p0" charOffset="0-31" type="drug" text="Beta-adrenergic blocking agents"/><entity id="DrugDDI.d297.s0.e1" origId="s0.p5" charOffset="74-84" type="drug" text="arbutamine"/><pair id="DrugDDI.d297.s0.p0" e1="DrugDDI.d297.s0.e0" e2="DrugDDI.d297.s0.e1" interaction="false"/></sentence><sentence id="DrugDDI.d297.s1" origId="s1" text="Beta-adrenergic blocking agents should be withdrawn at least 48 hours before conducting an arbutamine-mediated stress test."><entity id="DrugDDI.d297.s1.e0" origId="s1.p6" charOffset="0-31" type="drug" text="Beta-adrenergic blocking agents"/><entity id="DrugDDI.d297.s1.e1" origId="s1.p11" charOffset="91-101" type="drug" text="arbutamine"/><pair id="DrugDDI.d297.s1.p0" e1="DrugDDI.d297.s1.e0" e2="DrugDDI.d297.s1.e1" interaction="true"/></sentence><sentence id="DrugDDI.d297.s2" origId="s2" text="Antiarrhythmic agents, class I (such as flecainide, lidocaine, or quinidine): concurrent use with arbutamine may have a proarrhythmic effect."><entity id="DrugDDI.d297.s2.e0" origId="s2.p12" charOffset="0-20" type="drug" text="Antiarrhythmic agent"/><entity id="DrugDDI.d297.s2.e1" origId="s2.p15" charOffset="40-50" type="drug" text="flecainide"/><entity id="DrugDDI.d297.s2.e2" origId="s2.p16" charOffset="52-61" type="drug" text="lidocaine"/><entity id="DrugDDI.d297.s2.e3" origId="s2.p18" charOffset="66-75" type="drug" text="quinidine"/><entity id="DrugDDI.d297.s2.e4" origId="s2.p22" charOffset="98-108" type="drug" text="arbutamine"/><pair id="DrugDDI.d297.s2.p0" e1="DrugDDI.d297.s2.e0" e2="DrugDDI.d297.s2.e1" interaction="false"/><pair id="DrugDDI.d297.s2.p1" e1="DrugDDI.d297.s2.e0" e2="DrugDDI.d297.s2.e2" interaction="false"/><pair id="DrugDDI.d297.s2.p2" e1="DrugDDI.d297.s2.e0" e2="DrugDDI.d297.s2.e3" interaction="false"/><pair id="DrugDDI.d297.s2.p3" e1="DrugDDI.d297.s2.e0" e2="DrugDDI.d297.s2.e4" interaction="false"/><pair id="DrugDDI.d297.s2.p4" e1="DrugDDI.d297.s2.e1" e2="DrugDDI.d297.s2.e2" interaction="false"/><pair id="DrugDDI.d297.s2.p5" e1="DrugDDI.d297.s2.e1" e2="DrugDDI.d297.s2.e3" interaction="false"/><pair id="DrugDDI.d297.s2.p6" e1="DrugDDI.d297.s2.e1" e2="DrugDDI.d297.s2.e4" interaction="false"/><pair id="DrugDDI.d297.s2.p7" e1="DrugDDI.d297.s2.e2" e2="DrugDDI.d297.s2.e3" interaction="false"/><pair id="DrugDDI.d297.s2.p8" e1="DrugDDI.d297.s2.e2" e2="DrugDDI.d297.s2.e4" interaction="false"/><pair id="DrugDDI.d297.s2.p9" e1="DrugDDI.d297.s2.e3" e2="DrugDDI.d297.s2.e4" interaction="false"/></sentence><sentence id="DrugDDI.d297.s3" origId="s3" text="Antidepressants (tricyclic), atropine or other anticholinergic agents, or digitalis glycosides: concurrent use with arbutamine may produce additive inotropic and/or chronotropic effects."><entity id="DrugDDI.d297.s3.e0" origId="s3.p26" charOffset="0-15" type="drug" text="Antidepressants"/><entity id="DrugDDI.d297.s3.e1" origId="s3.p31" charOffset="29-37" type="drug" text="atropine"/><entity id="DrugDDI.d297.s3.e2" origId="s3.p33" charOffset="47-69" type="drug" text="anticholinergic agents"/><entity id="DrugDDI.d297.s3.e3" origId="s3.p35" charOffset="74-94" type="drug" text="digitalis glycosides"/><entity id="DrugDDI.d297.s3.e4" origId="s3.p38" charOffset="116-126" type="drug" text="arbutamine"/><pair id="DrugDDI.d297.s3.p0" e1="DrugDDI.d297.s3.e0" e2="DrugDDI.d297.s3.e1" interaction="false"/><pair id="DrugDDI.d297.s3.p1" e1="DrugDDI.d297.s3.e0" e2="DrugDDI.d297.s3.e2" interaction="false"/><pair id="DrugDDI.d297.s3.p2" e1="DrugDDI.d297.s3.e0" e2="DrugDDI.d297.s3.e3" interaction="false"/><pair id="DrugDDI.d297.s3.p3" e1="DrugDDI.d297.s3.e0" e2="DrugDDI.d297.s3.e4" interaction="false"/><pair id="DrugDDI.d297.s3.p4" e1="DrugDDI.d297.s3.e1" e2="DrugDDI.d297.s3.e2" interaction="false"/><pair id="DrugDDI.d297.s3.p5" e1="DrugDDI.d297.s3.e1" e2="DrugDDI.d297.s3.e3" interaction="false"/><pair id="DrugDDI.d297.s3.p6" e1="DrugDDI.d297.s3.e1" e2="DrugDDI.d297.s3.e4" interaction="false"/><pair id="DrugDDI.d297.s3.p7" e1="DrugDDI.d297.s3.e2" e2="DrugDDI.d297.s3.e3" interaction="false"/><pair id="DrugDDI.d297.s3.p8" e1="DrugDDI.d297.s3.e2" e2="DrugDDI.d297.s3.e4" interaction="false"/><pair id="DrugDDI.d297.s3.p9" e1="DrugDDI.d297.s3.e3" e2="DrugDDI.d297.s3.e4" interaction="false"/></sentence></document>