<?xml version="1.0" encoding="UTF-8"?>
<document id="DrugDDI.d392" origId="Astemizole"><sentence id="DrugDDI.d392.s0" origId="s0" text="Ketoconazole/Itraconazole, Macrolides, Including Erythromycin"><entity id="DrugDDI.d392.s0.e0" origId="s0.p0" charOffset="0-12" type="drug" text="Ketoconazole"/><entity id="DrugDDI.d392.s0.e1" origId="s0.p1" charOffset="13-25" type="drug" text="Itraconazole"/><entity id="DrugDDI.d392.s0.e2" origId="s0.p2" charOffset="27-37" type="drug" text="Macrolides"/><entity id="DrugDDI.d392.s0.e3" origId="s0.p4" charOffset="49-61" type="drug" text="Erythromycin"/><pair id="DrugDDI.d392.s0.p0" e1="DrugDDI.d392.s0.e0" e2="DrugDDI.d392.s0.e1" interaction="false"/><pair id="DrugDDI.d392.s0.p1" e1="DrugDDI.d392.s0.e0" e2="DrugDDI.d392.s0.e2" interaction="false"/><pair id="DrugDDI.d392.s0.p2" e1="DrugDDI.d392.s0.e0" e2="DrugDDI.d392.s0.e3" interaction="false"/><pair id="DrugDDI.d392.s0.p3" e1="DrugDDI.d392.s0.e1" e2="DrugDDI.d392.s0.e2" interaction="false"/><pair id="DrugDDI.d392.s0.p4" e1="DrugDDI.d392.s0.e1" e2="DrugDDI.d392.s0.e3" interaction="false"/><pair id="DrugDDI.d392.s0.p5" e1="DrugDDI.d392.s0.e2" e2="DrugDDI.d392.s0.e3" interaction="false"/></sentence></document>