<?xml version="1.0" encoding="UTF-8"?>
<document id="DrugDDI.d526" origId="Azithromycin"><sentence id="DrugDDI.d526.s0" origId="s0" text="Co-administration of nelfinavir at steady-state with a single dose of azithromycin (2  span class= c94 ??"><entity id="DrugDDI.d526.s0.e0" origId="s0.p1" charOffset="21-31" type="drug" text="nelfinavir"/><entity id="DrugDDI.d526.s0.e1" origId="s0.p4" charOffset="70-82" type="drug" text="azithromycin"/><pair id="DrugDDI.d526.s0.p0" e1="DrugDDI.d526.s0.e0" e2="DrugDDI.d526.s0.e1" interaction="true"/></sentence><sentence id="DrugDDI.d526.s1" origId="s1" text="600 mg tablets) results in increased azithromycin serum concentrations."><entity id="DrugDDI.d526.s1.e0" origId="s1.p10" charOffset="37-49" type="drug" text="azithromycin"/></sentence><sentence id="DrugDDI.d526.s2" origId="s2" text="Although a dose adjustment of azithromycin is not recommended when administered in combination with nelfinavir, close monitoring for known side effects of azithromycin, such as liver enzyme abnormalities and hearing impairment, is warranted."><entity id="DrugDDI.d526.s2.e0" origId="s2.p13" charOffset="30-42" type="drug" text="azithromycin"/><entity id="DrugDDI.d526.s2.e1" origId="s2.p20" charOffset="100-110" type="drug" text="nelfinavir"/><entity id="DrugDDI.d526.s2.e2" origId="s2.p23" charOffset="155-167" type="drug" text="azithromycin"/><pair id="DrugDDI.d526.s2.p0" e1="DrugDDI.d526.s2.e0" e2="DrugDDI.d526.s2.e1" interaction="true"/><pair id="DrugDDI.d526.s2.p1" e1="DrugDDI.d526.s2.e0" e2="DrugDDI.d526.s2.e2" interaction="false"/><pair id="DrugDDI.d526.s2.p2" e1="DrugDDI.d526.s2.e1" e2="DrugDDI.d526.s2.e2" interaction="false"/></sentence><sentence id="DrugDDI.d526.s3" origId="s3" text="Azithromycin did not affect the prothrombin time response to a single dose of warfarin."><entity id="DrugDDI.d526.s3.e0" origId="s3.p29" charOffset="0-12" type="drug" text="Azithromycin"/><entity id="DrugDDI.d526.s3.e1" origId="s3.p35" charOffset="78-86" type="drug" text="warfarin"/><pair id="DrugDDI.d526.s3.p0" e1="DrugDDI.d526.s3.e0" e2="DrugDDI.d526.s3.e1" interaction="false"/></sentence><sentence id="DrugDDI.d526.s4" origId="s4" text="However, prudent medical practice dictates careful monitoring of prothrombin time in all patients treated with azithromycin and warfarin concomitantly."><entity id="DrugDDI.d526.s4.e0" origId="s4.p43" charOffset="111-123" type="drug" text="azithromycin"/><entity id="DrugDDI.d526.s4.e1" origId="s4.p45" charOffset="128-136" type="drug" text="warfarin"/><pair id="DrugDDI.d526.s4.p0" e1="DrugDDI.d526.s4.e0" e2="DrugDDI.d526.s4.e1" interaction="true"/></sentence><sentence id="DrugDDI.d526.s5" origId="s5" text="Concurrent use of macrolides and warfarin in clinical practice has been associated with increased anticoagulant effects."><entity id="DrugDDI.d526.s5.e0" origId="s5.p47" charOffset="18-28" type="drug" text="macrolides"/><entity id="DrugDDI.d526.s5.e1" origId="s5.p49" charOffset="33-41" type="drug" text="warfarin"/><pair id="DrugDDI.d526.s5.p0" e1="DrugDDI.d526.s5.e0" e2="DrugDDI.d526.s5.e1" interaction="true"/></sentence><sentence id="DrugDDI.d526.s6" origId="s6" text="Drug interaction studies were performed with azithromycin and other drugs likely to be co-administered."><entity id="DrugDDI.d526.s6.e0" origId="s6.p58" charOffset="45-57" type="drug" text="azithromycin"/><entity id="DrugDDI.d526.s6.e1" origId="s6.p60" charOffset="68-73" type="drug" text="drugs"/><pair id="DrugDDI.d526.s6.p0" e1="DrugDDI.d526.s6.e0" e2="DrugDDI.d526.s6.e1" interaction="false"/></sentence><sentence id="DrugDDI.d526.s7" origId="s7" text="When used in therapeutic doses, azithromycin had a modest effect on the pharmacokinetics of atorvastatin, carbamazepine, cetirizine, didanosine, efavirenz, fluconazole, indinavir, midazolam, rifabutin, sildenafil, theophylline (intravenous and oral), triazolam, trimethoprim/sulfamethoxazole or zidovudine."><entity id="DrugDDI.d526.s7.e0" origId="s7.p66" charOffset="32-44" type="drug" text="azithromycin"/><entity id="DrugDDI.d526.s7.e1" origId="s7.p70" charOffset="92-104" type="drug" text="atorvastatin"/><entity id="DrugDDI.d526.s7.e2" origId="s7.p71" charOffset="106-119" type="drug" text="carbamazepine"/><entity id="DrugDDI.d526.s7.e3" origId="s7.p72" charOffset="121-131" type="drug" text="cetirizine"/><entity id="DrugDDI.d526.s7.e4" origId="s7.p73" charOffset="133-143" type="drug" text="didanosine"/><entity id="DrugDDI.d526.s7.e5" origId="s7.p74" charOffset="145-154" type="drug" text="efavirenz"/><entity id="DrugDDI.d526.s7.e6" origId="s7.p75" charOffset="156-167" type="drug" text="fluconazole"/><entity id="DrugDDI.d526.s7.e7" origId="s7.p76" charOffset="169-178" type="drug" text="indinavir"/><entity id="DrugDDI.d526.s7.e8" origId="s7.p77" charOffset="180-189" type="drug" text="midazolam"/><entity id="DrugDDI.d526.s7.e9" origId="s7.p78" charOffset="191-200" type="drug" text="rifabutin"/><entity id="DrugDDI.d526.s7.e10" origId="s7.p79" charOffset="202-212" type="drug" text="sildenafil"/><entity id="DrugDDI.d526.s7.e11" origId="s7.p80" charOffset="214-226" type="drug" text="theophylline"/><entity id="DrugDDI.d526.s7.e12" origId="s7.p87" charOffset="251-260" type="drug" text="triazolam"/><entity id="DrugDDI.d526.s7.e13" origId="s7.p88" charOffset="262-274" type="drug" text="trimethoprim"/><entity id="DrugDDI.d526.s7.e14" origId="s7.p89" charOffset="275-291" type="drug" text="sulfamethoxazole"/><entity id="DrugDDI.d526.s7.e15" origId="s7.p91" charOffset="295-305" type="drug" text="zidovudine"/><pair id="DrugDDI.d526.s7.p0" e1="DrugDDI.d526.s7.e0" e2="DrugDDI.d526.s7.e1" interaction="true"/><pair id="DrugDDI.d526.s7.p1" e1="DrugDDI.d526.s7.e0" e2="DrugDDI.d526.s7.e2" interaction="false"/><pair id="DrugDDI.d526.s7.p2" e1="DrugDDI.d526.s7.e0" e2="DrugDDI.d526.s7.e3" interaction="true"/><pair id="DrugDDI.d526.s7.p3" e1="DrugDDI.d526.s7.e0" e2="DrugDDI.d526.s7.e4" interaction="false"/><pair id="DrugDDI.d526.s7.p4" e1="DrugDDI.d526.s7.e0" e2="DrugDDI.d526.s7.e5" interaction="true"/><pair id="DrugDDI.d526.s7.p5" e1="DrugDDI.d526.s7.e0" e2="DrugDDI.d526.s7.e6" interaction="false"/><pair id="DrugDDI.d526.s7.p6" e1="DrugDDI.d526.s7.e0" e2="DrugDDI.d526.s7.e7" interaction="true"/><pair id="DrugDDI.d526.s7.p7" e1="DrugDDI.d526.s7.e0" e2="DrugDDI.d526.s7.e8" interaction="false"/><pair id="DrugDDI.d526.s7.p8" e1="DrugDDI.d526.s7.e0" e2="DrugDDI.d526.s7.e9" interaction="true"/><pair id="DrugDDI.d526.s7.p9" e1="DrugDDI.d526.s7.e0" e2="DrugDDI.d526.s7.e10" interaction="false"/><pair id="DrugDDI.d526.s7.p10" e1="DrugDDI.d526.s7.e0" e2="DrugDDI.d526.s7.e11" interaction="true"/><pair id="DrugDDI.d526.s7.p11" e1="DrugDDI.d526.s7.e0" e2="DrugDDI.d526.s7.e12" interaction="false"/><pair id="DrugDDI.d526.s7.p12" e1="DrugDDI.d526.s7.e0" e2="DrugDDI.d526.s7.e13" interaction="true"/><pair id="DrugDDI.d526.s7.p13" e1="DrugDDI.d526.s7.e0" e2="DrugDDI.d526.s7.e14" interaction="false"/><pair id="DrugDDI.d526.s7.p14" e1="DrugDDI.d526.s7.e0" e2="DrugDDI.d526.s7.e15" interaction="true"/><pair id="DrugDDI.d526.s7.p15" e1="DrugDDI.d526.s7.e1" e2="DrugDDI.d526.s7.e2" interaction="false"/><pair id="DrugDDI.d526.s7.p16" e1="DrugDDI.d526.s7.e1" e2="DrugDDI.d526.s7.e3" interaction="false"/><pair id="DrugDDI.d526.s7.p17" e1="DrugDDI.d526.s7.e1" e2="DrugDDI.d526.s7.e4" interaction="false"/><pair id="DrugDDI.d526.s7.p18" e1="DrugDDI.d526.s7.e1" e2="DrugDDI.d526.s7.e5" interaction="false"/><pair id="DrugDDI.d526.s7.p19" e1="DrugDDI.d526.s7.e1" e2="DrugDDI.d526.s7.e6" interaction="false"/><pair id="DrugDDI.d526.s7.p20" e1="DrugDDI.d526.s7.e1" e2="DrugDDI.d526.s7.e7" interaction="false"/><pair id="DrugDDI.d526.s7.p21" e1="DrugDDI.d526.s7.e1" e2="DrugDDI.d526.s7.e8" interaction="false"/><pair id="DrugDDI.d526.s7.p22" e1="DrugDDI.d526.s7.e1" e2="DrugDDI.d526.s7.e9" interaction="false"/><pair id="DrugDDI.d526.s7.p23" e1="DrugDDI.d526.s7.e1" e2="DrugDDI.d526.s7.e10" interaction="false"/><pair id="DrugDDI.d526.s7.p24" e1="DrugDDI.d526.s7.e1" e2="DrugDDI.d526.s7.e11" interaction="false"/><pair id="DrugDDI.d526.s7.p25" e1="DrugDDI.d526.s7.e1" e2="DrugDDI.d526.s7.e12" interaction="false"/><pair id="DrugDDI.d526.s7.p26" e1="DrugDDI.d526.s7.e1" e2="DrugDDI.d526.s7.e13" interaction="false"/><pair id="DrugDDI.d526.s7.p27" e1="DrugDDI.d526.s7.e1" e2="DrugDDI.d526.s7.e14" interaction="false"/><pair id="DrugDDI.d526.s7.p28" e1="DrugDDI.d526.s7.e1" e2="DrugDDI.d526.s7.e15" interaction="false"/><pair id="DrugDDI.d526.s7.p29" e1="DrugDDI.d526.s7.e2" e2="DrugDDI.d526.s7.e3" interaction="false"/><pair id="DrugDDI.d526.s7.p30" e1="DrugDDI.d526.s7.e2" e2="DrugDDI.d526.s7.e4" interaction="false"/><pair id="DrugDDI.d526.s7.p31" e1="DrugDDI.d526.s7.e2" e2="DrugDDI.d526.s7.e5" interaction="false"/><pair id="DrugDDI.d526.s7.p32" e1="DrugDDI.d526.s7.e2" e2="DrugDDI.d526.s7.e6" interaction="false"/><pair id="DrugDDI.d526.s7.p33" e1="DrugDDI.d526.s7.e2" e2="DrugDDI.d526.s7.e7" interaction="false"/><pair id="DrugDDI.d526.s7.p34" e1="DrugDDI.d526.s7.e2" e2="DrugDDI.d526.s7.e8" interaction="false"/><pair id="DrugDDI.d526.s7.p35" e1="DrugDDI.d526.s7.e2" e2="DrugDDI.d526.s7.e9" interaction="false"/><pair id="DrugDDI.d526.s7.p36" e1="DrugDDI.d526.s7.e2" e2="DrugDDI.d526.s7.e10" interaction="false"/><pair id="DrugDDI.d526.s7.p37" e1="DrugDDI.d526.s7.e2" e2="DrugDDI.d526.s7.e11" interaction="false"/><pair id="DrugDDI.d526.s7.p38" e1="DrugDDI.d526.s7.e2" e2="DrugDDI.d526.s7.e12" interaction="false"/><pair id="DrugDDI.d526.s7.p39" e1="DrugDDI.d526.s7.e2" e2="DrugDDI.d526.s7.e13" interaction="false"/><pair id="DrugDDI.d526.s7.p40" e1="DrugDDI.d526.s7.e2" e2="DrugDDI.d526.s7.e14" interaction="false"/><pair id="DrugDDI.d526.s7.p41" e1="DrugDDI.d526.s7.e2" e2="DrugDDI.d526.s7.e15" interaction="false"/><pair id="DrugDDI.d526.s7.p42" e1="DrugDDI.d526.s7.e3" e2="DrugDDI.d526.s7.e4" interaction="false"/><pair id="DrugDDI.d526.s7.p43" e1="DrugDDI.d526.s7.e3" e2="DrugDDI.d526.s7.e5" interaction="false"/><pair id="DrugDDI.d526.s7.p44" e1="DrugDDI.d526.s7.e3" e2="DrugDDI.d526.s7.e6" interaction="false"/><pair id="DrugDDI.d526.s7.p45" e1="DrugDDI.d526.s7.e3" e2="DrugDDI.d526.s7.e7" interaction="false"/><pair id="DrugDDI.d526.s7.p46" e1="DrugDDI.d526.s7.e3" e2="DrugDDI.d526.s7.e8" interaction="false"/><pair id="DrugDDI.d526.s7.p47" e1="DrugDDI.d526.s7.e3" e2="DrugDDI.d526.s7.e9" interaction="false"/><pair id="DrugDDI.d526.s7.p48" e1="DrugDDI.d526.s7.e3" e2="DrugDDI.d526.s7.e10" interaction="false"/><pair id="DrugDDI.d526.s7.p49" e1="DrugDDI.d526.s7.e3" e2="DrugDDI.d526.s7.e11" interaction="false"/><pair id="DrugDDI.d526.s7.p50" e1="DrugDDI.d526.s7.e3" e2="DrugDDI.d526.s7.e12" interaction="false"/><pair id="DrugDDI.d526.s7.p51" e1="DrugDDI.d526.s7.e3" e2="DrugDDI.d526.s7.e13" interaction="false"/><pair id="DrugDDI.d526.s7.p52" e1="DrugDDI.d526.s7.e3" e2="DrugDDI.d526.s7.e14" interaction="false"/><pair id="DrugDDI.d526.s7.p53" e1="DrugDDI.d526.s7.e3" e2="DrugDDI.d526.s7.e15" interaction="false"/><pair id="DrugDDI.d526.s7.p54" e1="DrugDDI.d526.s7.e4" e2="DrugDDI.d526.s7.e5" interaction="false"/><pair id="DrugDDI.d526.s7.p55" e1="DrugDDI.d526.s7.e4" e2="DrugDDI.d526.s7.e6" interaction="false"/><pair id="DrugDDI.d526.s7.p56" e1="DrugDDI.d526.s7.e4" e2="DrugDDI.d526.s7.e7" interaction="false"/><pair id="DrugDDI.d526.s7.p57" e1="DrugDDI.d526.s7.e4" e2="DrugDDI.d526.s7.e8" interaction="false"/><pair id="DrugDDI.d526.s7.p58" e1="DrugDDI.d526.s7.e4" e2="DrugDDI.d526.s7.e9" interaction="false"/><pair id="DrugDDI.d526.s7.p59" e1="DrugDDI.d526.s7.e4" e2="DrugDDI.d526.s7.e10" interaction="false"/><pair id="DrugDDI.d526.s7.p60" e1="DrugDDI.d526.s7.e4" e2="DrugDDI.d526.s7.e11" interaction="false"/><pair id="DrugDDI.d526.s7.p61" e1="DrugDDI.d526.s7.e4" e2="DrugDDI.d526.s7.e12" interaction="false"/><pair id="DrugDDI.d526.s7.p62" e1="DrugDDI.d526.s7.e4" e2="DrugDDI.d526.s7.e13" interaction="false"/><pair id="DrugDDI.d526.s7.p63" e1="DrugDDI.d526.s7.e4" e2="DrugDDI.d526.s7.e14" interaction="false"/><pair id="DrugDDI.d526.s7.p64" e1="DrugDDI.d526.s7.e4" e2="DrugDDI.d526.s7.e15" interaction="false"/><pair id="DrugDDI.d526.s7.p65" e1="DrugDDI.d526.s7.e5" e2="DrugDDI.d526.s7.e6" interaction="false"/><pair id="DrugDDI.d526.s7.p66" e1="DrugDDI.d526.s7.e5" e2="DrugDDI.d526.s7.e7" interaction="false"/><pair id="DrugDDI.d526.s7.p67" e1="DrugDDI.d526.s7.e5" e2="DrugDDI.d526.s7.e8" interaction="false"/><pair id="DrugDDI.d526.s7.p68" e1="DrugDDI.d526.s7.e5" e2="DrugDDI.d526.s7.e9" interaction="false"/><pair id="DrugDDI.d526.s7.p69" e1="DrugDDI.d526.s7.e5" e2="DrugDDI.d526.s7.e10" interaction="false"/><pair id="DrugDDI.d526.s7.p70" e1="DrugDDI.d526.s7.e5" e2="DrugDDI.d526.s7.e11" interaction="false"/><pair id="DrugDDI.d526.s7.p71" e1="DrugDDI.d526.s7.e5" e2="DrugDDI.d526.s7.e12" interaction="false"/><pair id="DrugDDI.d526.s7.p72" e1="DrugDDI.d526.s7.e5" e2="DrugDDI.d526.s7.e13" interaction="false"/><pair id="DrugDDI.d526.s7.p73" e1="DrugDDI.d526.s7.e5" e2="DrugDDI.d526.s7.e14" interaction="false"/><pair id="DrugDDI.d526.s7.p74" e1="DrugDDI.d526.s7.e5" e2="DrugDDI.d526.s7.e15" interaction="false"/><pair id="DrugDDI.d526.s7.p75" e1="DrugDDI.d526.s7.e6" e2="DrugDDI.d526.s7.e7" interaction="false"/><pair id="DrugDDI.d526.s7.p76" e1="DrugDDI.d526.s7.e6" e2="DrugDDI.d526.s7.e8" interaction="false"/><pair id="DrugDDI.d526.s7.p77" e1="DrugDDI.d526.s7.e6" e2="DrugDDI.d526.s7.e9" interaction="false"/><pair id="DrugDDI.d526.s7.p78" e1="DrugDDI.d526.s7.e6" e2="DrugDDI.d526.s7.e10" interaction="false"/><pair id="DrugDDI.d526.s7.p79" e1="DrugDDI.d526.s7.e6" e2="DrugDDI.d526.s7.e11" interaction="false"/><pair id="DrugDDI.d526.s7.p80" e1="DrugDDI.d526.s7.e6" e2="DrugDDI.d526.s7.e12" interaction="false"/><pair id="DrugDDI.d526.s7.p81" e1="DrugDDI.d526.s7.e6" e2="DrugDDI.d526.s7.e13" interaction="false"/><pair id="DrugDDI.d526.s7.p82" e1="DrugDDI.d526.s7.e6" e2="DrugDDI.d526.s7.e14" interaction="false"/><pair id="DrugDDI.d526.s7.p83" e1="DrugDDI.d526.s7.e6" e2="DrugDDI.d526.s7.e15" interaction="false"/><pair id="DrugDDI.d526.s7.p84" e1="DrugDDI.d526.s7.e7" e2="DrugDDI.d526.s7.e8" interaction="false"/><pair id="DrugDDI.d526.s7.p85" e1="DrugDDI.d526.s7.e7" e2="DrugDDI.d526.s7.e9" interaction="false"/><pair id="DrugDDI.d526.s7.p86" e1="DrugDDI.d526.s7.e7" e2="DrugDDI.d526.s7.e10" interaction="false"/><pair id="DrugDDI.d526.s7.p87" e1="DrugDDI.d526.s7.e7" e2="DrugDDI.d526.s7.e11" interaction="false"/><pair id="DrugDDI.d526.s7.p88" e1="DrugDDI.d526.s7.e7" e2="DrugDDI.d526.s7.e12" interaction="false"/><pair id="DrugDDI.d526.s7.p89" e1="DrugDDI.d526.s7.e7" e2="DrugDDI.d526.s7.e13" interaction="false"/><pair id="DrugDDI.d526.s7.p90" e1="DrugDDI.d526.s7.e7" e2="DrugDDI.d526.s7.e14" interaction="false"/><pair id="DrugDDI.d526.s7.p91" e1="DrugDDI.d526.s7.e7" e2="DrugDDI.d526.s7.e15" interaction="false"/><pair id="DrugDDI.d526.s7.p92" e1="DrugDDI.d526.s7.e8" e2="DrugDDI.d526.s7.e9" interaction="false"/><pair id="DrugDDI.d526.s7.p93" e1="DrugDDI.d526.s7.e8" e2="DrugDDI.d526.s7.e10" interaction="false"/><pair id="DrugDDI.d526.s7.p94" e1="DrugDDI.d526.s7.e8" e2="DrugDDI.d526.s7.e11" interaction="false"/><pair id="DrugDDI.d526.s7.p95" e1="DrugDDI.d526.s7.e8" e2="DrugDDI.d526.s7.e12" interaction="false"/><pair id="DrugDDI.d526.s7.p96" e1="DrugDDI.d526.s7.e8" e2="DrugDDI.d526.s7.e13" interaction="false"/><pair id="DrugDDI.d526.s7.p97" e1="DrugDDI.d526.s7.e8" e2="DrugDDI.d526.s7.e14" interaction="false"/><pair id="DrugDDI.d526.s7.p98" e1="DrugDDI.d526.s7.e8" e2="DrugDDI.d526.s7.e15" interaction="false"/><pair id="DrugDDI.d526.s7.p99" e1="DrugDDI.d526.s7.e9" e2="DrugDDI.d526.s7.e10" interaction="false"/><pair id="DrugDDI.d526.s7.p100" e1="DrugDDI.d526.s7.e9" e2="DrugDDI.d526.s7.e11" interaction="false"/><pair id="DrugDDI.d526.s7.p101" e1="DrugDDI.d526.s7.e9" e2="DrugDDI.d526.s7.e12" interaction="false"/><pair id="DrugDDI.d526.s7.p102" e1="DrugDDI.d526.s7.e9" e2="DrugDDI.d526.s7.e13" interaction="false"/><pair id="DrugDDI.d526.s7.p103" e1="DrugDDI.d526.s7.e9" e2="DrugDDI.d526.s7.e14" interaction="false"/><pair id="DrugDDI.d526.s7.p104" e1="DrugDDI.d526.s7.e9" e2="DrugDDI.d526.s7.e15" interaction="false"/><pair id="DrugDDI.d526.s7.p105" e1="DrugDDI.d526.s7.e10" e2="DrugDDI.d526.s7.e11" interaction="false"/><pair id="DrugDDI.d526.s7.p106" e1="DrugDDI.d526.s7.e10" e2="DrugDDI.d526.s7.e12" interaction="false"/><pair id="DrugDDI.d526.s7.p107" e1="DrugDDI.d526.s7.e10" e2="DrugDDI.d526.s7.e13" interaction="false"/><pair id="DrugDDI.d526.s7.p108" e1="DrugDDI.d526.s7.e10" e2="DrugDDI.d526.s7.e14" interaction="false"/><pair id="DrugDDI.d526.s7.p109" e1="DrugDDI.d526.s7.e10" e2="DrugDDI.d526.s7.e15" interaction="false"/><pair id="DrugDDI.d526.s7.p110" e1="DrugDDI.d526.s7.e11" e2="DrugDDI.d526.s7.e12" interaction="false"/><pair id="DrugDDI.d526.s7.p111" e1="DrugDDI.d526.s7.e11" e2="DrugDDI.d526.s7.e13" interaction="false"/><pair id="DrugDDI.d526.s7.p112" e1="DrugDDI.d526.s7.e11" e2="DrugDDI.d526.s7.e14" interaction="false"/><pair id="DrugDDI.d526.s7.p113" e1="DrugDDI.d526.s7.e11" e2="DrugDDI.d526.s7.e15" interaction="false"/><pair id="DrugDDI.d526.s7.p114" e1="DrugDDI.d526.s7.e12" e2="DrugDDI.d526.s7.e13" interaction="false"/><pair id="DrugDDI.d526.s7.p115" e1="DrugDDI.d526.s7.e12" e2="DrugDDI.d526.s7.e14" interaction="false"/><pair id="DrugDDI.d526.s7.p116" e1="DrugDDI.d526.s7.e12" e2="DrugDDI.d526.s7.e15" interaction="false"/><pair id="DrugDDI.d526.s7.p117" e1="DrugDDI.d526.s7.e13" e2="DrugDDI.d526.s7.e14" interaction="false"/><pair id="DrugDDI.d526.s7.p118" e1="DrugDDI.d526.s7.e13" e2="DrugDDI.d526.s7.e15" interaction="false"/><pair id="DrugDDI.d526.s7.p119" e1="DrugDDI.d526.s7.e14" e2="DrugDDI.d526.s7.e15" interaction="false"/></sentence><sentence id="DrugDDI.d526.s8" origId="s8" text="Co-administration with efavirenz or fluconazole had a modest effect on the pharmacokinetics of azithromycin."><entity id="DrugDDI.d526.s8.e0" origId="s8.p93" charOffset="23-32" type="drug" text="efavirenz"/><entity id="DrugDDI.d526.s8.e1" origId="s8.p95" charOffset="36-47" type="drug" text="fluconazole"/><entity id="DrugDDI.d526.s8.e2" origId="s8.p99" charOffset="95-107" type="drug" text="azithromycin"/><pair id="DrugDDI.d526.s8.p0" e1="DrugDDI.d526.s8.e0" e2="DrugDDI.d526.s8.e1" interaction="false"/><pair id="DrugDDI.d526.s8.p1" e1="DrugDDI.d526.s8.e0" e2="DrugDDI.d526.s8.e2" interaction="false"/><pair id="DrugDDI.d526.s8.p2" e1="DrugDDI.d526.s8.e1" e2="DrugDDI.d526.s8.e2" interaction="false"/></sentence><sentence id="DrugDDI.d526.s9" origId="s9" text="No dosage adjustment of either drug is recommended when azithromycin is co administered with any of the above agents."><entity id="DrugDDI.d526.s9.e0" origId="s9.p103" charOffset="31-35" type="drug" text="drug"/><entity id="DrugDDI.d526.s9.e1" origId="s9.p107" charOffset="56-68" type="drug" text="azithromycin"/><pair id="DrugDDI.d526.s9.p0" e1="DrugDDI.d526.s9.e0" e2="DrugDDI.d526.s9.e1" interaction="false"/></sentence><sentence id="DrugDDI.d526.s10" origId="s10" text="Interactions with the drugs listed below have not been reported in clinical trials with azithromycin;"><entity id="DrugDDI.d526.s10.e0" origId="s10.p114" charOffset="22-27" type="drug" text="drugs"/><entity id="DrugDDI.d526.s10.e1" origId="s10.p122" charOffset="88-100" type="drug" text="azithromycin"/><pair id="DrugDDI.d526.s10.p0" e1="DrugDDI.d526.s10.e0" e2="DrugDDI.d526.s10.e1" interaction="false"/></sentence><sentence id="DrugDDI.d526.s11" origId="s11" text="however, no specific drug interaction studies have been performed to evaluate potential drug-drug interaction."/><sentence id="DrugDDI.d526.s12" origId="s12" text="Nonetheless, they have been observed with macrolide products."><entity id="DrugDDI.d526.s12.e0" origId="s12.p137" charOffset="42-51" type="drug" text="macrolide"/></sentence><sentence id="DrugDDI.d526.s13" origId="s13" text="Until further data are developed regarding drug interactions when azithromycin and these drugs are used concomitantly, careful monitoring of patients is advised: Digoxin?elevated digoxin concentrations."><entity id="DrugDDI.d526.s13.e0" origId="s13.p144" charOffset="66-78" type="drug" text="azithromycin"/><entity id="DrugDDI.d526.s13.e1" origId="s13.p146" charOffset="89-94" type="drug" text="drugs"/><entity id="DrugDDI.d526.s13.e2" origId="s13.p155" charOffset="162-169" type="drug" text="Digoxin"/><pair id="DrugDDI.d526.s13.p0" e1="DrugDDI.d526.s13.e0" e2="DrugDDI.d526.s13.e1" interaction="false"/><pair id="DrugDDI.d526.s13.p1" e1="DrugDDI.d526.s13.e0" e2="DrugDDI.d526.s13.e2" interaction="false"/><pair id="DrugDDI.d526.s13.p2" e1="DrugDDI.d526.s13.e1" e2="DrugDDI.d526.s13.e2" interaction="false"/></sentence><sentence id="DrugDDI.d526.s14" origId="s14" text="Ergotamine or dihydroergotamine?acute ergot toxicity characterized by severe peripheral vasospasm and dysesthesia."><entity id="DrugDDI.d526.s14.e0" origId="s14.p156" charOffset="0-10" type="drug" text="Ergotamine"/><entity id="DrugDDI.d526.s14.e1" origId="s14.p158" charOffset="21-26" type="drug" text="ergot"/><pair id="DrugDDI.d526.s14.p0" e1="DrugDDI.d526.s14.e0" e2="DrugDDI.d526.s14.e1" interaction="false"/></sentence><sentence id="DrugDDI.d526.s15" origId="s15" text="Cyclosporine, hexobarbital and phenytoin concentrations."><entity id="DrugDDI.d526.s15.e0" origId="s15.p163" charOffset="0-12" type="drug" text="Cyclosporine"/><entity id="DrugDDI.d526.s15.e1" origId="s15.p164" charOffset="14-26" type="drug" text="hexobarbital"/><entity id="DrugDDI.d526.s15.e2" origId="s15.p166" charOffset="31-40" type="drug" text="phenytoin"/><pair id="DrugDDI.d526.s15.p0" e1="DrugDDI.d526.s15.e0" e2="DrugDDI.d526.s15.e1" interaction="false"/><pair id="DrugDDI.d526.s15.p1" e1="DrugDDI.d526.s15.e0" e2="DrugDDI.d526.s15.e2" interaction="false"/><pair id="DrugDDI.d526.s15.p2" e1="DrugDDI.d526.s15.e1" e2="DrugDDI.d526.s15.e2" interaction="false"/></sentence><sentence id="DrugDDI.d526.s16" origId="s16" text="Laboratory Test Interactions There are no reported laboratory test interactions."/><sentence id="DrugDDI.d526.s17" origId="s17" text="Repeat Treatment Studies evaluating the use of repeated courses of Zmax have not been conducted."><entity id="DrugDDI.d526.s17.e0" origId="s17.p174" charOffset="67-71" type="drug" text="Zmax"/></sentence></document>