<?xml version="1.0" encoding="UTF-8"?>
<document id="DrugDDI.d510" origId="Beclomethasone"><sentence id="DrugDDI.d510.s0" origId="s0" text="Albuterol, Antihistamines, antidiabetic drugs, diuretics, digitalis."><entity id="DrugDDI.d510.s0.e0" origId="s0.p0" charOffset="0-9" type="drug" text="Albuterol"/><entity id="DrugDDI.d510.s0.e1" origId="s0.p1" charOffset="11-25" type="drug" text="Antihistamines"/><entity id="DrugDDI.d510.s0.e2" origId="s0.p2" charOffset="27-45" type="drug" text="antidiabetic drugs"/><entity id="DrugDDI.d510.s0.e3" origId="s0.p3" charOffset="47-56" type="drug" text="diuretics"/><entity id="DrugDDI.d510.s0.e4" origId="s0.p4" charOffset="58-67" type="drug" text="digitalis"/><pair id="DrugDDI.d510.s0.p0" e1="DrugDDI.d510.s0.e0" e2="DrugDDI.d510.s0.e1" interaction="false"/><pair id="DrugDDI.d510.s0.p1" e1="DrugDDI.d510.s0.e0" e2="DrugDDI.d510.s0.e2" interaction="false"/><pair id="DrugDDI.d510.s0.p2" e1="DrugDDI.d510.s0.e0" e2="DrugDDI.d510.s0.e3" interaction="false"/><pair id="DrugDDI.d510.s0.p3" e1="DrugDDI.d510.s0.e0" e2="DrugDDI.d510.s0.e4" interaction="false"/><pair id="DrugDDI.d510.s0.p4" e1="DrugDDI.d510.s0.e1" e2="DrugDDI.d510.s0.e2" interaction="false"/><pair id="DrugDDI.d510.s0.p5" e1="DrugDDI.d510.s0.e1" e2="DrugDDI.d510.s0.e3" interaction="false"/><pair id="DrugDDI.d510.s0.p6" e1="DrugDDI.d510.s0.e1" e2="DrugDDI.d510.s0.e4" interaction="false"/><pair id="DrugDDI.d510.s0.p7" e1="DrugDDI.d510.s0.e2" e2="DrugDDI.d510.s0.e3" interaction="false"/><pair id="DrugDDI.d510.s0.p8" e1="DrugDDI.d510.s0.e2" e2="DrugDDI.d510.s0.e4" interaction="false"/><pair id="DrugDDI.d510.s0.p9" e1="DrugDDI.d510.s0.e3" e2="DrugDDI.d510.s0.e4" interaction="false"/></sentence></document>