<?xml version="1.0" encoding="UTF-8"?>
<document id="DrugDDI.d420" origId="Benazepril"><sentence id="DrugDDI.d420.s0" origId="s0" text="Diuretics Patients on diuretics, especially those in whom diuretic therapy was recently instituted, may occasionally experience an excessive reduction of blood pressure after initiation of therapy with Lotensin."><entity id="DrugDDI.d420.s0.e0" origId="s0.p0" charOffset="0-9" type="drug" text="Diuretics"/><entity id="DrugDDI.d420.s0.e1" origId="s0.p1" charOffset="22-31" type="drug" text="diuretics"/><entity id="DrugDDI.d420.s0.e2" origId="s0.p15" charOffset="202-210" type="drug" text="Lotensin"/><pair id="DrugDDI.d420.s0.p0" e1="DrugDDI.d420.s0.e0" e2="DrugDDI.d420.s0.e1" interaction="false"/><pair id="DrugDDI.d420.s0.p1" e1="DrugDDI.d420.s0.e0" e2="DrugDDI.d420.s0.e2" interaction="false"/><pair id="DrugDDI.d420.s0.p2" e1="DrugDDI.d420.s0.e1" e2="DrugDDI.d420.s0.e2" interaction="true"/></sentence><sentence id="DrugDDI.d420.s1" origId="s1" text="The possibility of hypotensive effects with Lotensin can be minimized by either discontinuing the diuretic or increasing the salt intake prior to initiation of treatment with Lotensin."><entity id="DrugDDI.d420.s1.e0" origId="s1.p18" charOffset="44-52" type="drug" text="Lotensin"/><entity id="DrugDDI.d420.s1.e1" origId="s1.p24" charOffset="98-106" type="drug" text="diuretic"/><entity id="DrugDDI.d420.s1.e2" origId="s1.p29" charOffset="175-183" type="drug" text="Lotensin"/><pair id="DrugDDI.d420.s1.p0" e1="DrugDDI.d420.s1.e0" e2="DrugDDI.d420.s1.e1" interaction="true"/><pair id="DrugDDI.d420.s1.p1" e1="DrugDDI.d420.s1.e0" e2="DrugDDI.d420.s1.e2" interaction="false"/><pair id="DrugDDI.d420.s1.p2" e1="DrugDDI.d420.s1.e1" e2="DrugDDI.d420.s1.e2" interaction="false"/></sentence><sentence id="DrugDDI.d420.s2" origId="s2" text="If this is not possible, the starting dose should be reduced."/><sentence id="DrugDDI.d420.s3" origId="s3" text="Potassium Supplements and Potassium-Sparing Diuretics Lotensin can attenuate potassium loss caused by thiazide diuretics."><entity id="DrugDDI.d420.s3.e0" origId="s3.p37" charOffset="0-20" type="drug" text="Potassium Supplement"/><entity id="DrugDDI.d420.s3.e1" origId="s3.p39" charOffset="26-53" type="drug" text="potassium-sparing diuretics"/><entity id="DrugDDI.d420.s3.e2" origId="s3.p42" charOffset="77-86" type="drug" text="potassium"/><entity id="DrugDDI.d420.s3.e3" origId="s3.p44" charOffset="102-120" type="drug" text="thiazide diuretics"/><pair id="DrugDDI.d420.s3.p0" e1="DrugDDI.d420.s3.e0" e2="DrugDDI.d420.s3.e1" interaction="false"/><pair id="DrugDDI.d420.s3.p1" e1="DrugDDI.d420.s3.e0" e2="DrugDDI.d420.s3.e2" interaction="true"/><pair id="DrugDDI.d420.s3.p2" e1="DrugDDI.d420.s3.e0" e2="DrugDDI.d420.s3.e3" interaction="false"/><pair id="DrugDDI.d420.s3.p3" e1="DrugDDI.d420.s3.e1" e2="DrugDDI.d420.s3.e2" interaction="false"/><pair id="DrugDDI.d420.s3.p4" e1="DrugDDI.d420.s3.e1" e2="DrugDDI.d420.s3.e3" interaction="true"/><pair id="DrugDDI.d420.s3.p5" e1="DrugDDI.d420.s3.e2" e2="DrugDDI.d420.s3.e3" interaction="false"/></sentence><sentence id="DrugDDI.d420.s4" origId="s4" text="Potassium-sparing diuretics (spironolactone, amiloride, triamterene, and others) or potassium supplements can increase the risk of hyperkalemia."><entity id="DrugDDI.d420.s4.e0" origId="s4.p45" charOffset="0-27" type="drug" text="potassium-sparing diuretics"/><entity id="DrugDDI.d420.s4.e1" origId="s4.p47" charOffset="29-43" type="drug" text="spironolactone"/><entity id="DrugDDI.d420.s4.e2" origId="s4.p48" charOffset="45-54" type="drug" text="amiloride"/><entity id="DrugDDI.d420.s4.e3" origId="s4.p49" charOffset="56-67" type="drug" text="triamterene"/><entity id="DrugDDI.d420.s4.e4" origId="s4.p54" charOffset="84-104" type="drug" text="potassium supplement"/><pair id="DrugDDI.d420.s4.p0" e1="DrugDDI.d420.s4.e0" e2="DrugDDI.d420.s4.e1" interaction="false"/><pair id="DrugDDI.d420.s4.p1" e1="DrugDDI.d420.s4.e0" e2="DrugDDI.d420.s4.e2" interaction="false"/><pair id="DrugDDI.d420.s4.p2" e1="DrugDDI.d420.s4.e0" e2="DrugDDI.d420.s4.e3" interaction="false"/><pair id="DrugDDI.d420.s4.p3" e1="DrugDDI.d420.s4.e0" e2="DrugDDI.d420.s4.e4" interaction="false"/><pair id="DrugDDI.d420.s4.p4" e1="DrugDDI.d420.s4.e1" e2="DrugDDI.d420.s4.e2" interaction="false"/><pair id="DrugDDI.d420.s4.p5" e1="DrugDDI.d420.s4.e1" e2="DrugDDI.d420.s4.e3" interaction="false"/><pair id="DrugDDI.d420.s4.p6" e1="DrugDDI.d420.s4.e1" e2="DrugDDI.d420.s4.e4" interaction="false"/><pair id="DrugDDI.d420.s4.p7" e1="DrugDDI.d420.s4.e2" e2="DrugDDI.d420.s4.e3" interaction="false"/><pair id="DrugDDI.d420.s4.p8" e1="DrugDDI.d420.s4.e2" e2="DrugDDI.d420.s4.e4" interaction="false"/><pair id="DrugDDI.d420.s4.p9" e1="DrugDDI.d420.s4.e3" e2="DrugDDI.d420.s4.e4" interaction="false"/></sentence><sentence id="DrugDDI.d420.s5" origId="s5" text="Therefore, if concomitant use of such agents is indicated, they should be given with caution, and the patient?s serum potassium should be monitored frequently."/><sentence id="DrugDDI.d420.s6" origId="s6" text="Oral Anticoagulants Interaction studies with warfarin and acenocoumarol failed to identify any clinically important effects on the serum concentrations or clinical effects of these anticoagulants."><entity id="DrugDDI.d420.s6.e0" origId="s6.p77" charOffset="0-19" type="drug" text="Oral Anticoagulants"/><entity id="DrugDDI.d420.s6.e1" origId="s6.p79" charOffset="45-53" type="drug" text="warfarin"/><entity id="DrugDDI.d420.s6.e2" origId="s6.p81" charOffset="58-71" type="drug" text="acenocoumarol"/><entity id="DrugDDI.d420.s6.e3" origId="s6.p89" charOffset="181-195" type="drug" text="anticoagulants"/><pair id="DrugDDI.d420.s6.p0" e1="DrugDDI.d420.s6.e0" e2="DrugDDI.d420.s6.e1" interaction="false"/><pair id="DrugDDI.d420.s6.p1" e1="DrugDDI.d420.s6.e0" e2="DrugDDI.d420.s6.e2" interaction="false"/><pair id="DrugDDI.d420.s6.p2" e1="DrugDDI.d420.s6.e0" e2="DrugDDI.d420.s6.e3" interaction="false"/><pair id="DrugDDI.d420.s6.p3" e1="DrugDDI.d420.s6.e1" e2="DrugDDI.d420.s6.e2" interaction="false"/><pair id="DrugDDI.d420.s6.p4" e1="DrugDDI.d420.s6.e1" e2="DrugDDI.d420.s6.e3" interaction="false"/><pair id="DrugDDI.d420.s6.p5" e1="DrugDDI.d420.s6.e2" e2="DrugDDI.d420.s6.e3" interaction="false"/></sentence><sentence id="DrugDDI.d420.s7" origId="s7" text="Lithium Increased serum lithium levels and symptoms of lithium toxicity have been reported in patients receiving ACE inhibitors during therapy with lithium."><entity id="DrugDDI.d420.s7.e0" origId="s7.p90" charOffset="0-7" type="drug" text="Lithium"/><entity id="DrugDDI.d420.s7.e1" origId="s7.p101" charOffset="113-127" type="drug" text="ACE inhibitors"/><entity id="DrugDDI.d420.s7.e2" origId="s7.p103" charOffset="148-155" type="drug" text="lithium"/><pair id="DrugDDI.d420.s7.p0" e1="DrugDDI.d420.s7.e0" e2="DrugDDI.d420.s7.e1" interaction="false"/><pair id="DrugDDI.d420.s7.p1" e1="DrugDDI.d420.s7.e0" e2="DrugDDI.d420.s7.e2" interaction="false"/><pair id="DrugDDI.d420.s7.p2" e1="DrugDDI.d420.s7.e1" e2="DrugDDI.d420.s7.e2" interaction="true"/></sentence><sentence id="DrugDDI.d420.s8" origId="s8" text="These drugs should be coadministered with caution, and frequent monitoring of serum lithium levels is recommended."><entity id="DrugDDI.d420.s8.e0" origId="s8.p104" charOffset="6-11" type="drug" text="drugs"/></sentence><sentence id="DrugDDI.d420.s9" origId="s9" text="If a diuretic is also used, the risk of lithium toxicity may be increased."><entity id="DrugDDI.d420.s9.e0" origId="s9.p114" charOffset="5-13" type="drug" text="diuretic"/></sentence><sentence id="DrugDDI.d420.s10" origId="s10" text="Other No clinically important pharmacokinetic interactions occurred when Lotensin was administered concomitantly with hydrochlorothiazide, chlorthalidone, furosemide, digoxin, propranolol, atenolol, naproxen, or cimetidine."><entity id="DrugDDI.d420.s10.e0" origId="s10.p127" charOffset="73-81" type="drug" text="Lotensin"/><entity id="DrugDDI.d420.s10.e1" origId="s10.p131" charOffset="118-137" type="drug" text="hydrochlorothiazide"/><entity id="DrugDDI.d420.s10.e2" origId="s10.p132" charOffset="139-153" type="drug" text="chlorthalidone"/><entity id="DrugDDI.d420.s10.e3" origId="s10.p133" charOffset="155-165" type="drug" text="furosemide"/><entity id="DrugDDI.d420.s10.e4" origId="s10.p134" charOffset="167-174" type="drug" text="digoxin"/><entity id="DrugDDI.d420.s10.e5" origId="s10.p135" charOffset="176-187" type="drug" text="propranolol"/><entity id="DrugDDI.d420.s10.e6" origId="s10.p136" charOffset="189-197" type="drug" text="atenolol"/><entity id="DrugDDI.d420.s10.e7" origId="s10.p137" charOffset="199-207" type="drug" text="naproxen"/><entity id="DrugDDI.d420.s10.e8" origId="s10.p139" charOffset="212-222" type="drug" text="cimetidine"/><pair id="DrugDDI.d420.s10.p0" e1="DrugDDI.d420.s10.e0" e2="DrugDDI.d420.s10.e1" interaction="false"/><pair id="DrugDDI.d420.s10.p1" e1="DrugDDI.d420.s10.e0" e2="DrugDDI.d420.s10.e2" interaction="false"/><pair id="DrugDDI.d420.s10.p2" e1="DrugDDI.d420.s10.e0" e2="DrugDDI.d420.s10.e3" interaction="false"/><pair id="DrugDDI.d420.s10.p3" e1="DrugDDI.d420.s10.e0" e2="DrugDDI.d420.s10.e4" interaction="false"/><pair id="DrugDDI.d420.s10.p4" e1="DrugDDI.d420.s10.e0" e2="DrugDDI.d420.s10.e5" interaction="false"/><pair id="DrugDDI.d420.s10.p5" e1="DrugDDI.d420.s10.e0" e2="DrugDDI.d420.s10.e6" interaction="false"/><pair id="DrugDDI.d420.s10.p6" e1="DrugDDI.d420.s10.e0" e2="DrugDDI.d420.s10.e7" interaction="false"/><pair id="DrugDDI.d420.s10.p7" e1="DrugDDI.d420.s10.e0" e2="DrugDDI.d420.s10.e8" interaction="false"/><pair id="DrugDDI.d420.s10.p8" e1="DrugDDI.d420.s10.e1" e2="DrugDDI.d420.s10.e2" interaction="false"/><pair id="DrugDDI.d420.s10.p9" e1="DrugDDI.d420.s10.e1" e2="DrugDDI.d420.s10.e3" interaction="false"/><pair id="DrugDDI.d420.s10.p10" e1="DrugDDI.d420.s10.e1" e2="DrugDDI.d420.s10.e4" interaction="false"/><pair id="DrugDDI.d420.s10.p11" e1="DrugDDI.d420.s10.e1" e2="DrugDDI.d420.s10.e5" interaction="false"/><pair id="DrugDDI.d420.s10.p12" e1="DrugDDI.d420.s10.e1" e2="DrugDDI.d420.s10.e6" interaction="false"/><pair id="DrugDDI.d420.s10.p13" e1="DrugDDI.d420.s10.e1" e2="DrugDDI.d420.s10.e7" interaction="false"/><pair id="DrugDDI.d420.s10.p14" e1="DrugDDI.d420.s10.e1" e2="DrugDDI.d420.s10.e8" interaction="false"/><pair id="DrugDDI.d420.s10.p15" e1="DrugDDI.d420.s10.e2" e2="DrugDDI.d420.s10.e3" interaction="false"/><pair id="DrugDDI.d420.s10.p16" e1="DrugDDI.d420.s10.e2" e2="DrugDDI.d420.s10.e4" interaction="false"/><pair id="DrugDDI.d420.s10.p17" e1="DrugDDI.d420.s10.e2" e2="DrugDDI.d420.s10.e5" interaction="false"/><pair id="DrugDDI.d420.s10.p18" e1="DrugDDI.d420.s10.e2" e2="DrugDDI.d420.s10.e6" interaction="false"/><pair id="DrugDDI.d420.s10.p19" e1="DrugDDI.d420.s10.e2" e2="DrugDDI.d420.s10.e7" interaction="false"/><pair id="DrugDDI.d420.s10.p20" e1="DrugDDI.d420.s10.e2" e2="DrugDDI.d420.s10.e8" interaction="false"/><pair id="DrugDDI.d420.s10.p21" e1="DrugDDI.d420.s10.e3" e2="DrugDDI.d420.s10.e4" interaction="false"/><pair id="DrugDDI.d420.s10.p22" e1="DrugDDI.d420.s10.e3" e2="DrugDDI.d420.s10.e5" interaction="false"/><pair id="DrugDDI.d420.s10.p23" e1="DrugDDI.d420.s10.e3" e2="DrugDDI.d420.s10.e6" interaction="false"/><pair id="DrugDDI.d420.s10.p24" e1="DrugDDI.d420.s10.e3" e2="DrugDDI.d420.s10.e7" interaction="false"/><pair id="DrugDDI.d420.s10.p25" e1="DrugDDI.d420.s10.e3" e2="DrugDDI.d420.s10.e8" interaction="false"/><pair id="DrugDDI.d420.s10.p26" e1="DrugDDI.d420.s10.e4" e2="DrugDDI.d420.s10.e5" interaction="false"/><pair id="DrugDDI.d420.s10.p27" e1="DrugDDI.d420.s10.e4" e2="DrugDDI.d420.s10.e6" interaction="false"/><pair id="DrugDDI.d420.s10.p28" e1="DrugDDI.d420.s10.e4" e2="DrugDDI.d420.s10.e7" interaction="false"/><pair id="DrugDDI.d420.s10.p29" e1="DrugDDI.d420.s10.e4" e2="DrugDDI.d420.s10.e8" interaction="false"/><pair id="DrugDDI.d420.s10.p30" e1="DrugDDI.d420.s10.e5" e2="DrugDDI.d420.s10.e6" interaction="false"/><pair id="DrugDDI.d420.s10.p31" e1="DrugDDI.d420.s10.e5" e2="DrugDDI.d420.s10.e7" interaction="false"/><pair id="DrugDDI.d420.s10.p32" e1="DrugDDI.d420.s10.e5" e2="DrugDDI.d420.s10.e8" interaction="false"/><pair id="DrugDDI.d420.s10.p33" e1="DrugDDI.d420.s10.e6" e2="DrugDDI.d420.s10.e7" interaction="false"/><pair id="DrugDDI.d420.s10.p34" e1="DrugDDI.d420.s10.e6" e2="DrugDDI.d420.s10.e8" interaction="false"/><pair id="DrugDDI.d420.s10.p35" e1="DrugDDI.d420.s10.e7" e2="DrugDDI.d420.s10.e8" interaction="false"/></sentence><sentence id="DrugDDI.d420.s11" origId="s11" text="Lotensin has been used concomitantly with beta-adrenergic-blocking agents, calcium-channel-blocking agents, diuretics, digoxin, and hydralazine, without evidence of clinically important adverse interactions."><entity id="DrugDDI.d420.s11.e0" origId="s11.p140" charOffset="0-8" type="drug" text="Lotensin"/><entity id="DrugDDI.d420.s11.e1" origId="s11.p145" charOffset="42-73" type="drug" text="beta-adrenergic-blocking agents"/><entity id="DrugDDI.d420.s11.e2" origId="s11.p146" charOffset="75-106" type="drug" text="calcium-channel-blocking agents"/><entity id="DrugDDI.d420.s11.e3" origId="s11.p147" charOffset="108-117" type="drug" text="diuretics"/><entity id="DrugDDI.d420.s11.e4" origId="s11.p148" charOffset="119-126" type="drug" text="digoxin"/><entity id="DrugDDI.d420.s11.e5" origId="s11.p150" charOffset="132-143" type="drug" text="hydralazine"/><pair id="DrugDDI.d420.s11.p0" e1="DrugDDI.d420.s11.e0" e2="DrugDDI.d420.s11.e1" interaction="false"/><pair id="DrugDDI.d420.s11.p1" e1="DrugDDI.d420.s11.e0" e2="DrugDDI.d420.s11.e2" interaction="false"/><pair id="DrugDDI.d420.s11.p2" e1="DrugDDI.d420.s11.e0" e2="DrugDDI.d420.s11.e3" interaction="false"/><pair id="DrugDDI.d420.s11.p3" e1="DrugDDI.d420.s11.e0" e2="DrugDDI.d420.s11.e4" interaction="false"/><pair id="DrugDDI.d420.s11.p4" e1="DrugDDI.d420.s11.e0" e2="DrugDDI.d420.s11.e5" interaction="false"/><pair id="DrugDDI.d420.s11.p5" e1="DrugDDI.d420.s11.e1" e2="DrugDDI.d420.s11.e2" interaction="false"/><pair id="DrugDDI.d420.s11.p6" e1="DrugDDI.d420.s11.e1" e2="DrugDDI.d420.s11.e3" interaction="false"/><pair id="DrugDDI.d420.s11.p7" e1="DrugDDI.d420.s11.e1" e2="DrugDDI.d420.s11.e4" interaction="false"/><pair id="DrugDDI.d420.s11.p8" e1="DrugDDI.d420.s11.e1" e2="DrugDDI.d420.s11.e5" interaction="false"/><pair id="DrugDDI.d420.s11.p9" e1="DrugDDI.d420.s11.e2" e2="DrugDDI.d420.s11.e3" interaction="false"/><pair id="DrugDDI.d420.s11.p10" e1="DrugDDI.d420.s11.e2" e2="DrugDDI.d420.s11.e4" interaction="false"/><pair id="DrugDDI.d420.s11.p11" e1="DrugDDI.d420.s11.e2" e2="DrugDDI.d420.s11.e5" interaction="false"/><pair id="DrugDDI.d420.s11.p12" e1="DrugDDI.d420.s11.e3" e2="DrugDDI.d420.s11.e4" interaction="false"/><pair id="DrugDDI.d420.s11.p13" e1="DrugDDI.d420.s11.e3" e2="DrugDDI.d420.s11.e5" interaction="false"/><pair id="DrugDDI.d420.s11.p14" e1="DrugDDI.d420.s11.e4" e2="DrugDDI.d420.s11.e5" interaction="false"/></sentence><sentence id="DrugDDI.d420.s12" origId="s12" text="Benazepril, like other ACE inhibitors, has had less than additive effects with beta-adrenergic blockers, presumably because both drugs lower blood pressure by inhibiting parts of the renin-angiotensin system"><entity id="DrugDDI.d420.s12.e0" origId="s12.p153" charOffset="0-10" type="drug" text="Benazepril"/><entity id="DrugDDI.d420.s12.e1" origId="s12.p154" charOffset="23-37" type="drug" text="ACE inhibitors"/><entity id="DrugDDI.d420.s12.e2" origId="s12.p159" charOffset="79-103" type="drug" text="beta-adrenergic blockers"/><entity id="DrugDDI.d420.s12.e3" origId="s12.p163" charOffset="129-134" type="drug" text="drugs"/><pair id="DrugDDI.d420.s12.p0" e1="DrugDDI.d420.s12.e0" e2="DrugDDI.d420.s12.e1" interaction="false"/><pair id="DrugDDI.d420.s12.p1" e1="DrugDDI.d420.s12.e0" e2="DrugDDI.d420.s12.e2" interaction="true"/><pair id="DrugDDI.d420.s12.p2" e1="DrugDDI.d420.s12.e0" e2="DrugDDI.d420.s12.e3" interaction="false"/><pair id="DrugDDI.d420.s12.p3" e1="DrugDDI.d420.s12.e1" e2="DrugDDI.d420.s12.e2" interaction="true"/><pair id="DrugDDI.d420.s12.p4" e1="DrugDDI.d420.s12.e1" e2="DrugDDI.d420.s12.e3" interaction="false"/><pair id="DrugDDI.d420.s12.p5" e1="DrugDDI.d420.s12.e2" e2="DrugDDI.d420.s12.e3" interaction="false"/></sentence><sentence id="DrugDDI.d420.s13" origId="s13" text="."/><sentence id="DrugDDI.d420.s14" origId="s14" text="? ?"/></document>