<?xml version="1.0" encoding="UTF-8"?>
<document id="DrugDDI.d28" origId="Bitolterol"><sentence id="DrugDDI.d28.s0" origId="s0" text="Use of MAO inhibitors may cause an excessive increase in blood pressure and heart stimulation."><entity id="DrugDDI.d28.s0.e0" origId="s0.p1" charOffset="7-21" type="drug" text="MAO inhibitors"/></sentence><sentence id="DrugDDI.d28.s1" origId="s1" text="If you are also using a steroid inhaler, take bitolterol first and then wait about 15 minutes before using the steroid inhaler."><entity id="DrugDDI.d28.s1.e0" origId="s1.p15" charOffset="46-56" type="drug" text="bitolterol"/></sentence><sentence id="DrugDDI.d28.s2" origId="s2" text="This allows bitolterol to open air passages, increasing the effectiveness of the steroid."><entity id="DrugDDI.d28.s2.e0" origId="s2.p25" charOffset="12-22" type="drug" text="bitolterol"/></sentence></document>