<?xml version="1.0" encoding="UTF-8"?>
<document id="DrugDDI.d544" origId="Butabarbital"><sentence id="DrugDDI.d544.s0" origId="s0" text="Interactions may occur with the following: adrenocorticoids (cortisone-like medicine), anticoagulants (blood thinners), carbamazepine, corticotropin (barbiturates may decrease the effects of these medicines), central nervous system (CNS) depressants (using these medicines with barbiturates may result in increased CNS depressant effects), divalproex sodium, valproic acid (using these medicines with barbiturates may change the amount of either medicine that you need to take), and oral contraceptives containing estrogens (barbiturates may decrease the effectiveness of these oral contraceptives, and you may need to change to a different type of birth control)."><entity id="DrugDDI.d544.s0.e0" origId="s0.p7" charOffset="61-70" type="drug" text="cortisone"/><entity id="DrugDDI.d544.s0.e1" origId="s0.p8" charOffset="76-84" type="drug" text="medicine"/><entity id="DrugDDI.d544.s0.e2" origId="s0.p11" charOffset="87-101" type="drug" text="anticoagulants"/><entity id="DrugDDI.d544.s0.e3" origId="s0.p13" charOffset="103-116" type="drug" text="blood thinner"/><entity id="DrugDDI.d544.s0.e4" origId="s0.p16" charOffset="120-133" type="drug" text="carbamazepine"/><entity id="DrugDDI.d544.s0.e5" origId="s0.p17" charOffset="135-148" type="drug" text="corticotropin"/><entity id="DrugDDI.d544.s0.e6" origId="s0.p19" charOffset="150-162" type="drug" text="barbiturates"/><entity id="DrugDDI.d544.s0.e7" origId="s0.p23" charOffset="197-206" type="drug" text="medicines"/><entity id="DrugDDI.d544.s0.e8" origId="s0.p33" charOffset="263-272" type="drug" text="medicines"/><entity id="DrugDDI.d544.s0.e9" origId="s0.p34" charOffset="278-290" type="drug" text="barbiturates"/><entity id="DrugDDI.d544.s0.e10" origId="s0.p37" charOffset="315-329" type="drug" text="CNS depressant"/><entity id="DrugDDI.d544.s0.e11" origId="s0.p40" charOffset="340-357" type="drug" text="divalproex sodium"/><entity id="DrugDDI.d544.s0.e12" origId="s0.p41" charOffset="359-372" type="drug" text="valproic acid"/><entity id="DrugDDI.d544.s0.e13" origId="s0.p44" charOffset="386-395" type="drug" text="medicines"/><entity id="DrugDDI.d544.s0.e14" origId="s0.p45" charOffset="401-413" type="drug" text="barbiturates"/><entity id="DrugDDI.d544.s0.e15" origId="s0.p51" charOffset="446-455" type="drug" text="medicine"/><entity id="DrugDDI.d544.s0.e16" origId="s0.p59" charOffset="483-502" type="drug" text="oral contraceptives"/><entity id="DrugDDI.d544.s0.e17" origId="s0.p61" charOffset="514-523" type="drug" text="estrogens"/><entity id="DrugDDI.d544.s0.e18" origId="s0.p63" charOffset="525-537" type="drug" text="barbiturates"/><entity id="DrugDDI.d544.s0.e19" origId="s0.p67" charOffset="578-597" type="drug" text="oral contraceptives"/><entity id="DrugDDI.d544.s0.e20" origId="s0.p75" charOffset="649-662" type="drug" text="birth control"/><pair id="DrugDDI.d544.s0.p0" e1="DrugDDI.d544.s0.e0" e2="DrugDDI.d544.s0.e1" interaction="false"/><pair id="DrugDDI.d544.s0.p1" e1="DrugDDI.d544.s0.e0" e2="DrugDDI.d544.s0.e2" interaction="false"/><pair id="DrugDDI.d544.s0.p2" e1="DrugDDI.d544.s0.e0" e2="DrugDDI.d544.s0.e3" interaction="false"/><pair id="DrugDDI.d544.s0.p3" e1="DrugDDI.d544.s0.e0" e2="DrugDDI.d544.s0.e4" interaction="false"/><pair id="DrugDDI.d544.s0.p4" e1="DrugDDI.d544.s0.e0" e2="DrugDDI.d544.s0.e5" interaction="false"/><pair id="DrugDDI.d544.s0.p5" e1="DrugDDI.d544.s0.e0" e2="DrugDDI.d544.s0.e6" interaction="false"/><pair id="DrugDDI.d544.s0.p6" e1="DrugDDI.d544.s0.e0" e2="DrugDDI.d544.s0.e7" interaction="false"/><pair id="DrugDDI.d544.s0.p7" e1="DrugDDI.d544.s0.e0" e2="DrugDDI.d544.s0.e8" interaction="false"/><pair id="DrugDDI.d544.s0.p8" e1="DrugDDI.d544.s0.e0" e2="DrugDDI.d544.s0.e9" interaction="false"/><pair id="DrugDDI.d544.s0.p9" e1="DrugDDI.d544.s0.e0" e2="DrugDDI.d544.s0.e10" interaction="false"/><pair id="DrugDDI.d544.s0.p10" e1="DrugDDI.d544.s0.e0" e2="DrugDDI.d544.s0.e11" interaction="false"/><pair id="DrugDDI.d544.s0.p11" e1="DrugDDI.d544.s0.e0" e2="DrugDDI.d544.s0.e12" interaction="false"/><pair id="DrugDDI.d544.s0.p12" e1="DrugDDI.d544.s0.e0" e2="DrugDDI.d544.s0.e13" interaction="false"/><pair id="DrugDDI.d544.s0.p13" e1="DrugDDI.d544.s0.e0" e2="DrugDDI.d544.s0.e14" interaction="false"/><pair id="DrugDDI.d544.s0.p14" e1="DrugDDI.d544.s0.e0" e2="DrugDDI.d544.s0.e15" interaction="false"/><pair id="DrugDDI.d544.s0.p15" e1="DrugDDI.d544.s0.e0" e2="DrugDDI.d544.s0.e16" interaction="false"/><pair id="DrugDDI.d544.s0.p16" e1="DrugDDI.d544.s0.e0" e2="DrugDDI.d544.s0.e17" interaction="false"/><pair id="DrugDDI.d544.s0.p17" e1="DrugDDI.d544.s0.e0" e2="DrugDDI.d544.s0.e18" interaction="false"/><pair id="DrugDDI.d544.s0.p18" e1="DrugDDI.d544.s0.e0" e2="DrugDDI.d544.s0.e19" interaction="false"/><pair id="DrugDDI.d544.s0.p19" e1="DrugDDI.d544.s0.e0" e2="DrugDDI.d544.s0.e20" interaction="false"/><pair id="DrugDDI.d544.s0.p20" e1="DrugDDI.d544.s0.e1" e2="DrugDDI.d544.s0.e2" interaction="false"/><pair id="DrugDDI.d544.s0.p21" e1="DrugDDI.d544.s0.e1" e2="DrugDDI.d544.s0.e3" interaction="false"/><pair id="DrugDDI.d544.s0.p22" e1="DrugDDI.d544.s0.e1" e2="DrugDDI.d544.s0.e4" interaction="false"/><pair id="DrugDDI.d544.s0.p23" e1="DrugDDI.d544.s0.e1" e2="DrugDDI.d544.s0.e5" interaction="false"/><pair id="DrugDDI.d544.s0.p24" e1="DrugDDI.d544.s0.e1" e2="DrugDDI.d544.s0.e6" interaction="false"/><pair id="DrugDDI.d544.s0.p25" e1="DrugDDI.d544.s0.e1" e2="DrugDDI.d544.s0.e7" interaction="false"/><pair id="DrugDDI.d544.s0.p26" e1="DrugDDI.d544.s0.e1" e2="DrugDDI.d544.s0.e8" interaction="false"/><pair id="DrugDDI.d544.s0.p27" e1="DrugDDI.d544.s0.e1" e2="DrugDDI.d544.s0.e9" interaction="false"/><pair id="DrugDDI.d544.s0.p28" e1="DrugDDI.d544.s0.e1" e2="DrugDDI.d544.s0.e10" interaction="false"/><pair id="DrugDDI.d544.s0.p29" e1="DrugDDI.d544.s0.e1" e2="DrugDDI.d544.s0.e11" interaction="false"/><pair id="DrugDDI.d544.s0.p30" e1="DrugDDI.d544.s0.e1" e2="DrugDDI.d544.s0.e12" interaction="false"/><pair id="DrugDDI.d544.s0.p31" e1="DrugDDI.d544.s0.e1" e2="DrugDDI.d544.s0.e13" interaction="false"/><pair id="DrugDDI.d544.s0.p32" e1="DrugDDI.d544.s0.e1" e2="DrugDDI.d544.s0.e14" interaction="false"/><pair id="DrugDDI.d544.s0.p33" e1="DrugDDI.d544.s0.e1" e2="DrugDDI.d544.s0.e15" interaction="false"/><pair id="DrugDDI.d544.s0.p34" e1="DrugDDI.d544.s0.e1" e2="DrugDDI.d544.s0.e16" interaction="false"/><pair id="DrugDDI.d544.s0.p35" e1="DrugDDI.d544.s0.e1" e2="DrugDDI.d544.s0.e17" interaction="false"/><pair id="DrugDDI.d544.s0.p36" e1="DrugDDI.d544.s0.e1" e2="DrugDDI.d544.s0.e18" interaction="false"/><pair id="DrugDDI.d544.s0.p37" e1="DrugDDI.d544.s0.e1" e2="DrugDDI.d544.s0.e19" interaction="false"/><pair id="DrugDDI.d544.s0.p38" e1="DrugDDI.d544.s0.e1" e2="DrugDDI.d544.s0.e20" interaction="false"/><pair id="DrugDDI.d544.s0.p39" e1="DrugDDI.d544.s0.e2" e2="DrugDDI.d544.s0.e3" interaction="false"/><pair id="DrugDDI.d544.s0.p40" e1="DrugDDI.d544.s0.e2" e2="DrugDDI.d544.s0.e4" interaction="false"/><pair id="DrugDDI.d544.s0.p41" e1="DrugDDI.d544.s0.e2" e2="DrugDDI.d544.s0.e5" interaction="false"/><pair id="DrugDDI.d544.s0.p42" e1="DrugDDI.d544.s0.e2" e2="DrugDDI.d544.s0.e6" interaction="false"/><pair id="DrugDDI.d544.s0.p43" e1="DrugDDI.d544.s0.e2" e2="DrugDDI.d544.s0.e7" interaction="false"/><pair id="DrugDDI.d544.s0.p44" e1="DrugDDI.d544.s0.e2" e2="DrugDDI.d544.s0.e8" interaction="false"/><pair id="DrugDDI.d544.s0.p45" e1="DrugDDI.d544.s0.e2" e2="DrugDDI.d544.s0.e9" interaction="false"/><pair id="DrugDDI.d544.s0.p46" e1="DrugDDI.d544.s0.e2" e2="DrugDDI.d544.s0.e10" interaction="false"/><pair id="DrugDDI.d544.s0.p47" e1="DrugDDI.d544.s0.e2" e2="DrugDDI.d544.s0.e11" interaction="false"/><pair id="DrugDDI.d544.s0.p48" e1="DrugDDI.d544.s0.e2" e2="DrugDDI.d544.s0.e12" interaction="false"/><pair id="DrugDDI.d544.s0.p49" e1="DrugDDI.d544.s0.e2" e2="DrugDDI.d544.s0.e13" interaction="false"/><pair id="DrugDDI.d544.s0.p50" e1="DrugDDI.d544.s0.e2" e2="DrugDDI.d544.s0.e14" interaction="false"/><pair id="DrugDDI.d544.s0.p51" e1="DrugDDI.d544.s0.e2" e2="DrugDDI.d544.s0.e15" interaction="false"/><pair id="DrugDDI.d544.s0.p52" e1="DrugDDI.d544.s0.e2" e2="DrugDDI.d544.s0.e16" interaction="false"/><pair id="DrugDDI.d544.s0.p53" e1="DrugDDI.d544.s0.e2" e2="DrugDDI.d544.s0.e17" interaction="false"/><pair id="DrugDDI.d544.s0.p54" e1="DrugDDI.d544.s0.e2" e2="DrugDDI.d544.s0.e18" interaction="false"/><pair id="DrugDDI.d544.s0.p55" e1="DrugDDI.d544.s0.e2" e2="DrugDDI.d544.s0.e19" interaction="false"/><pair id="DrugDDI.d544.s0.p56" e1="DrugDDI.d544.s0.e2" e2="DrugDDI.d544.s0.e20" interaction="false"/><pair id="DrugDDI.d544.s0.p57" e1="DrugDDI.d544.s0.e3" e2="DrugDDI.d544.s0.e4" interaction="false"/><pair id="DrugDDI.d544.s0.p58" e1="DrugDDI.d544.s0.e3" e2="DrugDDI.d544.s0.e5" interaction="false"/><pair id="DrugDDI.d544.s0.p59" e1="DrugDDI.d544.s0.e3" e2="DrugDDI.d544.s0.e6" interaction="false"/><pair id="DrugDDI.d544.s0.p60" e1="DrugDDI.d544.s0.e3" e2="DrugDDI.d544.s0.e7" interaction="false"/><pair id="DrugDDI.d544.s0.p61" e1="DrugDDI.d544.s0.e3" e2="DrugDDI.d544.s0.e8" interaction="false"/><pair id="DrugDDI.d544.s0.p62" e1="DrugDDI.d544.s0.e3" e2="DrugDDI.d544.s0.e9" interaction="false"/><pair id="DrugDDI.d544.s0.p63" e1="DrugDDI.d544.s0.e3" e2="DrugDDI.d544.s0.e10" interaction="false"/><pair id="DrugDDI.d544.s0.p64" e1="DrugDDI.d544.s0.e3" e2="DrugDDI.d544.s0.e11" interaction="false"/><pair id="DrugDDI.d544.s0.p65" e1="DrugDDI.d544.s0.e3" e2="DrugDDI.d544.s0.e12" interaction="false"/><pair id="DrugDDI.d544.s0.p66" e1="DrugDDI.d544.s0.e3" e2="DrugDDI.d544.s0.e13" interaction="false"/><pair id="DrugDDI.d544.s0.p67" e1="DrugDDI.d544.s0.e3" e2="DrugDDI.d544.s0.e14" interaction="false"/><pair id="DrugDDI.d544.s0.p68" e1="DrugDDI.d544.s0.e3" e2="DrugDDI.d544.s0.e15" interaction="false"/><pair id="DrugDDI.d544.s0.p69" e1="DrugDDI.d544.s0.e3" e2="DrugDDI.d544.s0.e16" interaction="false"/><pair id="DrugDDI.d544.s0.p70" e1="DrugDDI.d544.s0.e3" e2="DrugDDI.d544.s0.e17" interaction="false"/><pair id="DrugDDI.d544.s0.p71" e1="DrugDDI.d544.s0.e3" e2="DrugDDI.d544.s0.e18" interaction="false"/><pair id="DrugDDI.d544.s0.p72" e1="DrugDDI.d544.s0.e3" e2="DrugDDI.d544.s0.e19" interaction="false"/><pair id="DrugDDI.d544.s0.p73" e1="DrugDDI.d544.s0.e3" e2="DrugDDI.d544.s0.e20" interaction="false"/><pair id="DrugDDI.d544.s0.p74" e1="DrugDDI.d544.s0.e4" e2="DrugDDI.d544.s0.e5" interaction="false"/><pair id="DrugDDI.d544.s0.p75" e1="DrugDDI.d544.s0.e4" e2="DrugDDI.d544.s0.e6" interaction="true"/><pair id="DrugDDI.d544.s0.p76" e1="DrugDDI.d544.s0.e4" e2="DrugDDI.d544.s0.e7" interaction="false"/><pair id="DrugDDI.d544.s0.p77" e1="DrugDDI.d544.s0.e4" e2="DrugDDI.d544.s0.e8" interaction="false"/><pair id="DrugDDI.d544.s0.p78" e1="DrugDDI.d544.s0.e4" e2="DrugDDI.d544.s0.e9" interaction="false"/><pair id="DrugDDI.d544.s0.p79" e1="DrugDDI.d544.s0.e4" e2="DrugDDI.d544.s0.e10" interaction="false"/><pair id="DrugDDI.d544.s0.p80" e1="DrugDDI.d544.s0.e4" e2="DrugDDI.d544.s0.e11" interaction="false"/><pair id="DrugDDI.d544.s0.p81" e1="DrugDDI.d544.s0.e4" e2="DrugDDI.d544.s0.e12" interaction="false"/><pair id="DrugDDI.d544.s0.p82" e1="DrugDDI.d544.s0.e4" e2="DrugDDI.d544.s0.e13" interaction="false"/><pair id="DrugDDI.d544.s0.p83" e1="DrugDDI.d544.s0.e4" e2="DrugDDI.d544.s0.e14" interaction="false"/><pair id="DrugDDI.d544.s0.p84" e1="DrugDDI.d544.s0.e4" e2="DrugDDI.d544.s0.e15" interaction="false"/><pair id="DrugDDI.d544.s0.p85" e1="DrugDDI.d544.s0.e4" e2="DrugDDI.d544.s0.e16" interaction="false"/><pair id="DrugDDI.d544.s0.p86" e1="DrugDDI.d544.s0.e4" e2="DrugDDI.d544.s0.e17" interaction="false"/><pair id="DrugDDI.d544.s0.p87" e1="DrugDDI.d544.s0.e4" e2="DrugDDI.d544.s0.e18" interaction="false"/><pair id="DrugDDI.d544.s0.p88" e1="DrugDDI.d544.s0.e4" e2="DrugDDI.d544.s0.e19" interaction="false"/><pair id="DrugDDI.d544.s0.p89" e1="DrugDDI.d544.s0.e4" e2="DrugDDI.d544.s0.e20" interaction="false"/><pair id="DrugDDI.d544.s0.p90" e1="DrugDDI.d544.s0.e5" e2="DrugDDI.d544.s0.e6" interaction="true"/><pair id="DrugDDI.d544.s0.p91" e1="DrugDDI.d544.s0.e5" e2="DrugDDI.d544.s0.e7" interaction="false"/><pair id="DrugDDI.d544.s0.p92" e1="DrugDDI.d544.s0.e5" e2="DrugDDI.d544.s0.e8" interaction="false"/><pair id="DrugDDI.d544.s0.p93" e1="DrugDDI.d544.s0.e5" e2="DrugDDI.d544.s0.e9" interaction="false"/><pair id="DrugDDI.d544.s0.p94" e1="DrugDDI.d544.s0.e5" e2="DrugDDI.d544.s0.e10" interaction="false"/><pair id="DrugDDI.d544.s0.p95" e1="DrugDDI.d544.s0.e5" e2="DrugDDI.d544.s0.e11" interaction="false"/><pair id="DrugDDI.d544.s0.p96" e1="DrugDDI.d544.s0.e5" e2="DrugDDI.d544.s0.e12" interaction="false"/><pair id="DrugDDI.d544.s0.p97" e1="DrugDDI.d544.s0.e5" e2="DrugDDI.d544.s0.e13" interaction="false"/><pair id="DrugDDI.d544.s0.p98" e1="DrugDDI.d544.s0.e5" e2="DrugDDI.d544.s0.e14" interaction="false"/><pair id="DrugDDI.d544.s0.p99" e1="DrugDDI.d544.s0.e5" e2="DrugDDI.d544.s0.e15" interaction="false"/><pair id="DrugDDI.d544.s0.p100" e1="DrugDDI.d544.s0.e5" e2="DrugDDI.d544.s0.e16" interaction="false"/><pair id="DrugDDI.d544.s0.p101" e1="DrugDDI.d544.s0.e5" e2="DrugDDI.d544.s0.e17" interaction="false"/><pair id="DrugDDI.d544.s0.p102" e1="DrugDDI.d544.s0.e5" e2="DrugDDI.d544.s0.e18" interaction="false"/><pair id="DrugDDI.d544.s0.p103" e1="DrugDDI.d544.s0.e5" e2="DrugDDI.d544.s0.e19" interaction="false"/><pair id="DrugDDI.d544.s0.p104" e1="DrugDDI.d544.s0.e5" e2="DrugDDI.d544.s0.e20" interaction="false"/><pair id="DrugDDI.d544.s0.p105" e1="DrugDDI.d544.s0.e6" e2="DrugDDI.d544.s0.e7" interaction="false"/><pair id="DrugDDI.d544.s0.p106" e1="DrugDDI.d544.s0.e6" e2="DrugDDI.d544.s0.e8" interaction="false"/><pair id="DrugDDI.d544.s0.p107" e1="DrugDDI.d544.s0.e6" e2="DrugDDI.d544.s0.e9" interaction="false"/><pair id="DrugDDI.d544.s0.p108" e1="DrugDDI.d544.s0.e6" e2="DrugDDI.d544.s0.e10" interaction="false"/><pair id="DrugDDI.d544.s0.p109" e1="DrugDDI.d544.s0.e6" e2="DrugDDI.d544.s0.e11" interaction="false"/><pair id="DrugDDI.d544.s0.p110" e1="DrugDDI.d544.s0.e6" e2="DrugDDI.d544.s0.e12" interaction="false"/><pair id="DrugDDI.d544.s0.p111" e1="DrugDDI.d544.s0.e6" e2="DrugDDI.d544.s0.e13" interaction="false"/><pair id="DrugDDI.d544.s0.p112" e1="DrugDDI.d544.s0.e6" e2="DrugDDI.d544.s0.e14" interaction="false"/><pair id="DrugDDI.d544.s0.p113" e1="DrugDDI.d544.s0.e6" e2="DrugDDI.d544.s0.e15" interaction="false"/><pair id="DrugDDI.d544.s0.p114" e1="DrugDDI.d544.s0.e6" e2="DrugDDI.d544.s0.e16" interaction="false"/><pair id="DrugDDI.d544.s0.p115" e1="DrugDDI.d544.s0.e6" e2="DrugDDI.d544.s0.e17" interaction="false"/><pair id="DrugDDI.d544.s0.p116" e1="DrugDDI.d544.s0.e6" e2="DrugDDI.d544.s0.e18" interaction="false"/><pair id="DrugDDI.d544.s0.p117" e1="DrugDDI.d544.s0.e6" e2="DrugDDI.d544.s0.e19" interaction="false"/><pair id="DrugDDI.d544.s0.p118" e1="DrugDDI.d544.s0.e6" e2="DrugDDI.d544.s0.e20" interaction="false"/><pair id="DrugDDI.d544.s0.p119" e1="DrugDDI.d544.s0.e7" e2="DrugDDI.d544.s0.e8" interaction="false"/><pair id="DrugDDI.d544.s0.p120" e1="DrugDDI.d544.s0.e7" e2="DrugDDI.d544.s0.e9" interaction="false"/><pair id="DrugDDI.d544.s0.p121" e1="DrugDDI.d544.s0.e7" e2="DrugDDI.d544.s0.e10" interaction="false"/><pair id="DrugDDI.d544.s0.p122" e1="DrugDDI.d544.s0.e7" e2="DrugDDI.d544.s0.e11" interaction="false"/><pair id="DrugDDI.d544.s0.p123" e1="DrugDDI.d544.s0.e7" e2="DrugDDI.d544.s0.e12" interaction="false"/><pair id="DrugDDI.d544.s0.p124" e1="DrugDDI.d544.s0.e7" e2="DrugDDI.d544.s0.e13" interaction="false"/><pair id="DrugDDI.d544.s0.p125" e1="DrugDDI.d544.s0.e7" e2="DrugDDI.d544.s0.e14" interaction="false"/><pair id="DrugDDI.d544.s0.p126" e1="DrugDDI.d544.s0.e7" e2="DrugDDI.d544.s0.e15" interaction="false"/><pair id="DrugDDI.d544.s0.p127" e1="DrugDDI.d544.s0.e7" e2="DrugDDI.d544.s0.e16" interaction="false"/><pair id="DrugDDI.d544.s0.p128" e1="DrugDDI.d544.s0.e7" e2="DrugDDI.d544.s0.e17" interaction="false"/><pair id="DrugDDI.d544.s0.p129" e1="DrugDDI.d544.s0.e7" e2="DrugDDI.d544.s0.e18" interaction="false"/><pair id="DrugDDI.d544.s0.p130" e1="DrugDDI.d544.s0.e7" e2="DrugDDI.d544.s0.e19" interaction="false"/><pair id="DrugDDI.d544.s0.p131" e1="DrugDDI.d544.s0.e7" e2="DrugDDI.d544.s0.e20" interaction="false"/><pair id="DrugDDI.d544.s0.p132" e1="DrugDDI.d544.s0.e8" e2="DrugDDI.d544.s0.e9" interaction="false"/><pair id="DrugDDI.d544.s0.p133" e1="DrugDDI.d544.s0.e8" e2="DrugDDI.d544.s0.e10" interaction="false"/><pair id="DrugDDI.d544.s0.p134" e1="DrugDDI.d544.s0.e8" e2="DrugDDI.d544.s0.e11" interaction="false"/><pair id="DrugDDI.d544.s0.p135" e1="DrugDDI.d544.s0.e8" e2="DrugDDI.d544.s0.e12" interaction="false"/><pair id="DrugDDI.d544.s0.p136" e1="DrugDDI.d544.s0.e8" e2="DrugDDI.d544.s0.e13" interaction="false"/><pair id="DrugDDI.d544.s0.p137" e1="DrugDDI.d544.s0.e8" e2="DrugDDI.d544.s0.e14" interaction="false"/><pair id="DrugDDI.d544.s0.p138" e1="DrugDDI.d544.s0.e8" e2="DrugDDI.d544.s0.e15" interaction="false"/><pair id="DrugDDI.d544.s0.p139" e1="DrugDDI.d544.s0.e8" e2="DrugDDI.d544.s0.e16" interaction="false"/><pair id="DrugDDI.d544.s0.p140" e1="DrugDDI.d544.s0.e8" e2="DrugDDI.d544.s0.e17" interaction="false"/><pair id="DrugDDI.d544.s0.p141" e1="DrugDDI.d544.s0.e8" e2="DrugDDI.d544.s0.e18" interaction="false"/><pair id="DrugDDI.d544.s0.p142" e1="DrugDDI.d544.s0.e8" e2="DrugDDI.d544.s0.e19" interaction="false"/><pair id="DrugDDI.d544.s0.p143" e1="DrugDDI.d544.s0.e8" e2="DrugDDI.d544.s0.e20" interaction="false"/><pair id="DrugDDI.d544.s0.p144" e1="DrugDDI.d544.s0.e9" e2="DrugDDI.d544.s0.e10" interaction="true"/><pair id="DrugDDI.d544.s0.p145" e1="DrugDDI.d544.s0.e9" e2="DrugDDI.d544.s0.e11" interaction="false"/><pair id="DrugDDI.d544.s0.p146" e1="DrugDDI.d544.s0.e9" e2="DrugDDI.d544.s0.e12" interaction="false"/><pair id="DrugDDI.d544.s0.p147" e1="DrugDDI.d544.s0.e9" e2="DrugDDI.d544.s0.e13" interaction="false"/><pair id="DrugDDI.d544.s0.p148" e1="DrugDDI.d544.s0.e9" e2="DrugDDI.d544.s0.e14" interaction="false"/><pair id="DrugDDI.d544.s0.p149" e1="DrugDDI.d544.s0.e9" e2="DrugDDI.d544.s0.e15" interaction="false"/><pair id="DrugDDI.d544.s0.p150" e1="DrugDDI.d544.s0.e9" e2="DrugDDI.d544.s0.e16" interaction="false"/><pair id="DrugDDI.d544.s0.p151" e1="DrugDDI.d544.s0.e9" e2="DrugDDI.d544.s0.e17" interaction="false"/><pair id="DrugDDI.d544.s0.p152" e1="DrugDDI.d544.s0.e9" e2="DrugDDI.d544.s0.e18" interaction="false"/><pair id="DrugDDI.d544.s0.p153" e1="DrugDDI.d544.s0.e9" e2="DrugDDI.d544.s0.e19" interaction="false"/><pair id="DrugDDI.d544.s0.p154" e1="DrugDDI.d544.s0.e9" e2="DrugDDI.d544.s0.e20" interaction="false"/><pair id="DrugDDI.d544.s0.p155" e1="DrugDDI.d544.s0.e10" e2="DrugDDI.d544.s0.e11" interaction="false"/><pair id="DrugDDI.d544.s0.p156" e1="DrugDDI.d544.s0.e10" e2="DrugDDI.d544.s0.e12" interaction="false"/><pair id="DrugDDI.d544.s0.p157" e1="DrugDDI.d544.s0.e10" e2="DrugDDI.d544.s0.e13" interaction="false"/><pair id="DrugDDI.d544.s0.p158" e1="DrugDDI.d544.s0.e10" e2="DrugDDI.d544.s0.e14" interaction="false"/><pair id="DrugDDI.d544.s0.p159" e1="DrugDDI.d544.s0.e10" e2="DrugDDI.d544.s0.e15" interaction="false"/><pair id="DrugDDI.d544.s0.p160" e1="DrugDDI.d544.s0.e10" e2="DrugDDI.d544.s0.e16" interaction="false"/><pair id="DrugDDI.d544.s0.p161" e1="DrugDDI.d544.s0.e10" e2="DrugDDI.d544.s0.e17" interaction="false"/><pair id="DrugDDI.d544.s0.p162" e1="DrugDDI.d544.s0.e10" e2="DrugDDI.d544.s0.e18" interaction="false"/><pair id="DrugDDI.d544.s0.p163" e1="DrugDDI.d544.s0.e10" e2="DrugDDI.d544.s0.e19" interaction="false"/><pair id="DrugDDI.d544.s0.p164" e1="DrugDDI.d544.s0.e10" e2="DrugDDI.d544.s0.e20" interaction="false"/><pair id="DrugDDI.d544.s0.p165" e1="DrugDDI.d544.s0.e11" e2="DrugDDI.d544.s0.e12" interaction="false"/><pair id="DrugDDI.d544.s0.p166" e1="DrugDDI.d544.s0.e11" e2="DrugDDI.d544.s0.e13" interaction="false"/><pair id="DrugDDI.d544.s0.p167" e1="DrugDDI.d544.s0.e11" e2="DrugDDI.d544.s0.e14" interaction="true"/><pair id="DrugDDI.d544.s0.p168" e1="DrugDDI.d544.s0.e11" e2="DrugDDI.d544.s0.e15" interaction="false"/><pair id="DrugDDI.d544.s0.p169" e1="DrugDDI.d544.s0.e11" e2="DrugDDI.d544.s0.e16" interaction="false"/><pair id="DrugDDI.d544.s0.p170" e1="DrugDDI.d544.s0.e11" e2="DrugDDI.d544.s0.e17" interaction="false"/><pair id="DrugDDI.d544.s0.p171" e1="DrugDDI.d544.s0.e11" e2="DrugDDI.d544.s0.e18" interaction="false"/><pair id="DrugDDI.d544.s0.p172" e1="DrugDDI.d544.s0.e11" e2="DrugDDI.d544.s0.e19" interaction="false"/><pair id="DrugDDI.d544.s0.p173" e1="DrugDDI.d544.s0.e11" e2="DrugDDI.d544.s0.e20" interaction="false"/><pair id="DrugDDI.d544.s0.p174" e1="DrugDDI.d544.s0.e12" e2="DrugDDI.d544.s0.e13" interaction="false"/><pair id="DrugDDI.d544.s0.p175" e1="DrugDDI.d544.s0.e12" e2="DrugDDI.d544.s0.e14" interaction="true"/><pair id="DrugDDI.d544.s0.p176" e1="DrugDDI.d544.s0.e12" e2="DrugDDI.d544.s0.e15" interaction="false"/><pair id="DrugDDI.d544.s0.p177" e1="DrugDDI.d544.s0.e12" e2="DrugDDI.d544.s0.e16" interaction="false"/><pair id="DrugDDI.d544.s0.p178" e1="DrugDDI.d544.s0.e12" e2="DrugDDI.d544.s0.e17" interaction="false"/><pair id="DrugDDI.d544.s0.p179" e1="DrugDDI.d544.s0.e12" e2="DrugDDI.d544.s0.e18" interaction="false"/><pair id="DrugDDI.d544.s0.p180" e1="DrugDDI.d544.s0.e12" e2="DrugDDI.d544.s0.e19" interaction="false"/><pair id="DrugDDI.d544.s0.p181" e1="DrugDDI.d544.s0.e12" e2="DrugDDI.d544.s0.e20" interaction="false"/><pair id="DrugDDI.d544.s0.p182" e1="DrugDDI.d544.s0.e13" e2="DrugDDI.d544.s0.e14" interaction="false"/><pair id="DrugDDI.d544.s0.p183" e1="DrugDDI.d544.s0.e13" e2="DrugDDI.d544.s0.e15" interaction="false"/><pair id="DrugDDI.d544.s0.p184" e1="DrugDDI.d544.s0.e13" e2="DrugDDI.d544.s0.e16" interaction="false"/><pair id="DrugDDI.d544.s0.p185" e1="DrugDDI.d544.s0.e13" e2="DrugDDI.d544.s0.e17" interaction="false"/><pair id="DrugDDI.d544.s0.p186" e1="DrugDDI.d544.s0.e13" e2="DrugDDI.d544.s0.e18" interaction="false"/><pair id="DrugDDI.d544.s0.p187" e1="DrugDDI.d544.s0.e13" e2="DrugDDI.d544.s0.e19" interaction="false"/><pair id="DrugDDI.d544.s0.p188" e1="DrugDDI.d544.s0.e13" e2="DrugDDI.d544.s0.e20" interaction="false"/><pair id="DrugDDI.d544.s0.p189" e1="DrugDDI.d544.s0.e14" e2="DrugDDI.d544.s0.e15" interaction="false"/><pair id="DrugDDI.d544.s0.p190" e1="DrugDDI.d544.s0.e14" e2="DrugDDI.d544.s0.e16" interaction="false"/><pair id="DrugDDI.d544.s0.p191" e1="DrugDDI.d544.s0.e14" e2="DrugDDI.d544.s0.e17" interaction="false"/><pair id="DrugDDI.d544.s0.p192" e1="DrugDDI.d544.s0.e14" e2="DrugDDI.d544.s0.e18" interaction="false"/><pair id="DrugDDI.d544.s0.p193" e1="DrugDDI.d544.s0.e14" e2="DrugDDI.d544.s0.e19" interaction="false"/><pair id="DrugDDI.d544.s0.p194" e1="DrugDDI.d544.s0.e14" e2="DrugDDI.d544.s0.e20" interaction="false"/><pair id="DrugDDI.d544.s0.p195" e1="DrugDDI.d544.s0.e15" e2="DrugDDI.d544.s0.e16" interaction="false"/><pair id="DrugDDI.d544.s0.p196" e1="DrugDDI.d544.s0.e15" e2="DrugDDI.d544.s0.e17" interaction="false"/><pair id="DrugDDI.d544.s0.p197" e1="DrugDDI.d544.s0.e15" e2="DrugDDI.d544.s0.e18" interaction="false"/><pair id="DrugDDI.d544.s0.p198" e1="DrugDDI.d544.s0.e15" e2="DrugDDI.d544.s0.e19" interaction="false"/><pair id="DrugDDI.d544.s0.p199" e1="DrugDDI.d544.s0.e15" e2="DrugDDI.d544.s0.e20" interaction="false"/><pair id="DrugDDI.d544.s0.p200" e1="DrugDDI.d544.s0.e16" e2="DrugDDI.d544.s0.e17" interaction="false"/><pair id="DrugDDI.d544.s0.p201" e1="DrugDDI.d544.s0.e16" e2="DrugDDI.d544.s0.e18" interaction="true"/><pair id="DrugDDI.d544.s0.p202" e1="DrugDDI.d544.s0.e16" e2="DrugDDI.d544.s0.e19" interaction="false"/><pair id="DrugDDI.d544.s0.p203" e1="DrugDDI.d544.s0.e16" e2="DrugDDI.d544.s0.e20" interaction="false"/><pair id="DrugDDI.d544.s0.p204" e1="DrugDDI.d544.s0.e17" e2="DrugDDI.d544.s0.e18" interaction="false"/><pair id="DrugDDI.d544.s0.p205" e1="DrugDDI.d544.s0.e17" e2="DrugDDI.d544.s0.e19" interaction="false"/><pair id="DrugDDI.d544.s0.p206" e1="DrugDDI.d544.s0.e17" e2="DrugDDI.d544.s0.e20" interaction="false"/><pair id="DrugDDI.d544.s0.p207" e1="DrugDDI.d544.s0.e18" e2="DrugDDI.d544.s0.e19" interaction="false"/><pair id="DrugDDI.d544.s0.p208" e1="DrugDDI.d544.s0.e18" e2="DrugDDI.d544.s0.e20" interaction="false"/><pair id="DrugDDI.d544.s0.p209" e1="DrugDDI.d544.s0.e19" e2="DrugDDI.d544.s0.e20" interaction="false"/></sentence></document>