<?xml version="1.0" encoding="UTF-8"?>
<document id="DrugDDI.d175" origId="Caffeine"><sentence id="DrugDDI.d175.s0" origId="s0" text="Cytochrome P450 1A2 (CYP1A2) is known to be the major enzyme involved in the metabolism of caffeine."><entity id="DrugDDI.d175.s0.e0" origId="s0.p0" charOffset="0-19" type="drug" text="Cytochrome P450 1A2"/><entity id="DrugDDI.d175.s0.e1" origId="s0.p2" charOffset="21-27" type="drug" text="CYP1A2"/><entity id="DrugDDI.d175.s0.e2" origId="s0.p11" charOffset="91-99" type="drug" text="caffeine"/><pair id="DrugDDI.d175.s0.p0" e1="DrugDDI.d175.s0.e0" e2="DrugDDI.d175.s0.e1" interaction="false"/><pair id="DrugDDI.d175.s0.p1" e1="DrugDDI.d175.s0.e0" e2="DrugDDI.d175.s0.e2" interaction="true"/><pair id="DrugDDI.d175.s0.p2" e1="DrugDDI.d175.s0.e1" e2="DrugDDI.d175.s0.e2" interaction="false"/></sentence><sentence id="DrugDDI.d175.s1" origId="s1" text="Therefore, caffeine has the potential to interact with drugs that are substrates for CYP1A2, inhibit CYP1A2, or induce CYP1A2."><entity id="DrugDDI.d175.s1.e0" origId="s1.p13" charOffset="11-19" type="drug" text="caffeine"/><entity id="DrugDDI.d175.s1.e1" origId="s1.p17" charOffset="55-60" type="drug" text="drugs"/><entity id="DrugDDI.d175.s1.e2" origId="s1.p21" charOffset="85-91" type="drug" text="CYP1A2"/><entity id="DrugDDI.d175.s1.e3" origId="s1.p23" charOffset="101-107" type="drug" text="CYP1A2"/><entity id="DrugDDI.d175.s1.e4" origId="s1.p26" charOffset="119-125" type="drug" text="CYP1A2"/><pair id="DrugDDI.d175.s1.p0" e1="DrugDDI.d175.s1.e0" e2="DrugDDI.d175.s1.e1" interaction="true"/><pair id="DrugDDI.d175.s1.p1" e1="DrugDDI.d175.s1.e0" e2="DrugDDI.d175.s1.e2" interaction="false"/><pair id="DrugDDI.d175.s1.p2" e1="DrugDDI.d175.s1.e0" e2="DrugDDI.d175.s1.e3" interaction="false"/><pair id="DrugDDI.d175.s1.p3" e1="DrugDDI.d175.s1.e0" e2="DrugDDI.d175.s1.e4" interaction="true"/><pair id="DrugDDI.d175.s1.p4" e1="DrugDDI.d175.s1.e1" e2="DrugDDI.d175.s1.e2" interaction="false"/><pair id="DrugDDI.d175.s1.p5" e1="DrugDDI.d175.s1.e1" e2="DrugDDI.d175.s1.e3" interaction="false"/><pair id="DrugDDI.d175.s1.p6" e1="DrugDDI.d175.s1.e1" e2="DrugDDI.d175.s1.e4" interaction="false"/><pair id="DrugDDI.d175.s1.p7" e1="DrugDDI.d175.s1.e2" e2="DrugDDI.d175.s1.e3" interaction="false"/><pair id="DrugDDI.d175.s1.p8" e1="DrugDDI.d175.s1.e2" e2="DrugDDI.d175.s1.e4" interaction="false"/><pair id="DrugDDI.d175.s1.p9" e1="DrugDDI.d175.s1.e3" e2="DrugDDI.d175.s1.e4" interaction="false"/></sentence><sentence id="DrugDDI.d175.s2" origId="s2" text="Few data exist on drug interactions with caffeine in preterm neonates."><entity id="DrugDDI.d175.s2.e0" origId="s2.p30" charOffset="41-49" type="drug" text="caffeine"/></sentence><sentence id="DrugDDI.d175.s3" origId="s3" text="Based on adult data, lower doses of caffeine may be needed following coadministration of drugs which are reported to decrease caffeine elimination (e.g., cimetidine and ketoconazole) and higher caffeine doses may be needed following coadministration of drugs that increase caffeine elimination (e.g., phenobarbital and phenytoin)."><entity id="DrugDDI.d175.s3.e0" origId="s3.p35" charOffset="36-44" type="drug" text="caffeine"/><entity id="DrugDDI.d175.s3.e1" origId="s3.p41" charOffset="89-94" type="drug" text="drugs"/><entity id="DrugDDI.d175.s3.e2" origId="s3.p47" charOffset="126-134" type="drug" text="caffeine"/><entity id="DrugDDI.d175.s3.e3" origId="s3.p50" charOffset="154-164" type="drug" text="cimetidine"/><entity id="DrugDDI.d175.s3.e4" origId="s3.p52" charOffset="169-181" type="drug" text="ketoconazole"/><entity id="DrugDDI.d175.s3.e5" origId="s3.p55" charOffset="194-202" type="drug" text="caffeine"/><entity id="DrugDDI.d175.s3.e6" origId="s3.p61" charOffset="253-258" type="drug" text="drugs"/><entity id="DrugDDI.d175.s3.e7" origId="s3.p64" charOffset="273-281" type="drug" text="caffeine"/><entity id="DrugDDI.d175.s3.e8" origId="s3.p67" charOffset="301-314" type="drug" text="phenobarbital"/><entity id="DrugDDI.d175.s3.e9" origId="s3.p69" charOffset="319-328" type="drug" text="phenytoin"/><pair id="DrugDDI.d175.s3.p0" e1="DrugDDI.d175.s3.e0" e2="DrugDDI.d175.s3.e1" interaction="true"/><pair id="DrugDDI.d175.s3.p1" e1="DrugDDI.d175.s3.e0" e2="DrugDDI.d175.s3.e2" interaction="false"/><pair id="DrugDDI.d175.s3.p2" e1="DrugDDI.d175.s3.e0" e2="DrugDDI.d175.s3.e3" interaction="true"/><pair id="DrugDDI.d175.s3.p3" e1="DrugDDI.d175.s3.e0" e2="DrugDDI.d175.s3.e4" interaction="true"/><pair id="DrugDDI.d175.s3.p4" e1="DrugDDI.d175.s3.e0" e2="DrugDDI.d175.s3.e5" interaction="false"/><pair id="DrugDDI.d175.s3.p5" e1="DrugDDI.d175.s3.e0" e2="DrugDDI.d175.s3.e6" interaction="false"/><pair id="DrugDDI.d175.s3.p6" e1="DrugDDI.d175.s3.e0" e2="DrugDDI.d175.s3.e7" interaction="false"/><pair id="DrugDDI.d175.s3.p7" e1="DrugDDI.d175.s3.e0" e2="DrugDDI.d175.s3.e8" interaction="false"/><pair id="DrugDDI.d175.s3.p8" e1="DrugDDI.d175.s3.e0" e2="DrugDDI.d175.s3.e9" interaction="false"/><pair id="DrugDDI.d175.s3.p9" e1="DrugDDI.d175.s3.e1" e2="DrugDDI.d175.s3.e2" interaction="false"/><pair id="DrugDDI.d175.s3.p10" e1="DrugDDI.d175.s3.e1" e2="DrugDDI.d175.s3.e3" interaction="false"/><pair id="DrugDDI.d175.s3.p11" e1="DrugDDI.d175.s3.e1" e2="DrugDDI.d175.s3.e4" interaction="false"/><pair id="DrugDDI.d175.s3.p12" e1="DrugDDI.d175.s3.e1" e2="DrugDDI.d175.s3.e5" interaction="false"/><pair id="DrugDDI.d175.s3.p13" e1="DrugDDI.d175.s3.e1" e2="DrugDDI.d175.s3.e6" interaction="false"/><pair id="DrugDDI.d175.s3.p14" e1="DrugDDI.d175.s3.e1" e2="DrugDDI.d175.s3.e7" interaction="false"/><pair id="DrugDDI.d175.s3.p15" e1="DrugDDI.d175.s3.e1" e2="DrugDDI.d175.s3.e8" interaction="false"/><pair id="DrugDDI.d175.s3.p16" e1="DrugDDI.d175.s3.e1" e2="DrugDDI.d175.s3.e9" interaction="false"/><pair id="DrugDDI.d175.s3.p17" e1="DrugDDI.d175.s3.e2" e2="DrugDDI.d175.s3.e3" interaction="false"/><pair id="DrugDDI.d175.s3.p18" e1="DrugDDI.d175.s3.e2" e2="DrugDDI.d175.s3.e4" interaction="false"/><pair id="DrugDDI.d175.s3.p19" e1="DrugDDI.d175.s3.e2" e2="DrugDDI.d175.s3.e5" interaction="false"/><pair id="DrugDDI.d175.s3.p20" e1="DrugDDI.d175.s3.e2" e2="DrugDDI.d175.s3.e6" interaction="false"/><pair id="DrugDDI.d175.s3.p21" e1="DrugDDI.d175.s3.e2" e2="DrugDDI.d175.s3.e7" interaction="false"/><pair id="DrugDDI.d175.s3.p22" e1="DrugDDI.d175.s3.e2" e2="DrugDDI.d175.s3.e8" interaction="false"/><pair id="DrugDDI.d175.s3.p23" e1="DrugDDI.d175.s3.e2" e2="DrugDDI.d175.s3.e9" interaction="false"/><pair id="DrugDDI.d175.s3.p24" e1="DrugDDI.d175.s3.e3" e2="DrugDDI.d175.s3.e4" interaction="false"/><pair id="DrugDDI.d175.s3.p25" e1="DrugDDI.d175.s3.e3" e2="DrugDDI.d175.s3.e5" interaction="false"/><pair id="DrugDDI.d175.s3.p26" e1="DrugDDI.d175.s3.e3" e2="DrugDDI.d175.s3.e6" interaction="false"/><pair id="DrugDDI.d175.s3.p27" e1="DrugDDI.d175.s3.e3" e2="DrugDDI.d175.s3.e7" interaction="false"/><pair id="DrugDDI.d175.s3.p28" e1="DrugDDI.d175.s3.e3" e2="DrugDDI.d175.s3.e8" interaction="false"/><pair id="DrugDDI.d175.s3.p29" e1="DrugDDI.d175.s3.e3" e2="DrugDDI.d175.s3.e9" interaction="false"/><pair id="DrugDDI.d175.s3.p30" e1="DrugDDI.d175.s3.e4" e2="DrugDDI.d175.s3.e5" interaction="false"/><pair id="DrugDDI.d175.s3.p31" e1="DrugDDI.d175.s3.e4" e2="DrugDDI.d175.s3.e6" interaction="false"/><pair id="DrugDDI.d175.s3.p32" e1="DrugDDI.d175.s3.e4" e2="DrugDDI.d175.s3.e7" interaction="false"/><pair id="DrugDDI.d175.s3.p33" e1="DrugDDI.d175.s3.e4" e2="DrugDDI.d175.s3.e8" interaction="false"/><pair id="DrugDDI.d175.s3.p34" e1="DrugDDI.d175.s3.e4" e2="DrugDDI.d175.s3.e9" interaction="false"/><pair id="DrugDDI.d175.s3.p35" e1="DrugDDI.d175.s3.e5" e2="DrugDDI.d175.s3.e6" interaction="true"/><pair id="DrugDDI.d175.s3.p36" e1="DrugDDI.d175.s3.e5" e2="DrugDDI.d175.s3.e7" interaction="false"/><pair id="DrugDDI.d175.s3.p37" e1="DrugDDI.d175.s3.e5" e2="DrugDDI.d175.s3.e8" interaction="true"/><pair id="DrugDDI.d175.s3.p38" e1="DrugDDI.d175.s3.e5" e2="DrugDDI.d175.s3.e9" interaction="true"/><pair id="DrugDDI.d175.s3.p39" e1="DrugDDI.d175.s3.e6" e2="DrugDDI.d175.s3.e7" interaction="false"/><pair id="DrugDDI.d175.s3.p40" e1="DrugDDI.d175.s3.e6" e2="DrugDDI.d175.s3.e8" interaction="false"/><pair id="DrugDDI.d175.s3.p41" e1="DrugDDI.d175.s3.e6" e2="DrugDDI.d175.s3.e9" interaction="false"/><pair id="DrugDDI.d175.s3.p42" e1="DrugDDI.d175.s3.e7" e2="DrugDDI.d175.s3.e8" interaction="false"/><pair id="DrugDDI.d175.s3.p43" e1="DrugDDI.d175.s3.e7" e2="DrugDDI.d175.s3.e9" interaction="false"/><pair id="DrugDDI.d175.s3.p44" e1="DrugDDI.d175.s3.e8" e2="DrugDDI.d175.s3.e9" interaction="false"/></sentence><sentence id="DrugDDI.d175.s4" origId="s4" text="Caffeine administered concurrently with ketoprofen reduced the urine volume in 4 healthy volunteers."><entity id="DrugDDI.d175.s4.e0" origId="s4.p71" charOffset="0-8" type="drug" text="Caffeine"/><entity id="DrugDDI.d175.s4.e1" origId="s4.p74" charOffset="40-50" type="drug" text="ketoprofen"/><pair id="DrugDDI.d175.s4.p0" e1="DrugDDI.d175.s4.e0" e2="DrugDDI.d175.s4.e1" interaction="true"/></sentence><sentence id="DrugDDI.d175.s5" origId="s5" text="The clinical significance of this interaction in preterm neonates is not known."/><sentence id="DrugDDI.d175.s6" origId="s6" text="Interconversion between caffeine and theophylline has been reported in preterm neonates."><entity id="DrugDDI.d175.s6.e0" origId="s6.p85" charOffset="24-32" type="drug" text="caffeine"/><entity id="DrugDDI.d175.s6.e1" origId="s6.p87" charOffset="37-49" type="drug" text="theophylline"/><pair id="DrugDDI.d175.s6.p0" e1="DrugDDI.d175.s6.e0" e2="DrugDDI.d175.s6.e1" interaction="false"/></sentence><sentence id="DrugDDI.d175.s7" origId="s7" text="The concurrent use of these drugs is not recommended."><entity id="DrugDDI.d175.s7.e0" origId="s7.p93" charOffset="28-33" type="drug" text="drugs"/></sentence></document>