<?xml version="1.0" encoding="UTF-8"?>
<document id="DrugDDI.d148" origId="Calcium Gluceptate"><sentence id="DrugDDI.d148.s0" origId="s0" text="May interact with cefamandole naftate, cephalothin sodium, magnesium sulfate, prednisolone sodium succi?nate, and prochlorperazine edisylate."><entity id="DrugDDI.d148.s0.e0" origId="s0.p2" charOffset="18-37" type="drug" text="cefamandole naftate"/><entity id="DrugDDI.d148.s0.e1" origId="s0.p3" charOffset="39-57" type="drug" text="cephalothin sodium"/><entity id="DrugDDI.d148.s0.e2" origId="s0.p4" charOffset="59-76" type="drug" text="magnesium sulfate"/><entity id="DrugDDI.d148.s0.e3" origId="s0.p5" charOffset="78-90" type="drug" text="prednisolone"/><entity id="DrugDDI.d148.s0.e4" origId="s0.p7" charOffset="114-140" type="drug" text="prochlorperazine edisylate"/><pair id="DrugDDI.d148.s0.p0" e1="DrugDDI.d148.s0.e0" e2="DrugDDI.d148.s0.e1" interaction="false"/><pair id="DrugDDI.d148.s0.p1" e1="DrugDDI.d148.s0.e0" e2="DrugDDI.d148.s0.e2" interaction="false"/><pair id="DrugDDI.d148.s0.p2" e1="DrugDDI.d148.s0.e0" e2="DrugDDI.d148.s0.e3" interaction="false"/><pair id="DrugDDI.d148.s0.p3" e1="DrugDDI.d148.s0.e0" e2="DrugDDI.d148.s0.e4" interaction="false"/><pair id="DrugDDI.d148.s0.p4" e1="DrugDDI.d148.s0.e1" e2="DrugDDI.d148.s0.e2" interaction="false"/><pair id="DrugDDI.d148.s0.p5" e1="DrugDDI.d148.s0.e1" e2="DrugDDI.d148.s0.e3" interaction="false"/><pair id="DrugDDI.d148.s0.p6" e1="DrugDDI.d148.s0.e1" e2="DrugDDI.d148.s0.e4" interaction="false"/><pair id="DrugDDI.d148.s0.p7" e1="DrugDDI.d148.s0.e2" e2="DrugDDI.d148.s0.e3" interaction="false"/><pair id="DrugDDI.d148.s0.p8" e1="DrugDDI.d148.s0.e2" e2="DrugDDI.d148.s0.e4" interaction="false"/><pair id="DrugDDI.d148.s0.p9" e1="DrugDDI.d148.s0.e3" e2="DrugDDI.d148.s0.e4" interaction="false"/></sentence></document>