<?xml version="1.0" encoding="UTF-8"?>
<document id="DrugDDI.d562" origId="Calcium Acetate"><sentence id="DrugDDI.d562.s0" origId="s0" text="Concomitant use with other calcium-containing medicines (including antacids) may cause too much calcium in the blood or urine, which may increase the chance of side effects."><entity id="DrugDDI.d562.s0.e0" origId="s0.p1" charOffset="27-34" type="drug" text="calcium"/><entity id="DrugDDI.d562.s0.e1" origId="s0.p4" charOffset="67-75" type="drug" text="antacids"/><entity id="DrugDDI.d562.s0.e2" origId="s0.p8" charOffset="96-103" type="drug" text="calcium"/><pair id="DrugDDI.d562.s0.p0" e1="DrugDDI.d562.s0.e0" e2="DrugDDI.d562.s0.e1" interaction="false"/><pair id="DrugDDI.d562.s0.p1" e1="DrugDDI.d562.s0.e0" e2="DrugDDI.d562.s0.e2" interaction="false"/><pair id="DrugDDI.d562.s0.p2" e1="DrugDDI.d562.s0.e1" e2="DrugDDI.d562.s0.e2" interaction="false"/></sentence><sentence id="DrugDDI.d562.s1" origId="s1" text="Using calcium acetate with digitalis glycosides (heart medicine) may cause hypercalcemia (too much calcium in the blood), which could increase the chance of developing an irregular heartbeat."><entity id="DrugDDI.d562.s1.e0" origId="s1.p18" charOffset="6-21" type="drug" text="calcium acetate"/><entity id="DrugDDI.d562.s1.e1" origId="s1.p19" charOffset="27-47" type="drug" text="digitalis glycosides"/><entity id="DrugDDI.d562.s1.e2" origId="s1.p21" charOffset="49-63" type="drug" text="heart medicine"/><entity id="DrugDDI.d562.s1.e3" origId="s1.p27" charOffset="99-106" type="drug" text="calcium"/><pair id="DrugDDI.d562.s1.p0" e1="DrugDDI.d562.s1.e0" e2="DrugDDI.d562.s1.e1" interaction="true"/><pair id="DrugDDI.d562.s1.p1" e1="DrugDDI.d562.s1.e0" e2="DrugDDI.d562.s1.e2" interaction="true"/><pair id="DrugDDI.d562.s1.p2" e1="DrugDDI.d562.s1.e0" e2="DrugDDI.d562.s1.e3" interaction="false"/><pair id="DrugDDI.d562.s1.p3" e1="DrugDDI.d562.s1.e1" e2="DrugDDI.d562.s1.e2" interaction="false"/><pair id="DrugDDI.d562.s1.p4" e1="DrugDDI.d562.s1.e1" e2="DrugDDI.d562.s1.e3" interaction="false"/><pair id="DrugDDI.d562.s1.p5" e1="DrugDDI.d562.s1.e2" e2="DrugDDI.d562.s1.e3" interaction="false"/></sentence></document>