<?xml version="1.0" encoding="UTF-8"?>
<document id="DrugDDI.d112" origId="Candesartan"><sentence id="DrugDDI.d112.s0" origId="s0" text="No significant drug interactions have been reported in studies of candesartan cilexetil given with other drugs such as glyburide, nifedipine, digoxin, warfarin, hydrochlorothiazide, and oral contraceptives in healthy volunteers, or given with enalapril to patients with heart failure (NYHA class II and III)."><entity id="DrugDDI.d112.s0.e0" origId="s0.p5" charOffset="66-87" type="drug" text="candesartan cilexetil"/><entity id="DrugDDI.d112.s0.e1" origId="s0.p7" charOffset="105-110" type="drug" text="drugs"/><entity id="DrugDDI.d112.s0.e2" origId="s0.p8" charOffset="119-128" type="drug" text="glyburide"/><entity id="DrugDDI.d112.s0.e3" origId="s0.p9" charOffset="130-140" type="drug" text="nifedipine"/><entity id="DrugDDI.d112.s0.e4" origId="s0.p10" charOffset="142-149" type="drug" text="digoxin"/><entity id="DrugDDI.d112.s0.e5" origId="s0.p11" charOffset="151-159" type="drug" text="warfarin"/><entity id="DrugDDI.d112.s0.e6" origId="s0.p12" charOffset="161-180" type="drug" text="hydrochlorothiazide"/><entity id="DrugDDI.d112.s0.e7" origId="s0.p14" charOffset="186-205" type="drug" text="oral contraceptives"/><entity id="DrugDDI.d112.s0.e8" origId="s0.p18" charOffset="243-252" type="drug" text="enalapril"/><pair id="DrugDDI.d112.s0.p0" e1="DrugDDI.d112.s0.e0" e2="DrugDDI.d112.s0.e1" interaction="false"/><pair id="DrugDDI.d112.s0.p1" e1="DrugDDI.d112.s0.e0" e2="DrugDDI.d112.s0.e2" interaction="false"/><pair id="DrugDDI.d112.s0.p2" e1="DrugDDI.d112.s0.e0" e2="DrugDDI.d112.s0.e3" interaction="false"/><pair id="DrugDDI.d112.s0.p3" e1="DrugDDI.d112.s0.e0" e2="DrugDDI.d112.s0.e4" interaction="false"/><pair id="DrugDDI.d112.s0.p4" e1="DrugDDI.d112.s0.e0" e2="DrugDDI.d112.s0.e5" interaction="false"/><pair id="DrugDDI.d112.s0.p5" e1="DrugDDI.d112.s0.e0" e2="DrugDDI.d112.s0.e6" interaction="false"/><pair id="DrugDDI.d112.s0.p6" e1="DrugDDI.d112.s0.e0" e2="DrugDDI.d112.s0.e7" interaction="false"/><pair id="DrugDDI.d112.s0.p7" e1="DrugDDI.d112.s0.e0" e2="DrugDDI.d112.s0.e8" interaction="false"/><pair id="DrugDDI.d112.s0.p8" e1="DrugDDI.d112.s0.e1" e2="DrugDDI.d112.s0.e2" interaction="false"/><pair id="DrugDDI.d112.s0.p9" e1="DrugDDI.d112.s0.e1" e2="DrugDDI.d112.s0.e3" interaction="false"/><pair id="DrugDDI.d112.s0.p10" e1="DrugDDI.d112.s0.e1" e2="DrugDDI.d112.s0.e4" interaction="false"/><pair id="DrugDDI.d112.s0.p11" e1="DrugDDI.d112.s0.e1" e2="DrugDDI.d112.s0.e5" interaction="false"/><pair id="DrugDDI.d112.s0.p12" e1="DrugDDI.d112.s0.e1" e2="DrugDDI.d112.s0.e6" interaction="false"/><pair id="DrugDDI.d112.s0.p13" e1="DrugDDI.d112.s0.e1" e2="DrugDDI.d112.s0.e7" interaction="false"/><pair id="DrugDDI.d112.s0.p14" e1="DrugDDI.d112.s0.e1" e2="DrugDDI.d112.s0.e8" interaction="false"/><pair id="DrugDDI.d112.s0.p15" e1="DrugDDI.d112.s0.e2" e2="DrugDDI.d112.s0.e3" interaction="false"/><pair id="DrugDDI.d112.s0.p16" e1="DrugDDI.d112.s0.e2" e2="DrugDDI.d112.s0.e4" interaction="false"/><pair id="DrugDDI.d112.s0.p17" e1="DrugDDI.d112.s0.e2" e2="DrugDDI.d112.s0.e5" interaction="false"/><pair id="DrugDDI.d112.s0.p18" e1="DrugDDI.d112.s0.e2" e2="DrugDDI.d112.s0.e6" interaction="false"/><pair id="DrugDDI.d112.s0.p19" e1="DrugDDI.d112.s0.e2" e2="DrugDDI.d112.s0.e7" interaction="false"/><pair id="DrugDDI.d112.s0.p20" e1="DrugDDI.d112.s0.e2" e2="DrugDDI.d112.s0.e8" interaction="false"/><pair id="DrugDDI.d112.s0.p21" e1="DrugDDI.d112.s0.e3" e2="DrugDDI.d112.s0.e4" interaction="false"/><pair id="DrugDDI.d112.s0.p22" e1="DrugDDI.d112.s0.e3" e2="DrugDDI.d112.s0.e5" interaction="false"/><pair id="DrugDDI.d112.s0.p23" e1="DrugDDI.d112.s0.e3" e2="DrugDDI.d112.s0.e6" interaction="false"/><pair id="DrugDDI.d112.s0.p24" e1="DrugDDI.d112.s0.e3" e2="DrugDDI.d112.s0.e7" interaction="false"/><pair id="DrugDDI.d112.s0.p25" e1="DrugDDI.d112.s0.e3" e2="DrugDDI.d112.s0.e8" interaction="false"/><pair id="DrugDDI.d112.s0.p26" e1="DrugDDI.d112.s0.e4" e2="DrugDDI.d112.s0.e5" interaction="false"/><pair id="DrugDDI.d112.s0.p27" e1="DrugDDI.d112.s0.e4" e2="DrugDDI.d112.s0.e6" interaction="false"/><pair id="DrugDDI.d112.s0.p28" e1="DrugDDI.d112.s0.e4" e2="DrugDDI.d112.s0.e7" interaction="false"/><pair id="DrugDDI.d112.s0.p29" e1="DrugDDI.d112.s0.e4" e2="DrugDDI.d112.s0.e8" interaction="false"/><pair id="DrugDDI.d112.s0.p30" e1="DrugDDI.d112.s0.e5" e2="DrugDDI.d112.s0.e6" interaction="false"/><pair id="DrugDDI.d112.s0.p31" e1="DrugDDI.d112.s0.e5" e2="DrugDDI.d112.s0.e7" interaction="false"/><pair id="DrugDDI.d112.s0.p32" e1="DrugDDI.d112.s0.e5" e2="DrugDDI.d112.s0.e8" interaction="false"/><pair id="DrugDDI.d112.s0.p33" e1="DrugDDI.d112.s0.e6" e2="DrugDDI.d112.s0.e7" interaction="false"/><pair id="DrugDDI.d112.s0.p34" e1="DrugDDI.d112.s0.e6" e2="DrugDDI.d112.s0.e8" interaction="false"/><pair id="DrugDDI.d112.s0.p35" e1="DrugDDI.d112.s0.e7" e2="DrugDDI.d112.s0.e8" interaction="false"/></sentence><sentence id="DrugDDI.d112.s1" origId="s1" text="Because candesartan is not significantly metabolized by the cytochrome P450 system and at therapeutic concentrations has no effects on P450 enzymes, interactions with drugs that inhibit or are metabolized by those enzymes would not be expected."><entity id="DrugDDI.d112.s1.e0" origId="s1.p27" charOffset="8-19" type="drug" text="candesartan"/><entity id="DrugDDI.d112.s1.e1" origId="s1.p31" charOffset="60-75" type="drug" text="cytochrome P450"/><entity id="DrugDDI.d112.s1.e2" origId="s1.p36" charOffset="135-139" type="drug" text="P450"/><entity id="DrugDDI.d112.s1.e3" origId="s1.p38" charOffset="167-172" type="drug" text="drugs"/><pair id="DrugDDI.d112.s1.p0" e1="DrugDDI.d112.s1.e0" e2="DrugDDI.d112.s1.e1" interaction="false"/><pair id="DrugDDI.d112.s1.p1" e1="DrugDDI.d112.s1.e0" e2="DrugDDI.d112.s1.e2" interaction="false"/><pair id="DrugDDI.d112.s1.p2" e1="DrugDDI.d112.s1.e0" e2="DrugDDI.d112.s1.e3" interaction="false"/><pair id="DrugDDI.d112.s1.p3" e1="DrugDDI.d112.s1.e1" e2="DrugDDI.d112.s1.e2" interaction="false"/><pair id="DrugDDI.d112.s1.p4" e1="DrugDDI.d112.s1.e1" e2="DrugDDI.d112.s1.e3" interaction="false"/><pair id="DrugDDI.d112.s1.p5" e1="DrugDDI.d112.s1.e2" e2="DrugDDI.d112.s1.e3" interaction="false"/></sentence><sentence id="DrugDDI.d112.s2" origId="s2" text="Lithium? Reversible increases in serum lithium concentrations and toxicity have been reported during concomitant administration of lithium with ACE inhibitors, and with some angiotensin II receptor antagonists."><entity id="DrugDDI.d112.s2.e0" origId="s2.p50" charOffset="39-46" type="drug" text="lithium"/><entity id="DrugDDI.d112.s2.e1" origId="s2.p57" charOffset="131-138" type="drug" text="lithium"/><entity id="DrugDDI.d112.s2.e2" origId="s2.p58" charOffset="144-158" type="drug" text="ACE inhibitors"/><entity id="DrugDDI.d112.s2.e3" origId="s2.p60" charOffset="174-209" type="drug" text="angiotensin II receptor antagonists"/><pair id="DrugDDI.d112.s2.p0" e1="DrugDDI.d112.s2.e0" e2="DrugDDI.d112.s2.e1" interaction="false"/><pair id="DrugDDI.d112.s2.p1" e1="DrugDDI.d112.s2.e0" e2="DrugDDI.d112.s2.e2" interaction="false"/><pair id="DrugDDI.d112.s2.p2" e1="DrugDDI.d112.s2.e0" e2="DrugDDI.d112.s2.e3" interaction="false"/><pair id="DrugDDI.d112.s2.p3" e1="DrugDDI.d112.s2.e1" e2="DrugDDI.d112.s2.e2" interaction="true"/><pair id="DrugDDI.d112.s2.p4" e1="DrugDDI.d112.s2.e1" e2="DrugDDI.d112.s2.e3" interaction="true"/><pair id="DrugDDI.d112.s2.p5" e1="DrugDDI.d112.s2.e2" e2="DrugDDI.d112.s2.e3" interaction="false"/></sentence><sentence id="DrugDDI.d112.s3" origId="s3" text="An increase in serum lithium concentration has been reported during concomitant administration of lithium with ATACAND, so careful monitoring of serum lithium levels is recommended during concomitant use."><entity id="DrugDDI.d112.s3.e0" origId="s3.p62" charOffset="21-28" type="drug" text="lithium"/><entity id="DrugDDI.d112.s3.e1" origId="s3.p67" charOffset="98-105" type="drug" text="lithium"/><entity id="DrugDDI.d112.s3.e2" origId="s3.p68" charOffset="111-118" type="drug" text="ATACAND"/><pair id="DrugDDI.d112.s3.p0" e1="DrugDDI.d112.s3.e0" e2="DrugDDI.d112.s3.e1" interaction="false"/><pair id="DrugDDI.d112.s3.p1" e1="DrugDDI.d112.s3.e0" e2="DrugDDI.d112.s3.e2" interaction="false"/><pair id="DrugDDI.d112.s3.p2" e1="DrugDDI.d112.s3.e1" e2="DrugDDI.d112.s3.e2" interaction="true"/></sentence></document>