<?xml version="1.0" encoding="UTF-8"?>
<document id="DrugDDI.d279" origId="Captopril"><sentence id="DrugDDI.d279.s0" origId="s0" text="Hypotension ? Patients on Diuretic Therapy: Patients on diuretics and especially those in whom diuretic therapy was recently instituted, as well as those on severe dietary salt restriction or dialysis, may occasionally experience a precipitous reduction of blood pressure usually within the first hour after receiving the initial dose of captopril."><entity id="DrugDDI.d279.s0.e0" origId="s0.p4" charOffset="56-65" type="drug" text="diuretics"/><entity id="DrugDDI.d279.s0.e1" origId="s0.p14" charOffset="172-176" type="drug" text="salt"/><entity id="DrugDDI.d279.s0.e2" origId="s0.p26" charOffset="338-347" type="drug" text="captopril"/><pair id="DrugDDI.d279.s0.p0" e1="DrugDDI.d279.s0.e0" e2="DrugDDI.d279.s0.e1" interaction="false"/><pair id="DrugDDI.d279.s0.p1" e1="DrugDDI.d279.s0.e0" e2="DrugDDI.d279.s0.e2" interaction="true"/><pair id="DrugDDI.d279.s0.p2" e1="DrugDDI.d279.s0.e1" e2="DrugDDI.d279.s0.e2" interaction="false"/></sentence><sentence id="DrugDDI.d279.s1" origId="s1" text="The possibility of hypotensive effects with captopril can be minimized by either discontinuing the diuretic or increasing the salt intake approximately one week prior to initiation of treatment with captopril (captopril tablets, USP) or initiating therapy with small doses (6.25 or 12.5 mg)."><entity id="DrugDDI.d279.s1.e0" origId="s1.p29" charOffset="44-53" type="drug" text="captopril"/><entity id="DrugDDI.d279.s1.e1" origId="s1.p35" charOffset="99-107" type="drug" text="diuretic"/><entity id="DrugDDI.d279.s1.e2" origId="s1.p40" charOffset="199-208" type="drug" text="captopril"/><entity id="DrugDDI.d279.s1.e3" origId="s1.p42" charOffset="210-219" type="drug" text="captopril"/><pair id="DrugDDI.d279.s1.p0" e1="DrugDDI.d279.s1.e0" e2="DrugDDI.d279.s1.e1" interaction="true"/><pair id="DrugDDI.d279.s1.p1" e1="DrugDDI.d279.s1.e0" e2="DrugDDI.d279.s1.e2" interaction="false"/><pair id="DrugDDI.d279.s1.p2" e1="DrugDDI.d279.s1.e0" e2="DrugDDI.d279.s1.e3" interaction="false"/><pair id="DrugDDI.d279.s1.p3" e1="DrugDDI.d279.s1.e1" e2="DrugDDI.d279.s1.e2" interaction="false"/><pair id="DrugDDI.d279.s1.p4" e1="DrugDDI.d279.s1.e1" e2="DrugDDI.d279.s1.e3" interaction="false"/><pair id="DrugDDI.d279.s1.p5" e1="DrugDDI.d279.s1.e2" e2="DrugDDI.d279.s1.e3" interaction="false"/></sentence><sentence id="DrugDDI.d279.s2" origId="s2" text="Alternatively, provide medical supervision for at least one hour after the initial dose."/><sentence id="DrugDDI.d279.s3" origId="s3" text="If hypotension occurs, the patient should be placed in a supine position and, if necessary, receive an intravenous infusion of normal saline."><entity id="DrugDDI.d279.s3.e0" origId="s3.p73" charOffset="127-140" type="drug" text="normal saline"/></sentence><sentence id="DrugDDI.d279.s4" origId="s4" text="This transient hypotensive response is not a contraindication to further doses which can be given without difficulty once the blood pressure has increased after volume expansion."/><sentence id="DrugDDI.d279.s5" origId="s5" text="Agents Having Vasodilator Activity: Data on the effect of concomitant use of other vasodilators in patients receiving captopril for heart failure are not available;"><entity id="DrugDDI.d279.s5.e0" origId="s5.p89" charOffset="14-25" type="drug" text="Vasodilator"/><entity id="DrugDDI.d279.s5.e1" origId="s5.p94" charOffset="83-95" type="drug" text="vasodilators"/><entity id="DrugDDI.d279.s5.e2" origId="s5.p97" charOffset="118-127" type="drug" text="captopril"/><pair id="DrugDDI.d279.s5.p0" e1="DrugDDI.d279.s5.e0" e2="DrugDDI.d279.s5.e1" interaction="false"/><pair id="DrugDDI.d279.s5.p1" e1="DrugDDI.d279.s5.e0" e2="DrugDDI.d279.s5.e2" interaction="false"/><pair id="DrugDDI.d279.s5.p2" e1="DrugDDI.d279.s5.e1" e2="DrugDDI.d279.s5.e2" interaction="false"/></sentence><sentence id="DrugDDI.d279.s6" origId="s6" text="therefore, nitroglycerin or other nitrates (as used for management of angina) or other drugs having vasodilator activity should, if possible, be discontinued before starting captopril."><entity id="DrugDDI.d279.s6.e0" origId="s6.p103" charOffset="11-24" type="drug" text="nitroglycerin"/><entity id="DrugDDI.d279.s6.e1" origId="s6.p105" charOffset="34-42" type="drug" text="nitrates"/><entity id="DrugDDI.d279.s6.e2" origId="s6.p113" charOffset="87-92" type="drug" text="drugs"/><entity id="DrugDDI.d279.s6.e3" origId="s6.p115" charOffset="100-111" type="drug" text="vasodilator"/><entity id="DrugDDI.d279.s6.e4" origId="s6.p122" charOffset="174-183" type="drug" text="captopril"/><pair id="DrugDDI.d279.s6.p0" e1="DrugDDI.d279.s6.e0" e2="DrugDDI.d279.s6.e1" interaction="false"/><pair id="DrugDDI.d279.s6.p1" e1="DrugDDI.d279.s6.e0" e2="DrugDDI.d279.s6.e2" interaction="false"/><pair id="DrugDDI.d279.s6.p2" e1="DrugDDI.d279.s6.e0" e2="DrugDDI.d279.s6.e3" interaction="false"/><pair id="DrugDDI.d279.s6.p3" e1="DrugDDI.d279.s6.e0" e2="DrugDDI.d279.s6.e4" interaction="true"/><pair id="DrugDDI.d279.s6.p4" e1="DrugDDI.d279.s6.e1" e2="DrugDDI.d279.s6.e2" interaction="false"/><pair id="DrugDDI.d279.s6.p5" e1="DrugDDI.d279.s6.e1" e2="DrugDDI.d279.s6.e3" interaction="false"/><pair id="DrugDDI.d279.s6.p6" e1="DrugDDI.d279.s6.e1" e2="DrugDDI.d279.s6.e4" interaction="false"/><pair id="DrugDDI.d279.s6.p7" e1="DrugDDI.d279.s6.e2" e2="DrugDDI.d279.s6.e3" interaction="false"/><pair id="DrugDDI.d279.s6.p8" e1="DrugDDI.d279.s6.e2" e2="DrugDDI.d279.s6.e4" interaction="true"/><pair id="DrugDDI.d279.s6.p9" e1="DrugDDI.d279.s6.e3" e2="DrugDDI.d279.s6.e4" interaction="false"/></sentence><sentence id="DrugDDI.d279.s7" origId="s7" text="If resumed during captopril therapy, such agents should be administered cautiously, and perhaps at lower dosage."><entity id="DrugDDI.d279.s7.e0" origId="s7.p125" charOffset="18-27" type="drug" text="captopril"/></sentence><sentence id="DrugDDI.d279.s8" origId="s8" text="Agents Causing Renin Release Captopril?s effect will be augmented by antihypertensive agents that cause renin release."><entity id="DrugDDI.d279.s8.e0" origId="s8.p136" charOffset="39-47" type="drug" text="s effect"/><entity id="DrugDDI.d279.s8.e1" origId="s8.p140" charOffset="69-92" type="drug" text="antihypertensive agents"/><entity id="DrugDDI.d279.s8.e2" origId="s8.p141" charOffset="104-110" type="drug" text="renin"/><pair id="DrugDDI.d279.s8.p0" e1="DrugDDI.d279.s8.e0" e2="DrugDDI.d279.s8.e1" interaction="false"/><pair id="DrugDDI.d279.s8.p1" e1="DrugDDI.d279.s8.e0" e2="DrugDDI.d279.s8.e2" interaction="false"/><pair id="DrugDDI.d279.s8.p2" e1="DrugDDI.d279.s8.e1" e2="DrugDDI.d279.s8.e2" interaction="false"/></sentence><sentence id="DrugDDI.d279.s9" origId="s9" text="For example, diuretics (e.g., thiazides) may activate the renin-angiotensin-aldosterone system."><entity id="DrugDDI.d279.s9.e0" origId="s9.p143" charOffset="13-22" type="drug" text="diuretics"/><entity id="DrugDDI.d279.s9.e1" origId="s9.p146" charOffset="30-39" type="drug" text="thiazides"/><pair id="DrugDDI.d279.s9.p0" e1="DrugDDI.d279.s9.e0" e2="DrugDDI.d279.s9.e1" interaction="false"/></sentence><sentence id="DrugDDI.d279.s10" origId="s10" text="Agents Affecting Sympathetic Activity The sympathetic nervous system may be especially important in supporting blood pressure in patients receiving captopril alone or with diuretics."><entity id="DrugDDI.d279.s10.e0" origId="s10.p160" charOffset="148-157" type="drug" text="captopril"/><entity id="DrugDDI.d279.s10.e1" origId="s10.p162" charOffset="172-181" type="drug" text="diuretics"/><pair id="DrugDDI.d279.s10.p0" e1="DrugDDI.d279.s10.e0" e2="DrugDDI.d279.s10.e1" interaction="true"/></sentence><sentence id="DrugDDI.d279.s11" origId="s11" text="Therefore, agents affecting sympathetic activity (e.g., ganglionic blocking agents or adrenergic neuron blocking agents) should be used with caution."><entity id="DrugDDI.d279.s11.e0" origId="s11.p169" charOffset="56-82" type="drug" text="ganglionic blocking agents"/><entity id="DrugDDI.d279.s11.e1" origId="s11.p171" charOffset="86-119" type="drug" text="adrenergic neuron blocking agents"/><pair id="DrugDDI.d279.s11.p0" e1="DrugDDI.d279.s11.e0" e2="DrugDDI.d279.s11.e1" interaction="false"/></sentence><sentence id="DrugDDI.d279.s12" origId="s12" text="Beta-adrenergic blocking drugs add some further antihypertensive effect to captopril, but the overall response is less than additive."><entity id="DrugDDI.d279.s12.e0" origId="s12.p177" charOffset="5-30" type="drug" text="adrenergic blocking drugs"/><entity id="DrugDDI.d279.s12.e1" origId="s12.p179" charOffset="48-64" type="drug" text="antihypertensive"/><entity id="DrugDDI.d279.s12.e2" origId="s12.p180" charOffset="75-84" type="drug" text="captopril"/><pair id="DrugDDI.d279.s12.p0" e1="DrugDDI.d279.s12.e0" e2="DrugDDI.d279.s12.e1" interaction="false"/><pair id="DrugDDI.d279.s12.p1" e1="DrugDDI.d279.s12.e0" e2="DrugDDI.d279.s12.e2" interaction="true"/><pair id="DrugDDI.d279.s12.p2" e1="DrugDDI.d279.s12.e1" e2="DrugDDI.d279.s12.e2" interaction="false"/></sentence><sentence id="DrugDDI.d279.s13" origId="s13" text="Agents Increasing Serum Potassium Since captopril decreases aldosterone production, elevation of serum potassium may occur."><entity id="DrugDDI.d279.s13.e0" origId="s13.p190" charOffset="40-49" type="drug" text="captopril"/><entity id="DrugDDI.d279.s13.e1" origId="s13.p192" charOffset="60-71" type="drug" text="aldosterone"/><pair id="DrugDDI.d279.s13.p0" e1="DrugDDI.d279.s13.e0" e2="DrugDDI.d279.s13.e1" interaction="true"/></sentence><sentence id="DrugDDI.d279.s14" origId="s14" text="Potassium-sparing diuretics such as spironolactone, triamterene, or amiloride, or potassium supplements should be given only for documented hypokalemia, and then with caution, since they may lead to a significant increase of serum potassium."><entity id="DrugDDI.d279.s14.e0" origId="s14.p197" charOffset="0-27" type="drug" text="potassium-sparing diuretics"/><entity id="DrugDDI.d279.s14.e1" origId="s14.p198" charOffset="36-50" type="drug" text="spironolactone"/><entity id="DrugDDI.d279.s14.e2" origId="s14.p199" charOffset="52-63" type="drug" text="triamterene"/><entity id="DrugDDI.d279.s14.e3" origId="s14.p201" charOffset="68-77" type="drug" text="amiloride"/><entity id="DrugDDI.d279.s14.e4" origId="s14.p203" charOffset="82-102" type="drug" text="potassium supplement"/><pair id="DrugDDI.d279.s14.p0" e1="DrugDDI.d279.s14.e0" e2="DrugDDI.d279.s14.e1" interaction="false"/><pair id="DrugDDI.d279.s14.p1" e1="DrugDDI.d279.s14.e0" e2="DrugDDI.d279.s14.e2" interaction="false"/><pair id="DrugDDI.d279.s14.p2" e1="DrugDDI.d279.s14.e0" e2="DrugDDI.d279.s14.e3" interaction="false"/><pair id="DrugDDI.d279.s14.p3" e1="DrugDDI.d279.s14.e0" e2="DrugDDI.d279.s14.e4" interaction="false"/><pair id="DrugDDI.d279.s14.p4" e1="DrugDDI.d279.s14.e1" e2="DrugDDI.d279.s14.e2" interaction="false"/><pair id="DrugDDI.d279.s14.p5" e1="DrugDDI.d279.s14.e1" e2="DrugDDI.d279.s14.e3" interaction="false"/><pair id="DrugDDI.d279.s14.p6" e1="DrugDDI.d279.s14.e1" e2="DrugDDI.d279.s14.e4" interaction="false"/><pair id="DrugDDI.d279.s14.p7" e1="DrugDDI.d279.s14.e2" e2="DrugDDI.d279.s14.e3" interaction="false"/><pair id="DrugDDI.d279.s14.p8" e1="DrugDDI.d279.s14.e2" e2="DrugDDI.d279.s14.e4" interaction="false"/><pair id="DrugDDI.d279.s14.p9" e1="DrugDDI.d279.s14.e3" e2="DrugDDI.d279.s14.e4" interaction="false"/></sentence><sentence id="DrugDDI.d279.s15" origId="s15" text="Salt substitutes containing potassium should also be used with caution."><entity id="DrugDDI.d279.s15.e0" origId="s15.p218" charOffset="0-4" type="drug" text="Salt"/><entity id="DrugDDI.d279.s15.e1" origId="s15.p220" charOffset="28-37" type="drug" text="potassium"/><pair id="DrugDDI.d279.s15.p0" e1="DrugDDI.d279.s15.e0" e2="DrugDDI.d279.s15.e1" interaction="false"/></sentence><sentence id="DrugDDI.d279.s16" origId="s16" text="Inhibitors Of Endogenous Prostaglandin Synthesis It has been reported that indomethacin may reduce the antihypertensive effect of captopril, especially in cases of low renin hypertension."><entity id="DrugDDI.d279.s16.e0" origId="s16.p227" charOffset="25-38" type="drug" text="Prostaglandin"/><entity id="DrugDDI.d279.s16.e1" origId="s16.p232" charOffset="75-87" type="drug" text="indomethacin"/><entity id="DrugDDI.d279.s16.e2" origId="s16.p235" charOffset="103-119" type="drug" text="antihypertensive"/><entity id="DrugDDI.d279.s16.e3" origId="s16.p236" charOffset="130-139" type="drug" text="captopril"/><pair id="DrugDDI.d279.s16.p0" e1="DrugDDI.d279.s16.e0" e2="DrugDDI.d279.s16.e1" interaction="false"/><pair id="DrugDDI.d279.s16.p1" e1="DrugDDI.d279.s16.e0" e2="DrugDDI.d279.s16.e2" interaction="false"/><pair id="DrugDDI.d279.s16.p2" e1="DrugDDI.d279.s16.e0" e2="DrugDDI.d279.s16.e3" interaction="false"/><pair id="DrugDDI.d279.s16.p3" e1="DrugDDI.d279.s16.e1" e2="DrugDDI.d279.s16.e2" interaction="false"/><pair id="DrugDDI.d279.s16.p4" e1="DrugDDI.d279.s16.e1" e2="DrugDDI.d279.s16.e3" interaction="true"/><pair id="DrugDDI.d279.s16.p5" e1="DrugDDI.d279.s16.e2" e2="DrugDDI.d279.s16.e3" interaction="false"/></sentence><sentence id="DrugDDI.d279.s17" origId="s17" text="Other nonsteroidal anti-inflammatory agents (e.g., aspirin) may also have this effect."><entity id="DrugDDI.d279.s17.e0" origId="s17.p240" charOffset="6-43" type="drug" text="nonsteroidal anti-inflammatory agents"/><entity id="DrugDDI.d279.s17.e1" origId="s17.p243" charOffset="51-58" type="drug" text="aspirin"/><pair id="DrugDDI.d279.s17.p0" e1="DrugDDI.d279.s17.e0" e2="DrugDDI.d279.s17.e1" interaction="false"/></sentence><sentence id="DrugDDI.d279.s18" origId="s18" text="Lithium Increased serum lithium levels and symptoms of lithium toxicity have been reported in patients receiving concomitant lithium and ACE inhibitor therapy."><entity id="DrugDDI.d279.s18.e0" origId="s18.p249" charOffset="0-7" type="drug" text="Lithium"/><entity id="DrugDDI.d279.s18.e1" origId="s18.p260" charOffset="125-132" type="drug" text="lithium"/><entity id="DrugDDI.d279.s18.e2" origId="s18.p262" charOffset="137-150" type="drug" text="ACE inhibitor"/><pair id="DrugDDI.d279.s18.p0" e1="DrugDDI.d279.s18.e0" e2="DrugDDI.d279.s18.e1" interaction="false"/><pair id="DrugDDI.d279.s18.p1" e1="DrugDDI.d279.s18.e0" e2="DrugDDI.d279.s18.e2" interaction="false"/><pair id="DrugDDI.d279.s18.p2" e1="DrugDDI.d279.s18.e1" e2="DrugDDI.d279.s18.e2" interaction="true"/></sentence><sentence id="DrugDDI.d279.s19" origId="s19" text="These drugs should be coad-ministered with caution and frequent monitoring of serum lithium levels is recommended."><entity id="DrugDDI.d279.s19.e0" origId="s19.p263" charOffset="6-11" type="drug" text="drugs"/></sentence><sentence id="DrugDDI.d279.s20" origId="s20" text="If a diuretic is also used, it may increase the risk of lithium toxicity."><entity id="DrugDDI.d279.s20.e0" origId="s20.p274" charOffset="5-13" type="drug" text="diuretic"/></sentence><sentence id="DrugDDI.d279.s21" origId="s21" text="Cardiac Glycosides In a study of young healthy male subjects no evidence of a direct pharmacokinetic captopril-digoxin interaction could be found."><entity id="DrugDDI.d279.s21.e0" origId="s21.p284" charOffset="0-18" type="drug" text="Cardiac Glycosides"/><entity id="DrugDDI.d279.s21.e1" origId="s21.p289" charOffset="101-110" type="drug" text="captopril"/><pair id="DrugDDI.d279.s21.p0" e1="DrugDDI.d279.s21.e0" e2="DrugDDI.d279.s21.e1" interaction="false"/></sentence><sentence id="DrugDDI.d279.s22" origId="s22" text="Loop Diuretics: Furosemide administered concurrently with cap-topril does not alter the pharmacokinetics of captopril in renally impaired hypertensive patients."><entity id="DrugDDI.d279.s22.e0" origId="s22.p293" charOffset="0-14" type="drug" text="Loop Diuretics"/><entity id="DrugDDI.d279.s22.e1" origId="s22.p295" charOffset="16-26" type="drug" text="Furosemide"/><entity id="DrugDDI.d279.s22.e2" origId="s22.p303" charOffset="108-117" type="drug" text="captopril"/><pair id="DrugDDI.d279.s22.p0" e1="DrugDDI.d279.s22.e0" e2="DrugDDI.d279.s22.e1" interaction="false"/><pair id="DrugDDI.d279.s22.p1" e1="DrugDDI.d279.s22.e0" e2="DrugDDI.d279.s22.e2" interaction="false"/><pair id="DrugDDI.d279.s22.p2" e1="DrugDDI.d279.s22.e1" e2="DrugDDI.d279.s22.e2" interaction="false"/></sentence><sentence id="DrugDDI.d279.s23" origId="s23" text="Allopurinol In a study of healthy male volunteers no significant pharmacokinetic interaction occurred when captopril and allop-urinol were administered concomitantly for 6 days."><entity id="DrugDDI.d279.s23.e0" origId="s23.p307" charOffset="0-11" type="drug" text="Allopurinol"/><entity id="DrugDDI.d279.s23.e1" origId="s23.p312" charOffset="107-116" type="drug" text="captopril"/><pair id="DrugDDI.d279.s23.p0" e1="DrugDDI.d279.s23.e0" e2="DrugDDI.d279.s23.e1" interaction="false"/></sentence><sentence id="DrugDDI.d279.s24" origId="s24" text="Drug/Laboratory Test Interaction Captopril may cause a false-positive urine test for acetone."><entity id="DrugDDI.d279.s24.e0" origId="s24.p319" charOffset="0-4" type="drug" text="Drug"/><entity id="DrugDDI.d279.s24.e1" origId="s24.p320" charOffset="33-42" type="drug" text="Captopril"/><entity id="DrugDDI.d279.s24.e2" origId="s24.p324" charOffset="85-92" type="drug" text="acetone"/><pair id="DrugDDI.d279.s24.p0" e1="DrugDDI.d279.s24.e0" e2="DrugDDI.d279.s24.e1" interaction="false"/><pair id="DrugDDI.d279.s24.p1" e1="DrugDDI.d279.s24.e0" e2="DrugDDI.d279.s24.e2" interaction="false"/><pair id="DrugDDI.d279.s24.p2" e1="DrugDDI.d279.s24.e1" e2="DrugDDI.d279.s24.e2" interaction="true"/></sentence></document>