<?xml version="1.0" encoding="UTF-8"?>
<document id="DrugDDI.d373" origId="Carbenicillin"><sentence id="DrugDDI.d373.s0" origId="s0" text="Geocillin (carbenicillin indanyl sodium) blood levels may be increased and prolonged by concurrent administration of probenecid."><entity id="DrugDDI.d373.s0.e0" origId="s0.p0" charOffset="0-9" type="drug" text="Geocillin"/><entity id="DrugDDI.d373.s0.e1" origId="s0.p2" charOffset="11-39" type="drug" text="carbenicillin indanyl sodium"/><entity id="DrugDDI.d373.s0.e2" origId="s0.p11" charOffset="117-127" type="drug" text="probenecid"/><pair id="DrugDDI.d373.s0.p0" e1="DrugDDI.d373.s0.e0" e2="DrugDDI.d373.s0.e1" interaction="false"/><pair id="DrugDDI.d373.s0.p1" e1="DrugDDI.d373.s0.e0" e2="DrugDDI.d373.s0.e2" interaction="true"/><pair id="DrugDDI.d373.s0.p2" e1="DrugDDI.d373.s0.e1" e2="DrugDDI.d373.s0.e2" interaction="true"/></sentence></document>