<?xml version="1.0" encoding="UTF-8"?>
<document id="DrugDDI.d265" origId="Cefadroxil"><sentence id="DrugDDI.d265.s0" origId="s0" text="Drug/Laboratory Test Interactions Positive direct Coombs? tests have been reported during treatment with the cephalosporin antibiotics."><entity id="DrugDDI.d265.s0.e0" origId="s0.p0" charOffset="0-4" type="drug" text="Drug"/><entity id="DrugDDI.d265.s0.e1" origId="s0.p6" charOffset="109-134" type="drug" text="cephalosporin antibiotics"/><pair id="DrugDDI.d265.s0.p0" e1="DrugDDI.d265.s0.e0" e2="DrugDDI.d265.s0.e1" interaction="false"/></sentence><sentence id="DrugDDI.d265.s1" origId="s1" text="In hematologic studies or in transfusion cross-matching procedures when anti-globulin tests are performed on the minor side or in Coombs? testing of newborns whose mothers have received cephalosporin antibiotics before parturition, it should be recognized that a positive Coombs? test may be due to the drug."><entity id="DrugDDI.d265.s1.e0" origId="s1.p21" charOffset="186-211" type="drug" text="cephalosporin antibiotics"/><entity id="DrugDDI.d265.s1.e1" origId="s1.p30" charOffset="303-307" type="drug" text="drug"/><pair id="DrugDDI.d265.s1.p0" e1="DrugDDI.d265.s1.e0" e2="DrugDDI.d265.s1.e1" interaction="false"/></sentence></document>