<?xml version="1.0" encoding="UTF-8"?>
<document id="DrugDDI.d137" origId="Cefdinir"><sentence id="DrugDDI.d137.s0" origId="s0" text="Antacids (aluminum- or magnesium-containing) Concomitant administration of 300-mg cefdinir capsules with 30 mL Maalox? TC suspension reduces the rate (Cmax) and extent (AUC) of absorption by approximately 40%."><entity id="DrugDDI.d137.s0.e0" origId="s0.p0" charOffset="0-8" type="drug" text="Antacids"/><entity id="DrugDDI.d137.s0.e1" origId="s0.p4" charOffset="23-32" type="drug" text="magnesium"/><entity id="DrugDDI.d137.s0.e2" origId="s0.p8" charOffset="82-90" type="drug" text="cefdinir"/><pair id="DrugDDI.d137.s0.p0" e1="DrugDDI.d137.s0.e0" e2="DrugDDI.d137.s0.e1" interaction="false"/><pair id="DrugDDI.d137.s0.p1" e1="DrugDDI.d137.s0.e0" e2="DrugDDI.d137.s0.e2" interaction="false"/><pair id="DrugDDI.d137.s0.p2" e1="DrugDDI.d137.s0.e1" e2="DrugDDI.d137.s0.e2" interaction="false"/></sentence><sentence id="DrugDDI.d137.s1" origId="s1" text="Time to reach Cmax is also prolonged by 1 hour."/><sentence id="DrugDDI.d137.s2" origId="s2" text="There are no significant effects on cefdinir pharmacokinetics if the antacid is administered 2 hours before or 2 hours after cefdinir."><entity id="DrugDDI.d137.s2.e0" origId="s2.p32" charOffset="36-44" type="drug" text="cefdinir"/><entity id="DrugDDI.d137.s2.e1" origId="s2.p34" charOffset="69-76" type="drug" text="antacid"/><entity id="DrugDDI.d137.s2.e2" origId="s2.p41" charOffset="125-133" type="drug" text="cefdinir"/><pair id="DrugDDI.d137.s2.p0" e1="DrugDDI.d137.s2.e0" e2="DrugDDI.d137.s2.e1" interaction="false"/><pair id="DrugDDI.d137.s2.p1" e1="DrugDDI.d137.s2.e0" e2="DrugDDI.d137.s2.e2" interaction="false"/><pair id="DrugDDI.d137.s2.p2" e1="DrugDDI.d137.s2.e1" e2="DrugDDI.d137.s2.e2" interaction="false"/></sentence><sentence id="DrugDDI.d137.s3" origId="s3" text="If antacids are required during OMNICEF therapy, OMNICEF should be taken at least 2 hours before or after the antacid."><entity id="DrugDDI.d137.s3.e0" origId="s3.p42" charOffset="3-11" type="drug" text="antacids"/><entity id="DrugDDI.d137.s3.e1" origId="s3.p45" charOffset="32-39" type="drug" text="OMNICEF"/><entity id="DrugDDI.d137.s3.e2" origId="s3.p46" charOffset="49-56" type="drug" text="OMNICEF"/><entity id="DrugDDI.d137.s3.e3" origId="s3.p53" charOffset="110-117" type="drug" text="antacid"/><pair id="DrugDDI.d137.s3.p0" e1="DrugDDI.d137.s3.e0" e2="DrugDDI.d137.s3.e1" interaction="false"/><pair id="DrugDDI.d137.s3.p1" e1="DrugDDI.d137.s3.e0" e2="DrugDDI.d137.s3.e2" interaction="false"/><pair id="DrugDDI.d137.s3.p2" e1="DrugDDI.d137.s3.e0" e2="DrugDDI.d137.s3.e3" interaction="false"/><pair id="DrugDDI.d137.s3.p3" e1="DrugDDI.d137.s3.e1" e2="DrugDDI.d137.s3.e2" interaction="false"/><pair id="DrugDDI.d137.s3.p4" e1="DrugDDI.d137.s3.e1" e2="DrugDDI.d137.s3.e3" interaction="false"/><pair id="DrugDDI.d137.s3.p5" e1="DrugDDI.d137.s3.e2" e2="DrugDDI.d137.s3.e3" interaction="true"/></sentence><sentence id="DrugDDI.d137.s4" origId="s4" text="Probenecid As with other b span class= c233 -lactam antibiotics, probenecid inhibits the renal excretion of cefdinir, resulting in an approximate doubling in A.C. a 54% increase in peak cefdinir plasma levels, and a 50% prolongation in the apparent elimination half-life."><entity id="DrugDDI.d137.s4.e0" origId="s4.p54" charOffset="0-10" type="drug" text="Probenecid"/><entity id="DrugDDI.d137.s4.e1" origId="s4.p56" charOffset="39-63" type="drug" text="c233 -lactam antibiotics"/><entity id="DrugDDI.d137.s4.e2" origId="s4.p57" charOffset="65-75" type="drug" text="probenecid"/><entity id="DrugDDI.d137.s4.e3" origId="s4.p60" charOffset="108-116" type="drug" text="cefdinir"/><entity id="DrugDDI.d137.s4.e4" origId="s4.p64" charOffset="186-194" type="drug" text="cefdinir"/><pair id="DrugDDI.d137.s4.p0" e1="DrugDDI.d137.s4.e0" e2="DrugDDI.d137.s4.e1" interaction="false"/><pair id="DrugDDI.d137.s4.p1" e1="DrugDDI.d137.s4.e0" e2="DrugDDI.d137.s4.e2" interaction="false"/><pair id="DrugDDI.d137.s4.p2" e1="DrugDDI.d137.s4.e0" e2="DrugDDI.d137.s4.e3" interaction="false"/><pair id="DrugDDI.d137.s4.p3" e1="DrugDDI.d137.s4.e0" e2="DrugDDI.d137.s4.e4" interaction="false"/><pair id="DrugDDI.d137.s4.p4" e1="DrugDDI.d137.s4.e1" e2="DrugDDI.d137.s4.e2" interaction="false"/><pair id="DrugDDI.d137.s4.p5" e1="DrugDDI.d137.s4.e1" e2="DrugDDI.d137.s4.e3" interaction="false"/><pair id="DrugDDI.d137.s4.p6" e1="DrugDDI.d137.s4.e1" e2="DrugDDI.d137.s4.e4" interaction="false"/><pair id="DrugDDI.d137.s4.p7" e1="DrugDDI.d137.s4.e2" e2="DrugDDI.d137.s4.e3" interaction="true"/><pair id="DrugDDI.d137.s4.p8" e1="DrugDDI.d137.s4.e2" e2="DrugDDI.d137.s4.e4" interaction="false"/><pair id="DrugDDI.d137.s4.p9" e1="DrugDDI.d137.s4.e3" e2="DrugDDI.d137.s4.e4" interaction="false"/></sentence><sentence id="DrugDDI.d137.s5" origId="s5" text="Iron Supplements and Foods Fortified With Iron Concomitant administration of cefdinir with a therapeutic iron supplement containing 60 mg of elemental iron (as FeSO4) or vitamins supplemented with 10 mg of elemental iron reduced extent of absorption by 80% and 31%, respectively."><entity id="DrugDDI.d137.s5.e0" origId="s5.p68" charOffset="0-15" type="drug" text="Iron Supplement"/><entity id="DrugDDI.d137.s5.e1" origId="s5.p72" charOffset="42-46" type="drug" text="Iron"/><entity id="DrugDDI.d137.s5.e2" origId="s5.p73" charOffset="77-85" type="drug" text="cefdinir"/><entity id="DrugDDI.d137.s5.e3" origId="s5.p74" charOffset="105-120" type="drug" text="iron supplement"/><entity id="DrugDDI.d137.s5.e4" origId="s5.p77" charOffset="141-155" type="drug" text="elemental iron"/><entity id="DrugDDI.d137.s5.e5" origId="s5.p82" charOffset="170-178" type="drug" text="vitamins"/><entity id="DrugDDI.d137.s5.e6" origId="s5.p85" charOffset="206-220" type="drug" text="elemental iron"/><pair id="DrugDDI.d137.s5.p0" e1="DrugDDI.d137.s5.e0" e2="DrugDDI.d137.s5.e1" interaction="false"/><pair id="DrugDDI.d137.s5.p1" e1="DrugDDI.d137.s5.e0" e2="DrugDDI.d137.s5.e2" interaction="false"/><pair id="DrugDDI.d137.s5.p2" e1="DrugDDI.d137.s5.e0" e2="DrugDDI.d137.s5.e3" interaction="false"/><pair id="DrugDDI.d137.s5.p3" e1="DrugDDI.d137.s5.e0" e2="DrugDDI.d137.s5.e4" interaction="false"/><pair id="DrugDDI.d137.s5.p4" e1="DrugDDI.d137.s5.e0" e2="DrugDDI.d137.s5.e5" interaction="false"/><pair id="DrugDDI.d137.s5.p5" e1="DrugDDI.d137.s5.e0" e2="DrugDDI.d137.s5.e6" interaction="false"/><pair id="DrugDDI.d137.s5.p6" e1="DrugDDI.d137.s5.e1" e2="DrugDDI.d137.s5.e2" interaction="false"/><pair id="DrugDDI.d137.s5.p7" e1="DrugDDI.d137.s5.e1" e2="DrugDDI.d137.s5.e3" interaction="false"/><pair id="DrugDDI.d137.s5.p8" e1="DrugDDI.d137.s5.e1" e2="DrugDDI.d137.s5.e4" interaction="false"/><pair id="DrugDDI.d137.s5.p9" e1="DrugDDI.d137.s5.e1" e2="DrugDDI.d137.s5.e5" interaction="false"/><pair id="DrugDDI.d137.s5.p10" e1="DrugDDI.d137.s5.e1" e2="DrugDDI.d137.s5.e6" interaction="false"/><pair id="DrugDDI.d137.s5.p11" e1="DrugDDI.d137.s5.e2" e2="DrugDDI.d137.s5.e3" interaction="true"/><pair id="DrugDDI.d137.s5.p12" e1="DrugDDI.d137.s5.e2" e2="DrugDDI.d137.s5.e4" interaction="false"/><pair id="DrugDDI.d137.s5.p13" e1="DrugDDI.d137.s5.e2" e2="DrugDDI.d137.s5.e5" interaction="true"/><pair id="DrugDDI.d137.s5.p14" e1="DrugDDI.d137.s5.e2" e2="DrugDDI.d137.s5.e6" interaction="false"/><pair id="DrugDDI.d137.s5.p15" e1="DrugDDI.d137.s5.e3" e2="DrugDDI.d137.s5.e4" interaction="false"/><pair id="DrugDDI.d137.s5.p16" e1="DrugDDI.d137.s5.e3" e2="DrugDDI.d137.s5.e5" interaction="false"/><pair id="DrugDDI.d137.s5.p17" e1="DrugDDI.d137.s5.e3" e2="DrugDDI.d137.s5.e6" interaction="false"/><pair id="DrugDDI.d137.s5.p18" e1="DrugDDI.d137.s5.e4" e2="DrugDDI.d137.s5.e5" interaction="false"/><pair id="DrugDDI.d137.s5.p19" e1="DrugDDI.d137.s5.e4" e2="DrugDDI.d137.s5.e6" interaction="false"/><pair id="DrugDDI.d137.s5.p20" e1="DrugDDI.d137.s5.e5" e2="DrugDDI.d137.s5.e6" interaction="false"/></sentence><sentence id="DrugDDI.d137.s6" origId="s6" text="If iron supplements are required during OMNICEF therapy, OMNICEF should be taken at least 2 hours before or after the supplement."><entity id="DrugDDI.d137.s6.e0" origId="s6.p93" charOffset="3-18" type="drug" text="iron supplement"/><entity id="DrugDDI.d137.s6.e1" origId="s6.p96" charOffset="40-47" type="drug" text="OMNICEF"/><entity id="DrugDDI.d137.s6.e2" origId="s6.p97" charOffset="57-64" type="drug" text="OMNICEF"/><pair id="DrugDDI.d137.s6.p0" e1="DrugDDI.d137.s6.e0" e2="DrugDDI.d137.s6.e1" interaction="false"/><pair id="DrugDDI.d137.s6.p1" e1="DrugDDI.d137.s6.e0" e2="DrugDDI.d137.s6.e2" interaction="false"/><pair id="DrugDDI.d137.s6.p2" e1="DrugDDI.d137.s6.e1" e2="DrugDDI.d137.s6.e2" interaction="false"/></sentence><sentence id="DrugDDI.d137.s7" origId="s7" text="The effect of foods highly fortified with elemental iron (primarily iron-fortified breakfast cereals) on cefdinir absorption has not been studied."><entity id="DrugDDI.d137.s7.e0" origId="s7.p108" charOffset="42-56" type="drug" text="elemental iron"/><entity id="DrugDDI.d137.s7.e1" origId="s7.p110" charOffset="68-72" type="drug" text="iron"/><entity id="DrugDDI.d137.s7.e2" origId="s7.p112" charOffset="105-113" type="drug" text="cefdinir"/><pair id="DrugDDI.d137.s7.p0" e1="DrugDDI.d137.s7.e0" e2="DrugDDI.d137.s7.e1" interaction="false"/><pair id="DrugDDI.d137.s7.p1" e1="DrugDDI.d137.s7.e0" e2="DrugDDI.d137.s7.e2" interaction="false"/><pair id="DrugDDI.d137.s7.p2" e1="DrugDDI.d137.s7.e1" e2="DrugDDI.d137.s7.e2" interaction="false"/></sentence><sentence id="DrugDDI.d137.s8" origId="s8" text="Concomitantly administered iron-fortified infant formula (2.2 mg elemental iron/6 oz) has no significant effect on cefdinir pharmacokinetics."><entity id="DrugDDI.d137.s8.e0" origId="s8.p119" charOffset="65-79" type="drug" text="elemental iron"/><entity id="DrugDDI.d137.s8.e1" origId="s8.p124" charOffset="115-123" type="drug" text="cefdinir"/><pair id="DrugDDI.d137.s8.p0" e1="DrugDDI.d137.s8.e0" e2="DrugDDI.d137.s8.e1" interaction="false"/></sentence><sentence id="DrugDDI.d137.s9" origId="s9" text="Therefore, OMNICEF for Oral Suspension can be administered with iron-fortified infant formula."><entity id="DrugDDI.d137.s9.e0" origId="s9.p126" charOffset="11-18" type="drug" text="OMNICEF"/><entity id="DrugDDI.d137.s9.e1" origId="s9.p131" charOffset="64-68" type="drug" text="iron"/><pair id="DrugDDI.d137.s9.p0" e1="DrugDDI.d137.s9.e0" e2="DrugDDI.d137.s9.e1" interaction="false"/></sentence><sentence id="DrugDDI.d137.s10" origId="s10" text="There have been rare reports of reddish stools in patients who have received cefdinir in Japan."><entity id="DrugDDI.d137.s10.e0" origId="s10.p140" charOffset="77-85" type="drug" text="cefdinir"/></sentence><sentence id="DrugDDI.d137.s11" origId="s11" text="The reddish color is due to the formation of a nonabsorbable complex between cefdinir or its breakdown products and iron in the gastrointestinal tract."><entity id="DrugDDI.d137.s11.e0" origId="s11.p146" charOffset="77-85" type="drug" text="cefdinir"/><entity id="DrugDDI.d137.s11.e1" origId="s11.p150" charOffset="116-120" type="drug" text="iron"/><pair id="DrugDDI.d137.s11.p0" e1="DrugDDI.d137.s11.e0" e2="DrugDDI.d137.s11.e1" interaction="false"/></sentence><sentence id="DrugDDI.d137.s12" origId="s12" text="Drug/Laboratory Test Interactions A false-positive reaction for ketones in the urine may occur with tests using nitroprusside, but not with those using nitroferricyanide."><entity id="DrugDDI.d137.s12.e0" origId="s12.p152" charOffset="0-4" type="drug" text="Drug"/><entity id="DrugDDI.d137.s12.e1" origId="s12.p160" charOffset="112-125" type="drug" text="nitroprusside"/><entity id="DrugDDI.d137.s12.e2" origId="s12.p165" charOffset="152-169" type="drug" text="nitroferricyanide"/><pair id="DrugDDI.d137.s12.p0" e1="DrugDDI.d137.s12.e0" e2="DrugDDI.d137.s12.e1" interaction="false"/><pair id="DrugDDI.d137.s12.p1" e1="DrugDDI.d137.s12.e0" e2="DrugDDI.d137.s12.e2" interaction="false"/><pair id="DrugDDI.d137.s12.p2" e1="DrugDDI.d137.s12.e1" e2="DrugDDI.d137.s12.e2" interaction="false"/></sentence><sentence id="DrugDDI.d137.s13" origId="s13" text="The administration of cefdinir may result in a false-positive reaction for glucose in urine using Clinitest?, Benedict?s solution, or Fehlings solution."><entity id="DrugDDI.d137.s13.e0" origId="s13.p167" charOffset="22-30" type="drug" text="cefdinir"/><entity id="DrugDDI.d137.s13.e1" origId="s13.p171" charOffset="75-82" type="drug" text="glucose"/><pair id="DrugDDI.d137.s13.p0" e1="DrugDDI.d137.s13.e0" e2="DrugDDI.d137.s13.e1" interaction="false"/></sentence><sentence id="DrugDDI.d137.s14" origId="s14" text="It is recommended that glucose tests based on enzymatic glucose oxidase reactions (such as Clinistix? or Tes-Tape?) be used."><entity id="DrugDDI.d137.s14.e0" origId="s14.p185" charOffset="56-71" type="drug" text="glucose oxidase"/></sentence><sentence id="DrugDDI.d137.s15" origId="s15" text="Cephalosporins are known to occasionally induce a positive direct Coombs? test."><entity id="DrugDDI.d137.s15.e0" origId="s15.p193" charOffset="0-14" type="drug" text="Cephalosporins"/></sentence></document>