<?xml version="1.0" encoding="UTF-8"?>
<document id="DrugDDI.d391" origId="Cefotaxime"><sentence id="DrugDDI.d391.s0" origId="s0" text="Increased nephrotoxicity has been reported following concomitant administration of cephalosporins and aminoglycoside antibiotics."><entity id="DrugDDI.d391.s0.e0" origId="s0.p6" charOffset="83-97" type="drug" text="cephalosporins"/><entity id="DrugDDI.d391.s0.e1" origId="s0.p8" charOffset="102-128" type="drug" text="aminoglycoside antibiotics"/><pair id="DrugDDI.d391.s0.p0" e1="DrugDDI.d391.s0.e0" e2="DrugDDI.d391.s0.e1" interaction="true"/></sentence><sentence id="DrugDDI.d391.s1" origId="s1" text="Drug/Laboratory Test Interactions Cephalosporins, including cefotaxime sodium, are known to occasionally induce a positive direct Coombs test."><entity id="DrugDDI.d391.s1.e0" origId="s1.p9" charOffset="0-4" type="drug" text="Drug"/><entity id="DrugDDI.d391.s1.e1" origId="s1.p10" charOffset="34-48" type="drug" text="Cephalosporins"/><entity id="DrugDDI.d391.s1.e2" origId="s1.p12" charOffset="60-77" type="drug" text="cefotaxime sodium"/><pair id="DrugDDI.d391.s1.p0" e1="DrugDDI.d391.s1.e0" e2="DrugDDI.d391.s1.e1" interaction="false"/><pair id="DrugDDI.d391.s1.p1" e1="DrugDDI.d391.s1.e0" e2="DrugDDI.d391.s1.e2" interaction="false"/><pair id="DrugDDI.d391.s1.p2" e1="DrugDDI.d391.s1.e1" e2="DrugDDI.d391.s1.e2" interaction="false"/></sentence></document>