<?xml version="1.0" encoding="UTF-8"?>
<document id="DrugDDI.d366" origId="Ceftazidime"><sentence id="DrugDDI.d366.s0" origId="s0" text="Nephrotoxicity has been reported following concomitant administration of cephalosporins with aminoglycoside antibiotics or potent diuretics such as furosemide."><entity id="DrugDDI.d366.s0.e0" origId="s0.p6" charOffset="73-87" type="drug" text="cephalosporins"/><entity id="DrugDDI.d366.s0.e1" origId="s0.p7" charOffset="93-119" type="drug" text="aminoglycoside antibiotics"/><entity id="DrugDDI.d366.s0.e2" origId="s0.p9" charOffset="130-139" type="drug" text="diuretics"/><entity id="DrugDDI.d366.s0.e3" origId="s0.p10" charOffset="148-159" type="drug" text="furosemide"/><pair id="DrugDDI.d366.s0.p0" e1="DrugDDI.d366.s0.e0" e2="DrugDDI.d366.s0.e1" interaction="false"/><pair id="DrugDDI.d366.s0.p1" e1="DrugDDI.d366.s0.e0" e2="DrugDDI.d366.s0.e2" interaction="false"/><pair id="DrugDDI.d366.s0.p2" e1="DrugDDI.d366.s0.e0" e2="DrugDDI.d366.s0.e3" interaction="false"/><pair id="DrugDDI.d366.s0.p3" e1="DrugDDI.d366.s0.e1" e2="DrugDDI.d366.s0.e2" interaction="false"/><pair id="DrugDDI.d366.s0.p4" e1="DrugDDI.d366.s0.e1" e2="DrugDDI.d366.s0.e3" interaction="false"/><pair id="DrugDDI.d366.s0.p5" e1="DrugDDI.d366.s0.e2" e2="DrugDDI.d366.s0.e3" interaction="false"/></sentence><sentence id="DrugDDI.d366.s1" origId="s1" text="Renal function should be carefully monitored, especially if higher dosages of the aminoglycosides are to be administered or if therapy is prolonged, because of the potential nephrotoxicity and ototoxicity of aminoglycosidic antibiotics."><entity id="DrugDDI.d366.s1.e0" origId="s1.p20" charOffset="82-97" type="drug" text="aminoglycosides"/><entity id="DrugDDI.d366.s1.e1" origId="s1.p33" charOffset="224-235" type="drug" text="antibiotics"/><pair id="DrugDDI.d366.s1.p0" e1="DrugDDI.d366.s1.e0" e2="DrugDDI.d366.s1.e1" interaction="false"/></sentence><sentence id="DrugDDI.d366.s2" origId="s2" text="Nephrotoxicity and ototoxicity were not noted when ceftazidime was given alone in clinical trials."><entity id="DrugDDI.d366.s2.e0" origId="s2.p41" charOffset="51-62" type="drug" text="ceftazidime"/></sentence><sentence id="DrugDDI.d366.s3" origId="s3" text="Chloramphenicol has been shown to be antagonistic to beta-lactam antibiotics, including ceftazidime, based on in vitro studies and time kill curves with enteric gram-negative bacilli."><entity id="DrugDDI.d366.s3.e0" origId="s3.p46" charOffset="0-15" type="drug" text="Chloramphenicol"/><entity id="DrugDDI.d366.s3.e1" origId="s3.p53" charOffset="53-75" type="drug" text="beta-lactam antibiotic"/><entity id="DrugDDI.d366.s3.e2" origId="s3.p55" charOffset="88-99" type="drug" text="ceftazidime"/><pair id="DrugDDI.d366.s3.p0" e1="DrugDDI.d366.s3.e0" e2="DrugDDI.d366.s3.e1" interaction="false"/><pair id="DrugDDI.d366.s3.p1" e1="DrugDDI.d366.s3.e0" e2="DrugDDI.d366.s3.e2" interaction="false"/><pair id="DrugDDI.d366.s3.p2" e1="DrugDDI.d366.s3.e1" e2="DrugDDI.d366.s3.e2" interaction="false"/></sentence><sentence id="DrugDDI.d366.s4" origId="s4" text="Due to the possibility of antagonism in vivo, particularly when bactericidal activity is desired, this drug combination should be avoided."><entity id="DrugDDI.d366.s4.e0" origId="s4.p68" charOffset="103-107" type="drug" text="drug"/></sentence><sentence id="DrugDDI.d366.s5" origId="s5" text="Drug/Laboratory Test Interactions The administration of ceftazidime may result in a false-positive reaction for glucose in the urine when using CLINITEST? tablets, Benedicts solution, or Fehlings solution."><entity id="DrugDDI.d366.s5.e0" origId="s5.p72" charOffset="0-4" type="drug" text="Drug"/><entity id="DrugDDI.d366.s5.e1" origId="s5.p74" charOffset="56-67" type="drug" text="ceftazidime"/><entity id="DrugDDI.d366.s5.e2" origId="s5.p78" charOffset="112-119" type="drug" text="glucose"/><pair id="DrugDDI.d366.s5.p0" e1="DrugDDI.d366.s5.e0" e2="DrugDDI.d366.s5.e1" interaction="false"/><pair id="DrugDDI.d366.s5.p1" e1="DrugDDI.d366.s5.e0" e2="DrugDDI.d366.s5.e2" interaction="false"/><pair id="DrugDDI.d366.s5.p2" e1="DrugDDI.d366.s5.e1" e2="DrugDDI.d366.s5.e2" interaction="false"/></sentence><sentence id="DrugDDI.d366.s6" origId="s6" text="It is recommended that glucose tests based on enzymatic glucose oxidase reactions (such as CLINISTIX? or TES-TAPE?) be used."><entity id="DrugDDI.d366.s6.e0" origId="s6.p95" charOffset="56-71" type="drug" text="glucose oxidase"/></sentence></document>