<?xml version="1.0" encoding="UTF-8"?>
<document id="DrugDDI.d30" origId="Cefuroxime"><sentence id="DrugDDI.d30.s0" origId="s0" text="Drug/Laboratory Test Interactions: A false-positive reaction for glucose in the urine may occur with copper reduction tests (Benedict?s or Fehling?s solution or with Clinitest? tablets) but not with enzyme-based tests for glycosuria."><entity id="DrugDDI.d30.s0.e0" origId="s0.p0" charOffset="0-4" type="drug" text="Drug"/><entity id="DrugDDI.d30.s0.e1" origId="s0.p4" charOffset="65-72" type="drug" text="glucose"/><pair id="DrugDDI.d30.s0.p0" e1="DrugDDI.d30.s0.e0" e2="DrugDDI.d30.s0.e1" interaction="false"/></sentence><sentence id="DrugDDI.d30.s1" origId="s1" text="As a false-negative result may occur in the ferricyanide test, it is recommended that either the glucose oxidase or hexokinase method be used to determine blood plasma glucose levels in patients receiving cefuroxime."><entity id="DrugDDI.d30.s1.e0" origId="s1.p31" charOffset="97-112" type="drug" text="glucose oxidase"/><entity id="DrugDDI.d30.s1.e1" origId="s1.p33" charOffset="116-126" type="drug" text="hexokinase"/><entity id="DrugDDI.d30.s1.e2" origId="s1.p41" charOffset="205-215" type="drug" text="cefuroxime"/><pair id="DrugDDI.d30.s1.p0" e1="DrugDDI.d30.s1.e0" e2="DrugDDI.d30.s1.e1" interaction="false"/><pair id="DrugDDI.d30.s1.p1" e1="DrugDDI.d30.s1.e0" e2="DrugDDI.d30.s1.e2" interaction="false"/><pair id="DrugDDI.d30.s1.p2" e1="DrugDDI.d30.s1.e1" e2="DrugDDI.d30.s1.e2" interaction="false"/></sentence><sentence id="DrugDDI.d30.s2" origId="s2" text="Cefuroxime does not interfere with the assay of serum and urine creatinine by the alkaline picrate method."><entity id="DrugDDI.d30.s2.e0" origId="s2.p42" charOffset="0-10" type="drug" text="Cefuroxime"/></sentence></document>