<?xml version="1.0" encoding="UTF-8"?>
<document id="DrugDDI.d309" origId="Cephalexin"><sentence id="DrugDDI.d309.s0" origId="s0" text="Metformin In healthy subjects given single 500 mg doses of cephalexin and metformin, plasma metformin mean cmax and AUC increased by an average of 34% and 24%, respectively, and metformin mean renal clearance decreased by 14%."><entity id="DrugDDI.d309.s0.e0" origId="s0.p0" charOffset="0-9" type="drug" text="Metformin"/><entity id="DrugDDI.d309.s0.e1" origId="s0.p4" charOffset="59-70" type="drug" text="cephalexin"/><entity id="DrugDDI.d309.s0.e2" origId="s0.p6" charOffset="74-83" type="drug" text="metformin"/><entity id="DrugDDI.d309.s0.e3" origId="s0.p7" charOffset="92-101" type="drug" text="metformin"/><entity id="DrugDDI.d309.s0.e4" origId="s0.p17" charOffset="178-187" type="drug" text="metformin"/><pair id="DrugDDI.d309.s0.p0" e1="DrugDDI.d309.s0.e0" e2="DrugDDI.d309.s0.e1" interaction="false"/><pair id="DrugDDI.d309.s0.p1" e1="DrugDDI.d309.s0.e0" e2="DrugDDI.d309.s0.e2" interaction="false"/><pair id="DrugDDI.d309.s0.p2" e1="DrugDDI.d309.s0.e0" e2="DrugDDI.d309.s0.e3" interaction="false"/><pair id="DrugDDI.d309.s0.p3" e1="DrugDDI.d309.s0.e0" e2="DrugDDI.d309.s0.e4" interaction="false"/><pair id="DrugDDI.d309.s0.p4" e1="DrugDDI.d309.s0.e1" e2="DrugDDI.d309.s0.e2" interaction="true"/><pair id="DrugDDI.d309.s0.p5" e1="DrugDDI.d309.s0.e1" e2="DrugDDI.d309.s0.e3" interaction="false"/><pair id="DrugDDI.d309.s0.p6" e1="DrugDDI.d309.s0.e1" e2="DrugDDI.d309.s0.e4" interaction="false"/><pair id="DrugDDI.d309.s0.p7" e1="DrugDDI.d309.s0.e2" e2="DrugDDI.d309.s0.e3" interaction="false"/><pair id="DrugDDI.d309.s0.p8" e1="DrugDDI.d309.s0.e2" e2="DrugDDI.d309.s0.e4" interaction="false"/><pair id="DrugDDI.d309.s0.p9" e1="DrugDDI.d309.s0.e3" e2="DrugDDI.d309.s0.e4" interaction="false"/></sentence><sentence id="DrugDDI.d309.s1" origId="s1" text="No information is available about the interaction of cephalexin and metformin following multiple doses of either drug."><entity id="DrugDDI.d309.s1.e0" origId="s1.p24" charOffset="53-64" type="drug" text="cephalexin"/><entity id="DrugDDI.d309.s1.e1" origId="s1.p26" charOffset="68-77" type="drug" text="metformin"/><entity id="DrugDDI.d309.s1.e2" origId="s1.p31" charOffset="113-117" type="drug" text="drug"/><pair id="DrugDDI.d309.s1.p0" e1="DrugDDI.d309.s1.e0" e2="DrugDDI.d309.s1.e1" interaction="false"/><pair id="DrugDDI.d309.s1.p1" e1="DrugDDI.d309.s1.e0" e2="DrugDDI.d309.s1.e2" interaction="false"/><pair id="DrugDDI.d309.s1.p2" e1="DrugDDI.d309.s1.e1" e2="DrugDDI.d309.s1.e2" interaction="false"/></sentence><sentence id="DrugDDI.d309.s2" origId="s2" text="Although not observed in this study, adverse effects could potentially arise from co-administration of cephalexin and metformin by inhibition of tubular secretion via organic cationic transporter systems."><entity id="DrugDDI.d309.s2.e0" origId="s2.p41" charOffset="103-114" type="drug" text="cephalexin"/><entity id="DrugDDI.d309.s2.e1" origId="s2.p43" charOffset="118-127" type="drug" text="metformin"/><entity id="DrugDDI.d309.s2.e2" origId="s2.p46" charOffset="167-184" type="drug" text="organic cationic"/><pair id="DrugDDI.d309.s2.p0" e1="DrugDDI.d309.s2.e0" e2="DrugDDI.d309.s2.e1" interaction="true"/><pair id="DrugDDI.d309.s2.p1" e1="DrugDDI.d309.s2.e0" e2="DrugDDI.d309.s2.e2" interaction="false"/><pair id="DrugDDI.d309.s2.p2" e1="DrugDDI.d309.s2.e1" e2="DrugDDI.d309.s2.e2" interaction="false"/></sentence><sentence id="DrugDDI.d309.s3" origId="s3" text="Accordingly, careful patient monitoring and dose adjustment of metformin is recommended in patients concomitantly taking cephalexin and metformin."><entity id="DrugDDI.d309.s3.e0" origId="s3.p51" charOffset="63-72" type="drug" text="metformin"/><entity id="DrugDDI.d309.s3.e1" origId="s3.p56" charOffset="121-131" type="drug" text="cephalexin"/><entity id="DrugDDI.d309.s3.e2" origId="s3.p58" charOffset="136-145" type="drug" text="metformin"/><pair id="DrugDDI.d309.s3.p0" e1="DrugDDI.d309.s3.e0" e2="DrugDDI.d309.s3.e1" interaction="false"/><pair id="DrugDDI.d309.s3.p1" e1="DrugDDI.d309.s3.e0" e2="DrugDDI.d309.s3.e2" interaction="false"/><pair id="DrugDDI.d309.s3.p2" e1="DrugDDI.d309.s3.e1" e2="DrugDDI.d309.s3.e2" interaction="true"/></sentence><sentence id="DrugDDI.d309.s4" origId="s4" text="Probenecid As with other b-lactams, the renal excretion of cephalexin is inhibited by probenecid."><entity id="DrugDDI.d309.s4.e0" origId="s4.p59" charOffset="0-10" type="drug" text="Probenecid"/><entity id="DrugDDI.d309.s4.e1" origId="s4.p61" charOffset="27-34" type="drug" text="lactams"/><entity id="DrugDDI.d309.s4.e2" origId="s4.p63" charOffset="59-70" type="drug" text="cephalexin"/><entity id="DrugDDI.d309.s4.e3" origId="s4.p66" charOffset="86-96" type="drug" text="probenecid"/><pair id="DrugDDI.d309.s4.p0" e1="DrugDDI.d309.s4.e0" e2="DrugDDI.d309.s4.e1" interaction="false"/><pair id="DrugDDI.d309.s4.p1" e1="DrugDDI.d309.s4.e0" e2="DrugDDI.d309.s4.e2" interaction="false"/><pair id="DrugDDI.d309.s4.p2" e1="DrugDDI.d309.s4.e0" e2="DrugDDI.d309.s4.e3" interaction="false"/><pair id="DrugDDI.d309.s4.p3" e1="DrugDDI.d309.s4.e1" e2="DrugDDI.d309.s4.e2" interaction="false"/><pair id="DrugDDI.d309.s4.p4" e1="DrugDDI.d309.s4.e1" e2="DrugDDI.d309.s4.e3" interaction="false"/><pair id="DrugDDI.d309.s4.p5" e1="DrugDDI.d309.s4.e2" e2="DrugDDI.d309.s4.e3" interaction="true"/></sentence><sentence id="DrugDDI.d309.s5" origId="s5" text="Drug / Laboratory Test Interactions As a result of administration of Keflex, a false-positive reaction for glucose in the urine may occur."><entity id="DrugDDI.d309.s5.e0" origId="s5.p67" charOffset="0-4" type="drug" text="Drug"/><entity id="DrugDDI.d309.s5.e1" origId="s5.p71" charOffset="69-75" type="drug" text="Keflex"/><entity id="DrugDDI.d309.s5.e2" origId="s5.p73" charOffset="107-114" type="drug" text="glucose"/><pair id="DrugDDI.d309.s5.p0" e1="DrugDDI.d309.s5.e0" e2="DrugDDI.d309.s5.e1" interaction="false"/><pair id="DrugDDI.d309.s5.p1" e1="DrugDDI.d309.s5.e0" e2="DrugDDI.d309.s5.e2" interaction="false"/><pair id="DrugDDI.d309.s5.p2" e1="DrugDDI.d309.s5.e1" e2="DrugDDI.d309.s5.e2" interaction="false"/></sentence><sentence id="DrugDDI.d309.s6" origId="s6" text="This has been observed with Benedict?s and Fehling?s solutions and also with Clinitest? tablets."/></document>