<?xml version="1.0" encoding="UTF-8"?>
<document id="DrugDDI.d382" origId="Chlorotrianisene"><sentence id="DrugDDI.d382.s0" origId="s0" text="Chlorotrianisene may interact with antidepressants, aspirin, barbiturates, bromocriptine, calcium supplements, corticosteroids, corticotropin, cyclosporine, dantrolene, nicotine, somatropin, tamoxifen, and warfarin."><entity id="DrugDDI.d382.s0.e0" origId="s0.p0" charOffset="0-16" type="drug" text="Chlorotrianisene"/><entity id="DrugDDI.d382.s0.e1" origId="s0.p3" charOffset="35-50" type="drug" text="antidepressants"/><entity id="DrugDDI.d382.s0.e2" origId="s0.p4" charOffset="52-59" type="drug" text="aspirin"/><entity id="DrugDDI.d382.s0.e3" origId="s0.p5" charOffset="61-73" type="drug" text="barbiturates"/><entity id="DrugDDI.d382.s0.e4" origId="s0.p6" charOffset="75-88" type="drug" text="bromocriptine"/><entity id="DrugDDI.d382.s0.e5" origId="s0.p7" charOffset="90-97" type="drug" text="calcium"/><entity id="DrugDDI.d382.s0.e6" origId="s0.p8" charOffset="111-126" type="drug" text="corticosteroids"/><entity id="DrugDDI.d382.s0.e7" origId="s0.p9" charOffset="128-141" type="drug" text="corticotropin"/><entity id="DrugDDI.d382.s0.e8" origId="s0.p10" charOffset="143-155" type="drug" text="cyclosporine"/><entity id="DrugDDI.d382.s0.e9" origId="s0.p11" charOffset="157-167" type="drug" text="dantrolene"/><entity id="DrugDDI.d382.s0.e10" origId="s0.p12" charOffset="169-177" type="drug" text="nicotine"/><entity id="DrugDDI.d382.s0.e11" origId="s0.p13" charOffset="179-189" type="drug" text="somatropin"/><entity id="DrugDDI.d382.s0.e12" origId="s0.p14" charOffset="191-200" type="drug" text="tamoxifen"/><entity id="DrugDDI.d382.s0.e13" origId="s0.p16" charOffset="206-214" type="drug" text="warfarin"/><pair id="DrugDDI.d382.s0.p0" e1="DrugDDI.d382.s0.e0" e2="DrugDDI.d382.s0.e1" interaction="true"/><pair id="DrugDDI.d382.s0.p1" e1="DrugDDI.d382.s0.e0" e2="DrugDDI.d382.s0.e2" interaction="true"/><pair id="DrugDDI.d382.s0.p2" e1="DrugDDI.d382.s0.e0" e2="DrugDDI.d382.s0.e3" interaction="true"/><pair id="DrugDDI.d382.s0.p3" e1="DrugDDI.d382.s0.e0" e2="DrugDDI.d382.s0.e4" interaction="true"/><pair id="DrugDDI.d382.s0.p4" e1="DrugDDI.d382.s0.e0" e2="DrugDDI.d382.s0.e5" interaction="true"/><pair id="DrugDDI.d382.s0.p5" e1="DrugDDI.d382.s0.e0" e2="DrugDDI.d382.s0.e6" interaction="true"/><pair id="DrugDDI.d382.s0.p6" e1="DrugDDI.d382.s0.e0" e2="DrugDDI.d382.s0.e7" interaction="true"/><pair id="DrugDDI.d382.s0.p7" e1="DrugDDI.d382.s0.e0" e2="DrugDDI.d382.s0.e8" interaction="true"/><pair id="DrugDDI.d382.s0.p8" e1="DrugDDI.d382.s0.e0" e2="DrugDDI.d382.s0.e9" interaction="true"/><pair id="DrugDDI.d382.s0.p9" e1="DrugDDI.d382.s0.e0" e2="DrugDDI.d382.s0.e10" interaction="true"/><pair id="DrugDDI.d382.s0.p10" e1="DrugDDI.d382.s0.e0" e2="DrugDDI.d382.s0.e11" interaction="true"/><pair id="DrugDDI.d382.s0.p11" e1="DrugDDI.d382.s0.e0" e2="DrugDDI.d382.s0.e12" interaction="true"/><pair id="DrugDDI.d382.s0.p12" e1="DrugDDI.d382.s0.e0" e2="DrugDDI.d382.s0.e13" interaction="true"/><pair id="DrugDDI.d382.s0.p13" e1="DrugDDI.d382.s0.e1" e2="DrugDDI.d382.s0.e2" interaction="false"/><pair id="DrugDDI.d382.s0.p14" e1="DrugDDI.d382.s0.e1" e2="DrugDDI.d382.s0.e3" interaction="false"/><pair id="DrugDDI.d382.s0.p15" e1="DrugDDI.d382.s0.e1" e2="DrugDDI.d382.s0.e4" interaction="false"/><pair id="DrugDDI.d382.s0.p16" e1="DrugDDI.d382.s0.e1" e2="DrugDDI.d382.s0.e5" interaction="false"/><pair id="DrugDDI.d382.s0.p17" e1="DrugDDI.d382.s0.e1" e2="DrugDDI.d382.s0.e6" interaction="false"/><pair id="DrugDDI.d382.s0.p18" e1="DrugDDI.d382.s0.e1" e2="DrugDDI.d382.s0.e7" interaction="false"/><pair id="DrugDDI.d382.s0.p19" e1="DrugDDI.d382.s0.e1" e2="DrugDDI.d382.s0.e8" interaction="false"/><pair id="DrugDDI.d382.s0.p20" e1="DrugDDI.d382.s0.e1" e2="DrugDDI.d382.s0.e9" interaction="false"/><pair id="DrugDDI.d382.s0.p21" e1="DrugDDI.d382.s0.e1" e2="DrugDDI.d382.s0.e10" interaction="false"/><pair id="DrugDDI.d382.s0.p22" e1="DrugDDI.d382.s0.e1" e2="DrugDDI.d382.s0.e11" interaction="false"/><pair id="DrugDDI.d382.s0.p23" e1="DrugDDI.d382.s0.e1" e2="DrugDDI.d382.s0.e12" interaction="false"/><pair id="DrugDDI.d382.s0.p24" e1="DrugDDI.d382.s0.e1" e2="DrugDDI.d382.s0.e13" interaction="false"/><pair id="DrugDDI.d382.s0.p25" e1="DrugDDI.d382.s0.e2" e2="DrugDDI.d382.s0.e3" interaction="false"/><pair id="DrugDDI.d382.s0.p26" e1="DrugDDI.d382.s0.e2" e2="DrugDDI.d382.s0.e4" interaction="false"/><pair id="DrugDDI.d382.s0.p27" e1="DrugDDI.d382.s0.e2" e2="DrugDDI.d382.s0.e5" interaction="false"/><pair id="DrugDDI.d382.s0.p28" e1="DrugDDI.d382.s0.e2" e2="DrugDDI.d382.s0.e6" interaction="false"/><pair id="DrugDDI.d382.s0.p29" e1="DrugDDI.d382.s0.e2" e2="DrugDDI.d382.s0.e7" interaction="false"/><pair id="DrugDDI.d382.s0.p30" e1="DrugDDI.d382.s0.e2" e2="DrugDDI.d382.s0.e8" interaction="false"/><pair id="DrugDDI.d382.s0.p31" e1="DrugDDI.d382.s0.e2" e2="DrugDDI.d382.s0.e9" interaction="false"/><pair id="DrugDDI.d382.s0.p32" e1="DrugDDI.d382.s0.e2" e2="DrugDDI.d382.s0.e10" interaction="false"/><pair id="DrugDDI.d382.s0.p33" e1="DrugDDI.d382.s0.e2" e2="DrugDDI.d382.s0.e11" interaction="false"/><pair id="DrugDDI.d382.s0.p34" e1="DrugDDI.d382.s0.e2" e2="DrugDDI.d382.s0.e12" interaction="false"/><pair id="DrugDDI.d382.s0.p35" e1="DrugDDI.d382.s0.e2" e2="DrugDDI.d382.s0.e13" interaction="false"/><pair id="DrugDDI.d382.s0.p36" e1="DrugDDI.d382.s0.e3" e2="DrugDDI.d382.s0.e4" interaction="false"/><pair id="DrugDDI.d382.s0.p37" e1="DrugDDI.d382.s0.e3" e2="DrugDDI.d382.s0.e5" interaction="false"/><pair id="DrugDDI.d382.s0.p38" e1="DrugDDI.d382.s0.e3" e2="DrugDDI.d382.s0.e6" interaction="false"/><pair id="DrugDDI.d382.s0.p39" e1="DrugDDI.d382.s0.e3" e2="DrugDDI.d382.s0.e7" interaction="false"/><pair id="DrugDDI.d382.s0.p40" e1="DrugDDI.d382.s0.e3" e2="DrugDDI.d382.s0.e8" interaction="false"/><pair id="DrugDDI.d382.s0.p41" e1="DrugDDI.d382.s0.e3" e2="DrugDDI.d382.s0.e9" interaction="false"/><pair id="DrugDDI.d382.s0.p42" e1="DrugDDI.d382.s0.e3" e2="DrugDDI.d382.s0.e10" interaction="false"/><pair id="DrugDDI.d382.s0.p43" e1="DrugDDI.d382.s0.e3" e2="DrugDDI.d382.s0.e11" interaction="false"/><pair id="DrugDDI.d382.s0.p44" e1="DrugDDI.d382.s0.e3" e2="DrugDDI.d382.s0.e12" interaction="false"/><pair id="DrugDDI.d382.s0.p45" e1="DrugDDI.d382.s0.e3" e2="DrugDDI.d382.s0.e13" interaction="false"/><pair id="DrugDDI.d382.s0.p46" e1="DrugDDI.d382.s0.e4" e2="DrugDDI.d382.s0.e5" interaction="false"/><pair id="DrugDDI.d382.s0.p47" e1="DrugDDI.d382.s0.e4" e2="DrugDDI.d382.s0.e6" interaction="false"/><pair id="DrugDDI.d382.s0.p48" e1="DrugDDI.d382.s0.e4" e2="DrugDDI.d382.s0.e7" interaction="false"/><pair id="DrugDDI.d382.s0.p49" e1="DrugDDI.d382.s0.e4" e2="DrugDDI.d382.s0.e8" interaction="false"/><pair id="DrugDDI.d382.s0.p50" e1="DrugDDI.d382.s0.e4" e2="DrugDDI.d382.s0.e9" interaction="false"/><pair id="DrugDDI.d382.s0.p51" e1="DrugDDI.d382.s0.e4" e2="DrugDDI.d382.s0.e10" interaction="false"/><pair id="DrugDDI.d382.s0.p52" e1="DrugDDI.d382.s0.e4" e2="DrugDDI.d382.s0.e11" interaction="false"/><pair id="DrugDDI.d382.s0.p53" e1="DrugDDI.d382.s0.e4" e2="DrugDDI.d382.s0.e12" interaction="false"/><pair id="DrugDDI.d382.s0.p54" e1="DrugDDI.d382.s0.e4" e2="DrugDDI.d382.s0.e13" interaction="false"/><pair id="DrugDDI.d382.s0.p55" e1="DrugDDI.d382.s0.e5" e2="DrugDDI.d382.s0.e6" interaction="false"/><pair id="DrugDDI.d382.s0.p56" e1="DrugDDI.d382.s0.e5" e2="DrugDDI.d382.s0.e7" interaction="false"/><pair id="DrugDDI.d382.s0.p57" e1="DrugDDI.d382.s0.e5" e2="DrugDDI.d382.s0.e8" interaction="false"/><pair id="DrugDDI.d382.s0.p58" e1="DrugDDI.d382.s0.e5" e2="DrugDDI.d382.s0.e9" interaction="false"/><pair id="DrugDDI.d382.s0.p59" e1="DrugDDI.d382.s0.e5" e2="DrugDDI.d382.s0.e10" interaction="false"/><pair id="DrugDDI.d382.s0.p60" e1="DrugDDI.d382.s0.e5" e2="DrugDDI.d382.s0.e11" interaction="false"/><pair id="DrugDDI.d382.s0.p61" e1="DrugDDI.d382.s0.e5" e2="DrugDDI.d382.s0.e12" interaction="false"/><pair id="DrugDDI.d382.s0.p62" e1="DrugDDI.d382.s0.e5" e2="DrugDDI.d382.s0.e13" interaction="false"/><pair id="DrugDDI.d382.s0.p63" e1="DrugDDI.d382.s0.e6" e2="DrugDDI.d382.s0.e7" interaction="false"/><pair id="DrugDDI.d382.s0.p64" e1="DrugDDI.d382.s0.e6" e2="DrugDDI.d382.s0.e8" interaction="false"/><pair id="DrugDDI.d382.s0.p65" e1="DrugDDI.d382.s0.e6" e2="DrugDDI.d382.s0.e9" interaction="false"/><pair id="DrugDDI.d382.s0.p66" e1="DrugDDI.d382.s0.e6" e2="DrugDDI.d382.s0.e10" interaction="false"/><pair id="DrugDDI.d382.s0.p67" e1="DrugDDI.d382.s0.e6" e2="DrugDDI.d382.s0.e11" interaction="false"/><pair id="DrugDDI.d382.s0.p68" e1="DrugDDI.d382.s0.e6" e2="DrugDDI.d382.s0.e12" interaction="false"/><pair id="DrugDDI.d382.s0.p69" e1="DrugDDI.d382.s0.e6" e2="DrugDDI.d382.s0.e13" interaction="false"/><pair id="DrugDDI.d382.s0.p70" e1="DrugDDI.d382.s0.e7" e2="DrugDDI.d382.s0.e8" interaction="false"/><pair id="DrugDDI.d382.s0.p71" e1="DrugDDI.d382.s0.e7" e2="DrugDDI.d382.s0.e9" interaction="false"/><pair id="DrugDDI.d382.s0.p72" e1="DrugDDI.d382.s0.e7" e2="DrugDDI.d382.s0.e10" interaction="false"/><pair id="DrugDDI.d382.s0.p73" e1="DrugDDI.d382.s0.e7" e2="DrugDDI.d382.s0.e11" interaction="false"/><pair id="DrugDDI.d382.s0.p74" e1="DrugDDI.d382.s0.e7" e2="DrugDDI.d382.s0.e12" interaction="false"/><pair id="DrugDDI.d382.s0.p75" e1="DrugDDI.d382.s0.e7" e2="DrugDDI.d382.s0.e13" interaction="false"/><pair id="DrugDDI.d382.s0.p76" e1="DrugDDI.d382.s0.e8" e2="DrugDDI.d382.s0.e9" interaction="false"/><pair id="DrugDDI.d382.s0.p77" e1="DrugDDI.d382.s0.e8" e2="DrugDDI.d382.s0.e10" interaction="false"/><pair id="DrugDDI.d382.s0.p78" e1="DrugDDI.d382.s0.e8" e2="DrugDDI.d382.s0.e11" interaction="false"/><pair id="DrugDDI.d382.s0.p79" e1="DrugDDI.d382.s0.e8" e2="DrugDDI.d382.s0.e12" interaction="false"/><pair id="DrugDDI.d382.s0.p80" e1="DrugDDI.d382.s0.e8" e2="DrugDDI.d382.s0.e13" interaction="false"/><pair id="DrugDDI.d382.s0.p81" e1="DrugDDI.d382.s0.e9" e2="DrugDDI.d382.s0.e10" interaction="false"/><pair id="DrugDDI.d382.s0.p82" e1="DrugDDI.d382.s0.e9" e2="DrugDDI.d382.s0.e11" interaction="false"/><pair id="DrugDDI.d382.s0.p83" e1="DrugDDI.d382.s0.e9" e2="DrugDDI.d382.s0.e12" interaction="false"/><pair id="DrugDDI.d382.s0.p84" e1="DrugDDI.d382.s0.e9" e2="DrugDDI.d382.s0.e13" interaction="false"/><pair id="DrugDDI.d382.s0.p85" e1="DrugDDI.d382.s0.e10" e2="DrugDDI.d382.s0.e11" interaction="false"/><pair id="DrugDDI.d382.s0.p86" e1="DrugDDI.d382.s0.e10" e2="DrugDDI.d382.s0.e12" interaction="false"/><pair id="DrugDDI.d382.s0.p87" e1="DrugDDI.d382.s0.e10" e2="DrugDDI.d382.s0.e13" interaction="false"/><pair id="DrugDDI.d382.s0.p88" e1="DrugDDI.d382.s0.e11" e2="DrugDDI.d382.s0.e12" interaction="false"/><pair id="DrugDDI.d382.s0.p89" e1="DrugDDI.d382.s0.e11" e2="DrugDDI.d382.s0.e13" interaction="false"/><pair id="DrugDDI.d382.s0.p90" e1="DrugDDI.d382.s0.e12" e2="DrugDDI.d382.s0.e13" interaction="false"/></sentence></document>