<?xml version="1.0" encoding="UTF-8"?>
<document id="DrugDDI.d67" origId="Chlorpheniramine"><sentence id="DrugDDI.d67.s0" origId="s0" text="Substrate of CYP2D6 (minor), 3A4 (major);"><entity id="DrugDDI.d67.s0.e0" origId="s0.p1" charOffset="13-19" type="drug" text="CYP2D6"/></sentence><sentence id="DrugDDI.d67.s1" origId="s1" text="Inhibits CYP2D6 (weak)."><entity id="DrugDDI.d67.s1.e0" origId="s1.p12" charOffset="9-15" type="drug" text="CYP2D6"/></sentence><sentence id="DrugDDI.d67.s2" origId="s2" text="Increased toxicity (CNS depression): CNS depressants, MAO inhibitors, tricyclic antidepressants, phenothiazines."><entity id="DrugDDI.d67.s2.e0" origId="s2.p21" charOffset="37-52" type="drug" text="CNS depressants"/><entity id="DrugDDI.d67.s2.e1" origId="s2.p22" charOffset="54-68" type="drug" text="MAO inhibitors"/><entity id="DrugDDI.d67.s2.e2" origId="s2.p23" charOffset="70-95" type="drug" text="tricyclic antidepressants"/><entity id="DrugDDI.d67.s2.e3" origId="s2.p24" charOffset="97-111" type="drug" text="phenothiazines"/><pair id="DrugDDI.d67.s2.p0" e1="DrugDDI.d67.s2.e0" e2="DrugDDI.d67.s2.e1" interaction="false"/><pair id="DrugDDI.d67.s2.p1" e1="DrugDDI.d67.s2.e0" e2="DrugDDI.d67.s2.e2" interaction="false"/><pair id="DrugDDI.d67.s2.p2" e1="DrugDDI.d67.s2.e0" e2="DrugDDI.d67.s2.e3" interaction="false"/><pair id="DrugDDI.d67.s2.p3" e1="DrugDDI.d67.s2.e1" e2="DrugDDI.d67.s2.e2" interaction="false"/><pair id="DrugDDI.d67.s2.p4" e1="DrugDDI.d67.s2.e1" e2="DrugDDI.d67.s2.e3" interaction="false"/><pair id="DrugDDI.d67.s2.p5" e1="DrugDDI.d67.s2.e2" e2="DrugDDI.d67.s2.e3" interaction="false"/></sentence><sentence id="DrugDDI.d67.s3" origId="s3" text="CYP3A4 inhibitors: May increase the levels/effects of chlorpheniramine."><entity id="DrugDDI.d67.s3.e0" origId="s3.p25" charOffset="0-6" type="drug" text="CYP3A4"/><entity id="DrugDDI.d67.s3.e1" origId="s3.p31" charOffset="54-70" type="drug" text="chlorpheniramine"/><pair id="DrugDDI.d67.s3.p0" e1="DrugDDI.d67.s3.e0" e2="DrugDDI.d67.s3.e1" interaction="false"/></sentence><sentence id="DrugDDI.d67.s4" origId="s4" text="Example inhibitors include azole antifungals, ciprofloxacin, clarithromycin, diclofenac, doxycycline, erythromycin, imatinib, isoniazid, nefazodone, nicardipine, propofol, protease inhibitors, quinidine, and verapamil."><entity id="DrugDDI.d67.s4.e0" origId="s4.p34" charOffset="27-44" type="drug" text="azole antifungals"/><entity id="DrugDDI.d67.s4.e1" origId="s4.p35" charOffset="46-59" type="drug" text="ciprofloxacin"/><entity id="DrugDDI.d67.s4.e2" origId="s4.p36" charOffset="61-75" type="drug" text="clarithromycin"/><entity id="DrugDDI.d67.s4.e3" origId="s4.p37" charOffset="77-87" type="drug" text="diclofenac"/><entity id="DrugDDI.d67.s4.e4" origId="s4.p38" charOffset="89-100" type="drug" text="doxycycline"/><entity id="DrugDDI.d67.s4.e5" origId="s4.p39" charOffset="102-114" type="drug" text="erythromycin"/><entity id="DrugDDI.d67.s4.e6" origId="s4.p40" charOffset="116-124" type="drug" text="imatinib"/><entity id="DrugDDI.d67.s4.e7" origId="s4.p41" charOffset="126-135" type="drug" text="isoniazid"/><entity id="DrugDDI.d67.s4.e8" origId="s4.p42" charOffset="137-147" type="drug" text="nefazodone"/><entity id="DrugDDI.d67.s4.e9" origId="s4.p43" charOffset="149-160" type="drug" text="nicardipine"/><entity id="DrugDDI.d67.s4.e10" origId="s4.p44" charOffset="162-170" type="drug" text="propofol"/><entity id="DrugDDI.d67.s4.e11" origId="s4.p45" charOffset="172-191" type="drug" text="protease inhibitors"/><entity id="DrugDDI.d67.s4.e12" origId="s4.p46" charOffset="193-202" type="drug" text="quinidine"/><entity id="DrugDDI.d67.s4.e13" origId="s4.p48" charOffset="208-217" type="drug" text="verapamil"/><pair id="DrugDDI.d67.s4.p0" e1="DrugDDI.d67.s4.e0" e2="DrugDDI.d67.s4.e1" interaction="false"/><pair id="DrugDDI.d67.s4.p1" e1="DrugDDI.d67.s4.e0" e2="DrugDDI.d67.s4.e2" interaction="false"/><pair id="DrugDDI.d67.s4.p2" e1="DrugDDI.d67.s4.e0" e2="DrugDDI.d67.s4.e3" interaction="false"/><pair id="DrugDDI.d67.s4.p3" e1="DrugDDI.d67.s4.e0" e2="DrugDDI.d67.s4.e4" interaction="false"/><pair id="DrugDDI.d67.s4.p4" e1="DrugDDI.d67.s4.e0" e2="DrugDDI.d67.s4.e5" interaction="false"/><pair id="DrugDDI.d67.s4.p5" e1="DrugDDI.d67.s4.e0" e2="DrugDDI.d67.s4.e6" interaction="false"/><pair id="DrugDDI.d67.s4.p6" e1="DrugDDI.d67.s4.e0" e2="DrugDDI.d67.s4.e7" interaction="false"/><pair id="DrugDDI.d67.s4.p7" e1="DrugDDI.d67.s4.e0" e2="DrugDDI.d67.s4.e8" interaction="false"/><pair id="DrugDDI.d67.s4.p8" e1="DrugDDI.d67.s4.e0" e2="DrugDDI.d67.s4.e9" interaction="false"/><pair id="DrugDDI.d67.s4.p9" e1="DrugDDI.d67.s4.e0" e2="DrugDDI.d67.s4.e10" interaction="false"/><pair id="DrugDDI.d67.s4.p10" e1="DrugDDI.d67.s4.e0" e2="DrugDDI.d67.s4.e11" interaction="false"/><pair id="DrugDDI.d67.s4.p11" e1="DrugDDI.d67.s4.e0" e2="DrugDDI.d67.s4.e12" interaction="false"/><pair id="DrugDDI.d67.s4.p12" e1="DrugDDI.d67.s4.e0" e2="DrugDDI.d67.s4.e13" interaction="false"/><pair id="DrugDDI.d67.s4.p13" e1="DrugDDI.d67.s4.e1" e2="DrugDDI.d67.s4.e2" interaction="false"/><pair id="DrugDDI.d67.s4.p14" e1="DrugDDI.d67.s4.e1" e2="DrugDDI.d67.s4.e3" interaction="false"/><pair id="DrugDDI.d67.s4.p15" e1="DrugDDI.d67.s4.e1" e2="DrugDDI.d67.s4.e4" interaction="false"/><pair id="DrugDDI.d67.s4.p16" e1="DrugDDI.d67.s4.e1" e2="DrugDDI.d67.s4.e5" interaction="false"/><pair id="DrugDDI.d67.s4.p17" e1="DrugDDI.d67.s4.e1" e2="DrugDDI.d67.s4.e6" interaction="false"/><pair id="DrugDDI.d67.s4.p18" e1="DrugDDI.d67.s4.e1" e2="DrugDDI.d67.s4.e7" interaction="false"/><pair id="DrugDDI.d67.s4.p19" e1="DrugDDI.d67.s4.e1" e2="DrugDDI.d67.s4.e8" interaction="false"/><pair id="DrugDDI.d67.s4.p20" e1="DrugDDI.d67.s4.e1" e2="DrugDDI.d67.s4.e9" interaction="false"/><pair id="DrugDDI.d67.s4.p21" e1="DrugDDI.d67.s4.e1" e2="DrugDDI.d67.s4.e10" interaction="false"/><pair id="DrugDDI.d67.s4.p22" e1="DrugDDI.d67.s4.e1" e2="DrugDDI.d67.s4.e11" interaction="false"/><pair id="DrugDDI.d67.s4.p23" e1="DrugDDI.d67.s4.e1" e2="DrugDDI.d67.s4.e12" interaction="false"/><pair id="DrugDDI.d67.s4.p24" e1="DrugDDI.d67.s4.e1" e2="DrugDDI.d67.s4.e13" interaction="false"/><pair id="DrugDDI.d67.s4.p25" e1="DrugDDI.d67.s4.e2" e2="DrugDDI.d67.s4.e3" interaction="false"/><pair id="DrugDDI.d67.s4.p26" e1="DrugDDI.d67.s4.e2" e2="DrugDDI.d67.s4.e4" interaction="false"/><pair id="DrugDDI.d67.s4.p27" e1="DrugDDI.d67.s4.e2" e2="DrugDDI.d67.s4.e5" interaction="false"/><pair id="DrugDDI.d67.s4.p28" e1="DrugDDI.d67.s4.e2" e2="DrugDDI.d67.s4.e6" interaction="false"/><pair id="DrugDDI.d67.s4.p29" e1="DrugDDI.d67.s4.e2" e2="DrugDDI.d67.s4.e7" interaction="false"/><pair id="DrugDDI.d67.s4.p30" e1="DrugDDI.d67.s4.e2" e2="DrugDDI.d67.s4.e8" interaction="false"/><pair id="DrugDDI.d67.s4.p31" e1="DrugDDI.d67.s4.e2" e2="DrugDDI.d67.s4.e9" interaction="false"/><pair id="DrugDDI.d67.s4.p32" e1="DrugDDI.d67.s4.e2" e2="DrugDDI.d67.s4.e10" interaction="false"/><pair id="DrugDDI.d67.s4.p33" e1="DrugDDI.d67.s4.e2" e2="DrugDDI.d67.s4.e11" interaction="false"/><pair id="DrugDDI.d67.s4.p34" e1="DrugDDI.d67.s4.e2" e2="DrugDDI.d67.s4.e12" interaction="false"/><pair id="DrugDDI.d67.s4.p35" e1="DrugDDI.d67.s4.e2" e2="DrugDDI.d67.s4.e13" interaction="false"/><pair id="DrugDDI.d67.s4.p36" e1="DrugDDI.d67.s4.e3" e2="DrugDDI.d67.s4.e4" interaction="false"/><pair id="DrugDDI.d67.s4.p37" e1="DrugDDI.d67.s4.e3" e2="DrugDDI.d67.s4.e5" interaction="false"/><pair id="DrugDDI.d67.s4.p38" e1="DrugDDI.d67.s4.e3" e2="DrugDDI.d67.s4.e6" interaction="false"/><pair id="DrugDDI.d67.s4.p39" e1="DrugDDI.d67.s4.e3" e2="DrugDDI.d67.s4.e7" interaction="false"/><pair id="DrugDDI.d67.s4.p40" e1="DrugDDI.d67.s4.e3" e2="DrugDDI.d67.s4.e8" interaction="false"/><pair id="DrugDDI.d67.s4.p41" e1="DrugDDI.d67.s4.e3" e2="DrugDDI.d67.s4.e9" interaction="false"/><pair id="DrugDDI.d67.s4.p42" e1="DrugDDI.d67.s4.e3" e2="DrugDDI.d67.s4.e10" interaction="false"/><pair id="DrugDDI.d67.s4.p43" e1="DrugDDI.d67.s4.e3" e2="DrugDDI.d67.s4.e11" interaction="false"/><pair id="DrugDDI.d67.s4.p44" e1="DrugDDI.d67.s4.e3" e2="DrugDDI.d67.s4.e12" interaction="false"/><pair id="DrugDDI.d67.s4.p45" e1="DrugDDI.d67.s4.e3" e2="DrugDDI.d67.s4.e13" interaction="false"/><pair id="DrugDDI.d67.s4.p46" e1="DrugDDI.d67.s4.e4" e2="DrugDDI.d67.s4.e5" interaction="false"/><pair id="DrugDDI.d67.s4.p47" e1="DrugDDI.d67.s4.e4" e2="DrugDDI.d67.s4.e6" interaction="false"/><pair id="DrugDDI.d67.s4.p48" e1="DrugDDI.d67.s4.e4" e2="DrugDDI.d67.s4.e7" interaction="false"/><pair id="DrugDDI.d67.s4.p49" e1="DrugDDI.d67.s4.e4" e2="DrugDDI.d67.s4.e8" interaction="false"/><pair id="DrugDDI.d67.s4.p50" e1="DrugDDI.d67.s4.e4" e2="DrugDDI.d67.s4.e9" interaction="false"/><pair id="DrugDDI.d67.s4.p51" e1="DrugDDI.d67.s4.e4" e2="DrugDDI.d67.s4.e10" interaction="false"/><pair id="DrugDDI.d67.s4.p52" e1="DrugDDI.d67.s4.e4" e2="DrugDDI.d67.s4.e11" interaction="false"/><pair id="DrugDDI.d67.s4.p53" e1="DrugDDI.d67.s4.e4" e2="DrugDDI.d67.s4.e12" interaction="false"/><pair id="DrugDDI.d67.s4.p54" e1="DrugDDI.d67.s4.e4" e2="DrugDDI.d67.s4.e13" interaction="false"/><pair id="DrugDDI.d67.s4.p55" e1="DrugDDI.d67.s4.e5" e2="DrugDDI.d67.s4.e6" interaction="false"/><pair id="DrugDDI.d67.s4.p56" e1="DrugDDI.d67.s4.e5" e2="DrugDDI.d67.s4.e7" interaction="false"/><pair id="DrugDDI.d67.s4.p57" e1="DrugDDI.d67.s4.e5" e2="DrugDDI.d67.s4.e8" interaction="false"/><pair id="DrugDDI.d67.s4.p58" e1="DrugDDI.d67.s4.e5" e2="DrugDDI.d67.s4.e9" interaction="false"/><pair id="DrugDDI.d67.s4.p59" e1="DrugDDI.d67.s4.e5" e2="DrugDDI.d67.s4.e10" interaction="false"/><pair id="DrugDDI.d67.s4.p60" e1="DrugDDI.d67.s4.e5" e2="DrugDDI.d67.s4.e11" interaction="false"/><pair id="DrugDDI.d67.s4.p61" e1="DrugDDI.d67.s4.e5" e2="DrugDDI.d67.s4.e12" interaction="false"/><pair id="DrugDDI.d67.s4.p62" e1="DrugDDI.d67.s4.e5" e2="DrugDDI.d67.s4.e13" interaction="false"/><pair id="DrugDDI.d67.s4.p63" e1="DrugDDI.d67.s4.e6" e2="DrugDDI.d67.s4.e7" interaction="false"/><pair id="DrugDDI.d67.s4.p64" e1="DrugDDI.d67.s4.e6" e2="DrugDDI.d67.s4.e8" interaction="false"/><pair id="DrugDDI.d67.s4.p65" e1="DrugDDI.d67.s4.e6" e2="DrugDDI.d67.s4.e9" interaction="false"/><pair id="DrugDDI.d67.s4.p66" e1="DrugDDI.d67.s4.e6" e2="DrugDDI.d67.s4.e10" interaction="false"/><pair id="DrugDDI.d67.s4.p67" e1="DrugDDI.d67.s4.e6" e2="DrugDDI.d67.s4.e11" interaction="false"/><pair id="DrugDDI.d67.s4.p68" e1="DrugDDI.d67.s4.e6" e2="DrugDDI.d67.s4.e12" interaction="false"/><pair id="DrugDDI.d67.s4.p69" e1="DrugDDI.d67.s4.e6" e2="DrugDDI.d67.s4.e13" interaction="false"/><pair id="DrugDDI.d67.s4.p70" e1="DrugDDI.d67.s4.e7" e2="DrugDDI.d67.s4.e8" interaction="false"/><pair id="DrugDDI.d67.s4.p71" e1="DrugDDI.d67.s4.e7" e2="DrugDDI.d67.s4.e9" interaction="false"/><pair id="DrugDDI.d67.s4.p72" e1="DrugDDI.d67.s4.e7" e2="DrugDDI.d67.s4.e10" interaction="false"/><pair id="DrugDDI.d67.s4.p73" e1="DrugDDI.d67.s4.e7" e2="DrugDDI.d67.s4.e11" interaction="false"/><pair id="DrugDDI.d67.s4.p74" e1="DrugDDI.d67.s4.e7" e2="DrugDDI.d67.s4.e12" interaction="false"/><pair id="DrugDDI.d67.s4.p75" e1="DrugDDI.d67.s4.e7" e2="DrugDDI.d67.s4.e13" interaction="false"/><pair id="DrugDDI.d67.s4.p76" e1="DrugDDI.d67.s4.e8" e2="DrugDDI.d67.s4.e9" interaction="false"/><pair id="DrugDDI.d67.s4.p77" e1="DrugDDI.d67.s4.e8" e2="DrugDDI.d67.s4.e10" interaction="false"/><pair id="DrugDDI.d67.s4.p78" e1="DrugDDI.d67.s4.e8" e2="DrugDDI.d67.s4.e11" interaction="false"/><pair id="DrugDDI.d67.s4.p79" e1="DrugDDI.d67.s4.e8" e2="DrugDDI.d67.s4.e12" interaction="false"/><pair id="DrugDDI.d67.s4.p80" e1="DrugDDI.d67.s4.e8" e2="DrugDDI.d67.s4.e13" interaction="false"/><pair id="DrugDDI.d67.s4.p81" e1="DrugDDI.d67.s4.e9" e2="DrugDDI.d67.s4.e10" interaction="false"/><pair id="DrugDDI.d67.s4.p82" e1="DrugDDI.d67.s4.e9" e2="DrugDDI.d67.s4.e11" interaction="false"/><pair id="DrugDDI.d67.s4.p83" e1="DrugDDI.d67.s4.e9" e2="DrugDDI.d67.s4.e12" interaction="false"/><pair id="DrugDDI.d67.s4.p84" e1="DrugDDI.d67.s4.e9" e2="DrugDDI.d67.s4.e13" interaction="false"/><pair id="DrugDDI.d67.s4.p85" e1="DrugDDI.d67.s4.e10" e2="DrugDDI.d67.s4.e11" interaction="false"/><pair id="DrugDDI.d67.s4.p86" e1="DrugDDI.d67.s4.e10" e2="DrugDDI.d67.s4.e12" interaction="false"/><pair id="DrugDDI.d67.s4.p87" e1="DrugDDI.d67.s4.e10" e2="DrugDDI.d67.s4.e13" interaction="false"/><pair id="DrugDDI.d67.s4.p88" e1="DrugDDI.d67.s4.e11" e2="DrugDDI.d67.s4.e12" interaction="false"/><pair id="DrugDDI.d67.s4.p89" e1="DrugDDI.d67.s4.e11" e2="DrugDDI.d67.s4.e13" interaction="false"/><pair id="DrugDDI.d67.s4.p90" e1="DrugDDI.d67.s4.e12" e2="DrugDDI.d67.s4.e13" interaction="false"/></sentence></document>