<?xml version="1.0" encoding="UTF-8"?>
<document id="DrugDDI.d155" origId="Cholestyramine"><sentence id="DrugDDI.d155.s0" origId="s0" text="Cholestyramine resin may delay or reduce the absorption of concomitant oral medication such as phenylbutazone, warfarin, thiazide diuretics (acidic) or propranolol (basic), as well as tetracycline penicillin G, phenobarbital, thyroid and thyroxine preparations, estrogens and progestins, and digitalis."><entity id="DrugDDI.d155.s0.e0" origId="s0.p0" charOffset="0-14" type="drug" text="Cholestyramine"/><entity id="DrugDDI.d155.s0.e1" origId="s0.p1" charOffset="15-20" type="drug" text="resin"/><entity id="DrugDDI.d155.s0.e2" origId="s0.p8" charOffset="95-109" type="drug" text="phenylbutazone"/><entity id="DrugDDI.d155.s0.e3" origId="s0.p9" charOffset="111-119" type="drug" text="warfarin"/><entity id="DrugDDI.d155.s0.e4" origId="s0.p10" charOffset="121-139" type="drug" text="thiazide diuretics"/><entity id="DrugDDI.d155.s0.e5" origId="s0.p15" charOffset="152-163" type="drug" text="propranolol"/><entity id="DrugDDI.d155.s0.e6" origId="s0.p21" charOffset="184-196" type="drug" text="tetracycline"/><entity id="DrugDDI.d155.s0.e7" origId="s0.p22" charOffset="211-224" type="drug" text="phenobarbital"/><entity id="DrugDDI.d155.s0.e8" origId="s0.p23" charOffset="226-233" type="drug" text="thyroid"/><entity id="DrugDDI.d155.s0.e9" origId="s0.p25" charOffset="238-259" type="drug" text="thyroxine preparation"/><entity id="DrugDDI.d155.s0.e10" origId="s0.p26" charOffset="262-271" type="drug" text="estrogens"/><entity id="DrugDDI.d155.s0.e11" origId="s0.p28" charOffset="276-286" type="drug" text="progestins"/><entity id="DrugDDI.d155.s0.e12" origId="s0.p30" charOffset="292-301" type="drug" text="digitalis"/><pair id="DrugDDI.d155.s0.p0" e1="DrugDDI.d155.s0.e0" e2="DrugDDI.d155.s0.e1" interaction="false"/><pair id="DrugDDI.d155.s0.p1" e1="DrugDDI.d155.s0.e0" e2="DrugDDI.d155.s0.e2" interaction="true"/><pair id="DrugDDI.d155.s0.p2" e1="DrugDDI.d155.s0.e0" e2="DrugDDI.d155.s0.e3" interaction="true"/><pair id="DrugDDI.d155.s0.p3" e1="DrugDDI.d155.s0.e0" e2="DrugDDI.d155.s0.e4" interaction="true"/><pair id="DrugDDI.d155.s0.p4" e1="DrugDDI.d155.s0.e0" e2="DrugDDI.d155.s0.e5" interaction="true"/><pair id="DrugDDI.d155.s0.p5" e1="DrugDDI.d155.s0.e0" e2="DrugDDI.d155.s0.e6" interaction="true"/><pair id="DrugDDI.d155.s0.p6" e1="DrugDDI.d155.s0.e0" e2="DrugDDI.d155.s0.e7" interaction="true"/><pair id="DrugDDI.d155.s0.p7" e1="DrugDDI.d155.s0.e0" e2="DrugDDI.d155.s0.e8" interaction="true"/><pair id="DrugDDI.d155.s0.p8" e1="DrugDDI.d155.s0.e0" e2="DrugDDI.d155.s0.e9" interaction="true"/><pair id="DrugDDI.d155.s0.p9" e1="DrugDDI.d155.s0.e0" e2="DrugDDI.d155.s0.e10" interaction="true"/><pair id="DrugDDI.d155.s0.p10" e1="DrugDDI.d155.s0.e0" e2="DrugDDI.d155.s0.e11" interaction="true"/><pair id="DrugDDI.d155.s0.p11" e1="DrugDDI.d155.s0.e0" e2="DrugDDI.d155.s0.e12" interaction="true"/><pair id="DrugDDI.d155.s0.p12" e1="DrugDDI.d155.s0.e1" e2="DrugDDI.d155.s0.e2" interaction="false"/><pair id="DrugDDI.d155.s0.p13" e1="DrugDDI.d155.s0.e1" e2="DrugDDI.d155.s0.e3" interaction="false"/><pair id="DrugDDI.d155.s0.p14" e1="DrugDDI.d155.s0.e1" e2="DrugDDI.d155.s0.e4" interaction="false"/><pair id="DrugDDI.d155.s0.p15" e1="DrugDDI.d155.s0.e1" e2="DrugDDI.d155.s0.e5" interaction="false"/><pair id="DrugDDI.d155.s0.p16" e1="DrugDDI.d155.s0.e1" e2="DrugDDI.d155.s0.e6" interaction="false"/><pair id="DrugDDI.d155.s0.p17" e1="DrugDDI.d155.s0.e1" e2="DrugDDI.d155.s0.e7" interaction="false"/><pair id="DrugDDI.d155.s0.p18" e1="DrugDDI.d155.s0.e1" e2="DrugDDI.d155.s0.e8" interaction="false"/><pair id="DrugDDI.d155.s0.p19" e1="DrugDDI.d155.s0.e1" e2="DrugDDI.d155.s0.e9" interaction="false"/><pair id="DrugDDI.d155.s0.p20" e1="DrugDDI.d155.s0.e1" e2="DrugDDI.d155.s0.e10" interaction="false"/><pair id="DrugDDI.d155.s0.p21" e1="DrugDDI.d155.s0.e1" e2="DrugDDI.d155.s0.e11" interaction="false"/><pair id="DrugDDI.d155.s0.p22" e1="DrugDDI.d155.s0.e1" e2="DrugDDI.d155.s0.e12" interaction="false"/><pair id="DrugDDI.d155.s0.p23" e1="DrugDDI.d155.s0.e2" e2="DrugDDI.d155.s0.e3" interaction="false"/><pair id="DrugDDI.d155.s0.p24" e1="DrugDDI.d155.s0.e2" e2="DrugDDI.d155.s0.e4" interaction="false"/><pair id="DrugDDI.d155.s0.p25" e1="DrugDDI.d155.s0.e2" e2="DrugDDI.d155.s0.e5" interaction="false"/><pair id="DrugDDI.d155.s0.p26" e1="DrugDDI.d155.s0.e2" e2="DrugDDI.d155.s0.e6" interaction="false"/><pair id="DrugDDI.d155.s0.p27" e1="DrugDDI.d155.s0.e2" e2="DrugDDI.d155.s0.e7" interaction="false"/><pair id="DrugDDI.d155.s0.p28" e1="DrugDDI.d155.s0.e2" e2="DrugDDI.d155.s0.e8" interaction="false"/><pair id="DrugDDI.d155.s0.p29" e1="DrugDDI.d155.s0.e2" e2="DrugDDI.d155.s0.e9" interaction="false"/><pair id="DrugDDI.d155.s0.p30" e1="DrugDDI.d155.s0.e2" e2="DrugDDI.d155.s0.e10" interaction="false"/><pair id="DrugDDI.d155.s0.p31" e1="DrugDDI.d155.s0.e2" e2="DrugDDI.d155.s0.e11" interaction="false"/><pair id="DrugDDI.d155.s0.p32" e1="DrugDDI.d155.s0.e2" e2="DrugDDI.d155.s0.e12" interaction="false"/><pair id="DrugDDI.d155.s0.p33" e1="DrugDDI.d155.s0.e3" e2="DrugDDI.d155.s0.e4" interaction="false"/><pair id="DrugDDI.d155.s0.p34" e1="DrugDDI.d155.s0.e3" e2="DrugDDI.d155.s0.e5" interaction="false"/><pair id="DrugDDI.d155.s0.p35" e1="DrugDDI.d155.s0.e3" e2="DrugDDI.d155.s0.e6" interaction="false"/><pair id="DrugDDI.d155.s0.p36" e1="DrugDDI.d155.s0.e3" e2="DrugDDI.d155.s0.e7" interaction="false"/><pair id="DrugDDI.d155.s0.p37" e1="DrugDDI.d155.s0.e3" e2="DrugDDI.d155.s0.e8" interaction="false"/><pair id="DrugDDI.d155.s0.p38" e1="DrugDDI.d155.s0.e3" e2="DrugDDI.d155.s0.e9" interaction="false"/><pair id="DrugDDI.d155.s0.p39" e1="DrugDDI.d155.s0.e3" e2="DrugDDI.d155.s0.e10" interaction="false"/><pair id="DrugDDI.d155.s0.p40" e1="DrugDDI.d155.s0.e3" e2="DrugDDI.d155.s0.e11" interaction="false"/><pair id="DrugDDI.d155.s0.p41" e1="DrugDDI.d155.s0.e3" e2="DrugDDI.d155.s0.e12" interaction="false"/><pair id="DrugDDI.d155.s0.p42" e1="DrugDDI.d155.s0.e4" e2="DrugDDI.d155.s0.e5" interaction="false"/><pair id="DrugDDI.d155.s0.p43" e1="DrugDDI.d155.s0.e4" e2="DrugDDI.d155.s0.e6" interaction="false"/><pair id="DrugDDI.d155.s0.p44" e1="DrugDDI.d155.s0.e4" e2="DrugDDI.d155.s0.e7" interaction="false"/><pair id="DrugDDI.d155.s0.p45" e1="DrugDDI.d155.s0.e4" e2="DrugDDI.d155.s0.e8" interaction="false"/><pair id="DrugDDI.d155.s0.p46" e1="DrugDDI.d155.s0.e4" e2="DrugDDI.d155.s0.e9" interaction="false"/><pair id="DrugDDI.d155.s0.p47" e1="DrugDDI.d155.s0.e4" e2="DrugDDI.d155.s0.e10" interaction="false"/><pair id="DrugDDI.d155.s0.p48" e1="DrugDDI.d155.s0.e4" e2="DrugDDI.d155.s0.e11" interaction="false"/><pair id="DrugDDI.d155.s0.p49" e1="DrugDDI.d155.s0.e4" e2="DrugDDI.d155.s0.e12" interaction="false"/><pair id="DrugDDI.d155.s0.p50" e1="DrugDDI.d155.s0.e5" e2="DrugDDI.d155.s0.e6" interaction="false"/><pair id="DrugDDI.d155.s0.p51" e1="DrugDDI.d155.s0.e5" e2="DrugDDI.d155.s0.e7" interaction="false"/><pair id="DrugDDI.d155.s0.p52" e1="DrugDDI.d155.s0.e5" e2="DrugDDI.d155.s0.e8" interaction="false"/><pair id="DrugDDI.d155.s0.p53" e1="DrugDDI.d155.s0.e5" e2="DrugDDI.d155.s0.e9" interaction="false"/><pair id="DrugDDI.d155.s0.p54" e1="DrugDDI.d155.s0.e5" e2="DrugDDI.d155.s0.e10" interaction="false"/><pair id="DrugDDI.d155.s0.p55" e1="DrugDDI.d155.s0.e5" e2="DrugDDI.d155.s0.e11" interaction="false"/><pair id="DrugDDI.d155.s0.p56" e1="DrugDDI.d155.s0.e5" e2="DrugDDI.d155.s0.e12" interaction="false"/><pair id="DrugDDI.d155.s0.p57" e1="DrugDDI.d155.s0.e6" e2="DrugDDI.d155.s0.e7" interaction="false"/><pair id="DrugDDI.d155.s0.p58" e1="DrugDDI.d155.s0.e6" e2="DrugDDI.d155.s0.e8" interaction="false"/><pair id="DrugDDI.d155.s0.p59" e1="DrugDDI.d155.s0.e6" e2="DrugDDI.d155.s0.e9" interaction="false"/><pair id="DrugDDI.d155.s0.p60" e1="DrugDDI.d155.s0.e6" e2="DrugDDI.d155.s0.e10" interaction="false"/><pair id="DrugDDI.d155.s0.p61" e1="DrugDDI.d155.s0.e6" e2="DrugDDI.d155.s0.e11" interaction="false"/><pair id="DrugDDI.d155.s0.p62" e1="DrugDDI.d155.s0.e6" e2="DrugDDI.d155.s0.e12" interaction="false"/><pair id="DrugDDI.d155.s0.p63" e1="DrugDDI.d155.s0.e7" e2="DrugDDI.d155.s0.e8" interaction="false"/><pair id="DrugDDI.d155.s0.p64" e1="DrugDDI.d155.s0.e7" e2="DrugDDI.d155.s0.e9" interaction="false"/><pair id="DrugDDI.d155.s0.p65" e1="DrugDDI.d155.s0.e7" e2="DrugDDI.d155.s0.e10" interaction="false"/><pair id="DrugDDI.d155.s0.p66" e1="DrugDDI.d155.s0.e7" e2="DrugDDI.d155.s0.e11" interaction="false"/><pair id="DrugDDI.d155.s0.p67" e1="DrugDDI.d155.s0.e7" e2="DrugDDI.d155.s0.e12" interaction="false"/><pair id="DrugDDI.d155.s0.p68" e1="DrugDDI.d155.s0.e8" e2="DrugDDI.d155.s0.e9" interaction="false"/><pair id="DrugDDI.d155.s0.p69" e1="DrugDDI.d155.s0.e8" e2="DrugDDI.d155.s0.e10" interaction="false"/><pair id="DrugDDI.d155.s0.p70" e1="DrugDDI.d155.s0.e8" e2="DrugDDI.d155.s0.e11" interaction="false"/><pair id="DrugDDI.d155.s0.p71" e1="DrugDDI.d155.s0.e8" e2="DrugDDI.d155.s0.e12" interaction="false"/><pair id="DrugDDI.d155.s0.p72" e1="DrugDDI.d155.s0.e9" e2="DrugDDI.d155.s0.e10" interaction="false"/><pair id="DrugDDI.d155.s0.p73" e1="DrugDDI.d155.s0.e9" e2="DrugDDI.d155.s0.e11" interaction="false"/><pair id="DrugDDI.d155.s0.p74" e1="DrugDDI.d155.s0.e9" e2="DrugDDI.d155.s0.e12" interaction="false"/><pair id="DrugDDI.d155.s0.p75" e1="DrugDDI.d155.s0.e10" e2="DrugDDI.d155.s0.e11" interaction="false"/><pair id="DrugDDI.d155.s0.p76" e1="DrugDDI.d155.s0.e10" e2="DrugDDI.d155.s0.e12" interaction="false"/><pair id="DrugDDI.d155.s0.p77" e1="DrugDDI.d155.s0.e11" e2="DrugDDI.d155.s0.e12" interaction="false"/></sentence><sentence id="DrugDDI.d155.s1" origId="s1" text="Interference with the absorption of oral phosphate supplements has been observed with another positively-charged bile acid sequestrant."><entity id="DrugDDI.d155.s1.e0" origId="s1.p33" charOffset="36-62" type="drug" text="oral phosphate supplements"/><entity id="DrugDDI.d155.s1.e1" origId="s1.p37" charOffset="94-134" type="drug" text="positively-charged bile acid sequestrant"/><pair id="DrugDDI.d155.s1.p0" e1="DrugDDI.d155.s1.e0" e2="DrugDDI.d155.s1.e1" interaction="true"/></sentence><sentence id="DrugDDI.d155.s2" origId="s2" text="Cholestyramine resin may interfere with the pharmacokinetics of drugs that undergo enterohepatic circulation, The discontinuance of cholestyramine resin could pose a hazard to health if a potentially toxic drug such as digitalis has been filtrated to a maintenance level while the patient was taking cholestyramine resin."><entity id="DrugDDI.d155.s2.e0" origId="s2.p38" charOffset="0-14" type="drug" text="Cholestyramine"/><entity id="DrugDDI.d155.s2.e1" origId="s2.p43" charOffset="64-69" type="drug" text="drugs"/><entity id="DrugDDI.d155.s2.e2" origId="s2.p48" charOffset="132-147" type="drug" text="cholestyramine"/><entity id="DrugDDI.d155.s2.e3" origId="s2.p54" charOffset="206-210" type="drug" text="drug"/><entity id="DrugDDI.d155.s2.e4" origId="s2.p55" charOffset="219-228" type="drug" text="digitalis"/><entity id="DrugDDI.d155.s2.e5" origId="s2.p64" charOffset="300-314" type="drug" text="cholestyramine"/><entity id="DrugDDI.d155.s2.e6" origId="s2.p65" charOffset="315-320" type="drug" text="resin"/><pair id="DrugDDI.d155.s2.p0" e1="DrugDDI.d155.s2.e0" e2="DrugDDI.d155.s2.e1" interaction="true"/><pair id="DrugDDI.d155.s2.p1" e1="DrugDDI.d155.s2.e0" e2="DrugDDI.d155.s2.e2" interaction="false"/><pair id="DrugDDI.d155.s2.p2" e1="DrugDDI.d155.s2.e0" e2="DrugDDI.d155.s2.e3" interaction="false"/><pair id="DrugDDI.d155.s2.p3" e1="DrugDDI.d155.s2.e0" e2="DrugDDI.d155.s2.e4" interaction="false"/><pair id="DrugDDI.d155.s2.p4" e1="DrugDDI.d155.s2.e0" e2="DrugDDI.d155.s2.e5" interaction="false"/><pair id="DrugDDI.d155.s2.p5" e1="DrugDDI.d155.s2.e0" e2="DrugDDI.d155.s2.e6" interaction="false"/><pair id="DrugDDI.d155.s2.p6" e1="DrugDDI.d155.s2.e1" e2="DrugDDI.d155.s2.e2" interaction="false"/><pair id="DrugDDI.d155.s2.p7" e1="DrugDDI.d155.s2.e1" e2="DrugDDI.d155.s2.e3" interaction="false"/><pair id="DrugDDI.d155.s2.p8" e1="DrugDDI.d155.s2.e1" e2="DrugDDI.d155.s2.e4" interaction="false"/><pair id="DrugDDI.d155.s2.p9" e1="DrugDDI.d155.s2.e1" e2="DrugDDI.d155.s2.e5" interaction="false"/><pair id="DrugDDI.d155.s2.p10" e1="DrugDDI.d155.s2.e1" e2="DrugDDI.d155.s2.e6" interaction="false"/><pair id="DrugDDI.d155.s2.p11" e1="DrugDDI.d155.s2.e2" e2="DrugDDI.d155.s2.e3" interaction="false"/><pair id="DrugDDI.d155.s2.p12" e1="DrugDDI.d155.s2.e2" e2="DrugDDI.d155.s2.e4" interaction="false"/><pair id="DrugDDI.d155.s2.p13" e1="DrugDDI.d155.s2.e2" e2="DrugDDI.d155.s2.e5" interaction="false"/><pair id="DrugDDI.d155.s2.p14" e1="DrugDDI.d155.s2.e2" e2="DrugDDI.d155.s2.e6" interaction="false"/><pair id="DrugDDI.d155.s2.p15" e1="DrugDDI.d155.s2.e3" e2="DrugDDI.d155.s2.e4" interaction="false"/><pair id="DrugDDI.d155.s2.p16" e1="DrugDDI.d155.s2.e3" e2="DrugDDI.d155.s2.e5" interaction="false"/><pair id="DrugDDI.d155.s2.p17" e1="DrugDDI.d155.s2.e3" e2="DrugDDI.d155.s2.e6" interaction="false"/><pair id="DrugDDI.d155.s2.p18" e1="DrugDDI.d155.s2.e4" e2="DrugDDI.d155.s2.e5" interaction="true"/><pair id="DrugDDI.d155.s2.p19" e1="DrugDDI.d155.s2.e4" e2="DrugDDI.d155.s2.e6" interaction="false"/><pair id="DrugDDI.d155.s2.p20" e1="DrugDDI.d155.s2.e5" e2="DrugDDI.d155.s2.e6" interaction="false"/></sentence><sentence id="DrugDDI.d155.s3" origId="s3" text="Because cholestyramine binds bile acids, cholestyramine resin may interfere with normal fat digestion and absorption and thus may prevent absorption of fat soluble vitamins such as A, D, E, and K."><entity id="DrugDDI.d155.s3.e0" origId="s3.p67" charOffset="8-22" type="drug" text="cholestyramine"/><entity id="DrugDDI.d155.s3.e1" origId="s3.p69" charOffset="29-39" type="drug" text="bile acids"/><entity id="DrugDDI.d155.s3.e2" origId="s3.p70" charOffset="41-56" type="drug" text="cholestyramine"/><entity id="DrugDDI.d155.s3.e3" origId="s3.p79" charOffset="130-137" type="drug" text="prevent"/><pair id="DrugDDI.d155.s3.p0" e1="DrugDDI.d155.s3.e0" e2="DrugDDI.d155.s3.e1" interaction="false"/><pair id="DrugDDI.d155.s3.p1" e1="DrugDDI.d155.s3.e0" e2="DrugDDI.d155.s3.e2" interaction="false"/><pair id="DrugDDI.d155.s3.p2" e1="DrugDDI.d155.s3.e0" e2="DrugDDI.d155.s3.e3" interaction="false"/><pair id="DrugDDI.d155.s3.p3" e1="DrugDDI.d155.s3.e1" e2="DrugDDI.d155.s3.e2" interaction="false"/><pair id="DrugDDI.d155.s3.p4" e1="DrugDDI.d155.s3.e1" e2="DrugDDI.d155.s3.e3" interaction="false"/><pair id="DrugDDI.d155.s3.p5" e1="DrugDDI.d155.s3.e2" e2="DrugDDI.d155.s3.e3" interaction="false"/></sentence><sentence id="DrugDDI.d155.s4" origId="s4" text="When cholestyramine resin is given for long periods of time, concomitant supplementation with water-miscible (or parenteral) forms of fat-soluble vitamins should be considered."><entity id="DrugDDI.d155.s4.e0" origId="s4.p88" charOffset="5-19" type="drug" text="cholestyramine"/><entity id="DrugDDI.d155.s4.e1" origId="s4.p89" charOffset="20-25" type="drug" text="resin"/><entity id="DrugDDI.d155.s4.e2" origId="s4.p95" charOffset="94-99" type="drug" text="water"/><pair id="DrugDDI.d155.s4.p0" e1="DrugDDI.d155.s4.e0" e2="DrugDDI.d155.s4.e1" interaction="false"/><pair id="DrugDDI.d155.s4.p1" e1="DrugDDI.d155.s4.e0" e2="DrugDDI.d155.s4.e2" interaction="false"/><pair id="DrugDDI.d155.s4.p2" e1="DrugDDI.d155.s4.e1" e2="DrugDDI.d155.s4.e2" interaction="false"/></sentence><sentence id="DrugDDI.d155.s5" origId="s5" text="SINCE CHOLESTYRAMINE RESIN MAY BIND OTHER DRUGS GIVEN CONCURRENTLY, IT IS RECOMMENDED THAT PATIENTS TAKE OTHER DRUGS AT LEAST 1 HOUR BEFORE OR 4 TO 6 HOURS AFTER CHOLESTYRAMINE RESIN (OR AT AS GREAT AN INTERVAL AS POSSIBLE) TO AVOID IMPEDING THEIR ABSORPTION."><entity id="DrugDDI.d155.s5.e0" origId="s5.p105" charOffset="6-27" type="drug" text="CHOLESTYRAMINE RESIN"/><entity id="DrugDDI.d155.s5.e1" origId="s5.p108" charOffset="42-47" type="drug" text="DRUGS"/><entity id="DrugDDI.d155.s5.e2" origId="s5.p116" charOffset="111-116" type="drug" text="DRUGS"/><entity id="DrugDDI.d155.s5.e3" origId="s5.p122" charOffset="162-183" type="drug" text="CHOLESTYRAMINE RESIN"/><pair id="DrugDDI.d155.s5.p0" e1="DrugDDI.d155.s5.e0" e2="DrugDDI.d155.s5.e1" interaction="false"/><pair id="DrugDDI.d155.s5.p1" e1="DrugDDI.d155.s5.e0" e2="DrugDDI.d155.s5.e2" interaction="false"/><pair id="DrugDDI.d155.s5.p2" e1="DrugDDI.d155.s5.e0" e2="DrugDDI.d155.s5.e3" interaction="false"/><pair id="DrugDDI.d155.s5.p3" e1="DrugDDI.d155.s5.e1" e2="DrugDDI.d155.s5.e2" interaction="false"/><pair id="DrugDDI.d155.s5.p4" e1="DrugDDI.d155.s5.e1" e2="DrugDDI.d155.s5.e3" interaction="false"/><pair id="DrugDDI.d155.s5.p5" e1="DrugDDI.d155.s5.e2" e2="DrugDDI.d155.s5.e3" interaction="false"/></sentence></document>