<?xml version="1.0" encoding="UTF-8"?>
<document id="DrugDDI.d227" origId="Ciclesonide"><sentence id="DrugDDI.d227.s0" origId="s0" text="Based on in vitro studies in human liver microsomes, des-ciclesonide appears to have no inhibitory or induction potential on the metabolism of other drugs metabolized by CYP 450 enzymes."><entity id="DrugDDI.d227.s0.e0" origId="s0.p3" charOffset="53-56" type="drug" text="des"/><entity id="DrugDDI.d227.s0.e1" origId="s0.p11" charOffset="149-154" type="drug" text="drugs"/><entity id="DrugDDI.d227.s0.e2" origId="s0.p13" charOffset="170-173" type="drug" text="CYP"/><pair id="DrugDDI.d227.s0.p0" e1="DrugDDI.d227.s0.e0" e2="DrugDDI.d227.s0.e1" interaction="false"/><pair id="DrugDDI.d227.s0.p1" e1="DrugDDI.d227.s0.e0" e2="DrugDDI.d227.s0.e2" interaction="false"/><pair id="DrugDDI.d227.s0.p2" e1="DrugDDI.d227.s0.e1" e2="DrugDDI.d227.s0.e2" interaction="false"/></sentence><sentence id="DrugDDI.d227.s1" origId="s1" text="The inhibitory potential of ciclesonide on CYP450 isoenzymes has not been studied."><entity id="DrugDDI.d227.s1.e0" origId="s1.p15" charOffset="28-39" type="drug" text="ciclesonide"/><entity id="DrugDDI.d227.s1.e1" origId="s1.p16" charOffset="50-60" type="drug" text="isoenzymes"/><pair id="DrugDDI.d227.s1.p0" e1="DrugDDI.d227.s1.e0" e2="DrugDDI.d227.s1.e1" interaction="false"/></sentence><sentence id="DrugDDI.d227.s2" origId="s2" text="In vitro studies demonstrated that the plasma protein binding of des-ciclesonide was not affected by warfarin or salicylic acid, indicating no potential for protein binding-based drug interactions."><entity id="DrugDDI.d227.s2.e0" origId="s2.p23" charOffset="39-53" type="drug" text="plasma protein"/><entity id="DrugDDI.d227.s2.e1" origId="s2.p24" charOffset="65-68" type="drug" text="des"/><entity id="DrugDDI.d227.s2.e2" origId="s2.p28" charOffset="101-109" type="drug" text="warfarin"/><entity id="DrugDDI.d227.s2.e3" origId="s2.p30" charOffset="113-127" type="drug" text="salicylic acid"/><pair id="DrugDDI.d227.s2.p0" e1="DrugDDI.d227.s2.e0" e2="DrugDDI.d227.s2.e1" interaction="false"/><pair id="DrugDDI.d227.s2.p1" e1="DrugDDI.d227.s2.e0" e2="DrugDDI.d227.s2.e2" interaction="false"/><pair id="DrugDDI.d227.s2.p2" e1="DrugDDI.d227.s2.e0" e2="DrugDDI.d227.s2.e3" interaction="false"/><pair id="DrugDDI.d227.s2.p3" e1="DrugDDI.d227.s2.e1" e2="DrugDDI.d227.s2.e2" interaction="false"/><pair id="DrugDDI.d227.s2.p4" e1="DrugDDI.d227.s2.e1" e2="DrugDDI.d227.s2.e3" interaction="false"/><pair id="DrugDDI.d227.s2.p5" e1="DrugDDI.d227.s2.e2" e2="DrugDDI.d227.s2.e3" interaction="false"/></sentence><sentence id="DrugDDI.d227.s3" origId="s3" text="In a drug interaction study, co-administration of orally inhaled ciclesonide and oral erythromycin, an inhibitor of cytochrome P450 3A4, had no effect on the pharmacokinetics of either des-ciclesonide or erythromycin."><entity id="DrugDDI.d227.s3.e0" origId="s3.p36" charOffset="65-76" type="drug" text="ciclesonide"/><entity id="DrugDDI.d227.s3.e1" origId="s3.p40" charOffset="116-135" type="drug" text="cytochrome P450 3A4"/><entity id="DrugDDI.d227.s3.e2" origId="s3.p46" charOffset="185-188" type="drug" text="des"/><entity id="DrugDDI.d227.s3.e3" origId="s3.p48" charOffset="204-216" type="drug" text="erythromycin"/><pair id="DrugDDI.d227.s3.p0" e1="DrugDDI.d227.s3.e0" e2="DrugDDI.d227.s3.e1" interaction="false"/><pair id="DrugDDI.d227.s3.p1" e1="DrugDDI.d227.s3.e0" e2="DrugDDI.d227.s3.e2" interaction="false"/><pair id="DrugDDI.d227.s3.p2" e1="DrugDDI.d227.s3.e0" e2="DrugDDI.d227.s3.e3" interaction="false"/><pair id="DrugDDI.d227.s3.p3" e1="DrugDDI.d227.s3.e1" e2="DrugDDI.d227.s3.e2" interaction="false"/><pair id="DrugDDI.d227.s3.p4" e1="DrugDDI.d227.s3.e1" e2="DrugDDI.d227.s3.e3" interaction="false"/><pair id="DrugDDI.d227.s3.p5" e1="DrugDDI.d227.s3.e2" e2="DrugDDI.d227.s3.e3" interaction="false"/></sentence><sentence id="DrugDDI.d227.s4" origId="s4" text="In another drug interaction study, co-administration of orally inhaled ciclesonide and oral ketoconazole, a potent inhibitor of cytochrome P450 3A4, increased the exposure (AUC) of des-ciclesonide by approximately 3.6-fold at steady state, while levels of ciclesonide remained unchanged."><entity id="DrugDDI.d227.s4.e0" origId="s4.p51" charOffset="71-82" type="drug" text="ciclesonide"/><entity id="DrugDDI.d227.s4.e1" origId="s4.p53" charOffset="92-104" type="drug" text="ketoconazole"/><entity id="DrugDDI.d227.s4.e2" origId="s4.p55" charOffset="128-147" type="drug" text="cytochrome P450 3A4"/><entity id="DrugDDI.d227.s4.e3" origId="s4.p61" charOffset="181-184" type="drug" text="des"/><entity id="DrugDDI.d227.s4.e4" origId="s4.p66" charOffset="256-267" type="drug" text="ciclesonide"/><pair id="DrugDDI.d227.s4.p0" e1="DrugDDI.d227.s4.e0" e2="DrugDDI.d227.s4.e1" interaction="true"/><pair id="DrugDDI.d227.s4.p1" e1="DrugDDI.d227.s4.e0" e2="DrugDDI.d227.s4.e2" interaction="false"/><pair id="DrugDDI.d227.s4.p2" e1="DrugDDI.d227.s4.e0" e2="DrugDDI.d227.s4.e3" interaction="false"/><pair id="DrugDDI.d227.s4.p3" e1="DrugDDI.d227.s4.e0" e2="DrugDDI.d227.s4.e4" interaction="false"/><pair id="DrugDDI.d227.s4.p4" e1="DrugDDI.d227.s4.e1" e2="DrugDDI.d227.s4.e2" interaction="false"/><pair id="DrugDDI.d227.s4.p5" e1="DrugDDI.d227.s4.e1" e2="DrugDDI.d227.s4.e3" interaction="false"/><pair id="DrugDDI.d227.s4.p6" e1="DrugDDI.d227.s4.e1" e2="DrugDDI.d227.s4.e4" interaction="false"/><pair id="DrugDDI.d227.s4.p7" e1="DrugDDI.d227.s4.e2" e2="DrugDDI.d227.s4.e3" interaction="false"/><pair id="DrugDDI.d227.s4.p8" e1="DrugDDI.d227.s4.e2" e2="DrugDDI.d227.s4.e4" interaction="false"/><pair id="DrugDDI.d227.s4.p9" e1="DrugDDI.d227.s4.e3" e2="DrugDDI.d227.s4.e4" interaction="false"/></sentence><sentence id="DrugDDI.d227.s5" origId="s5" text="Therefore, ketoconazole should be administered with caution with intranasal ciclesonide."><entity id="DrugDDI.d227.s5.e0" origId="s5.p70" charOffset="11-23" type="drug" text="ketoconazole"/><entity id="DrugDDI.d227.s5.e1" origId="s5.p75" charOffset="76-87" type="drug" text="ciclesonide"/><pair id="DrugDDI.d227.s5.p0" e1="DrugDDI.d227.s5.e0" e2="DrugDDI.d227.s5.e1" interaction="true"/></sentence></document>