<?xml version="1.0" encoding="UTF-8"?>
<document id="DrugDDI.d266" origId="Cidofovir"><sentence id="DrugDDI.d266.s0" origId="s0" text="Probenecid : Probenecid is known to interact with the metabolism or renal tubular excretion of many drugs (e.g., acetaminophen, acyclovir, angiotensin-converting enzyme inhibitors, aminosalicylic acid, barbiturates, benzodiazepines, bumetanide, clofibrate, methotrexate, famotidine, furosemide, nonsteroidal anti-inflammatory agents, theophylline, and zidovudine)."><entity id="DrugDDI.d266.s0.e0" origId="s0.p0" charOffset="0-10" type="drug" text="Probenecid"/><entity id="DrugDDI.d266.s0.e1" origId="s0.p2" charOffset="13-23" type="drug" text="Probenecid"/><entity id="DrugDDI.d266.s0.e2" origId="s0.p10" charOffset="100-105" type="drug" text="drugs"/><entity id="DrugDDI.d266.s0.e3" origId="s0.p13" charOffset="113-126" type="drug" text="acetaminophen"/><entity id="DrugDDI.d266.s0.e4" origId="s0.p14" charOffset="128-137" type="drug" text="acyclovir"/><entity id="DrugDDI.d266.s0.e5" origId="s0.p15" charOffset="139-179" type="drug" text="angiotensin-converting enzyme inhibitors"/><entity id="DrugDDI.d266.s0.e6" origId="s0.p16" charOffset="181-200" type="drug" text="aminosalicylic acid"/><entity id="DrugDDI.d266.s0.e7" origId="s0.p17" charOffset="202-214" type="drug" text="barbiturates"/><entity id="DrugDDI.d266.s0.e8" origId="s0.p18" charOffset="216-231" type="drug" text="benzodiazepines"/><entity id="DrugDDI.d266.s0.e9" origId="s0.p19" charOffset="233-243" type="drug" text="bumetanide"/><entity id="DrugDDI.d266.s0.e10" origId="s0.p20" charOffset="245-255" type="drug" text="clofibrate"/><entity id="DrugDDI.d266.s0.e11" origId="s0.p21" charOffset="257-269" type="drug" text="methotrexate"/><entity id="DrugDDI.d266.s0.e12" origId="s0.p22" charOffset="271-281" type="drug" text="famotidine"/><entity id="DrugDDI.d266.s0.e13" origId="s0.p23" charOffset="283-293" type="drug" text="furosemide"/><entity id="DrugDDI.d266.s0.e14" origId="s0.p24" charOffset="295-332" type="drug" text="nonsteroidal anti-inflammatory agents"/><entity id="DrugDDI.d266.s0.e15" origId="s0.p25" charOffset="334-346" type="drug" text="theophylline"/><entity id="DrugDDI.d266.s0.e16" origId="s0.p27" charOffset="352-362" type="drug" text="zidovudine"/><pair id="DrugDDI.d266.s0.p0" e1="DrugDDI.d266.s0.e0" e2="DrugDDI.d266.s0.e1" interaction="false"/><pair id="DrugDDI.d266.s0.p1" e1="DrugDDI.d266.s0.e0" e2="DrugDDI.d266.s0.e2" interaction="false"/><pair id="DrugDDI.d266.s0.p2" e1="DrugDDI.d266.s0.e0" e2="DrugDDI.d266.s0.e3" interaction="false"/><pair id="DrugDDI.d266.s0.p3" e1="DrugDDI.d266.s0.e0" e2="DrugDDI.d266.s0.e4" interaction="false"/><pair id="DrugDDI.d266.s0.p4" e1="DrugDDI.d266.s0.e0" e2="DrugDDI.d266.s0.e5" interaction="false"/><pair id="DrugDDI.d266.s0.p5" e1="DrugDDI.d266.s0.e0" e2="DrugDDI.d266.s0.e6" interaction="false"/><pair id="DrugDDI.d266.s0.p6" e1="DrugDDI.d266.s0.e0" e2="DrugDDI.d266.s0.e7" interaction="false"/><pair id="DrugDDI.d266.s0.p7" e1="DrugDDI.d266.s0.e0" e2="DrugDDI.d266.s0.e8" interaction="false"/><pair id="DrugDDI.d266.s0.p8" e1="DrugDDI.d266.s0.e0" e2="DrugDDI.d266.s0.e9" interaction="false"/><pair id="DrugDDI.d266.s0.p9" e1="DrugDDI.d266.s0.e0" e2="DrugDDI.d266.s0.e10" interaction="false"/><pair id="DrugDDI.d266.s0.p10" e1="DrugDDI.d266.s0.e0" e2="DrugDDI.d266.s0.e11" interaction="false"/><pair id="DrugDDI.d266.s0.p11" e1="DrugDDI.d266.s0.e0" e2="DrugDDI.d266.s0.e12" interaction="false"/><pair id="DrugDDI.d266.s0.p12" e1="DrugDDI.d266.s0.e0" e2="DrugDDI.d266.s0.e13" interaction="false"/><pair id="DrugDDI.d266.s0.p13" e1="DrugDDI.d266.s0.e0" e2="DrugDDI.d266.s0.e14" interaction="false"/><pair id="DrugDDI.d266.s0.p14" e1="DrugDDI.d266.s0.e0" e2="DrugDDI.d266.s0.e15" interaction="false"/><pair id="DrugDDI.d266.s0.p15" e1="DrugDDI.d266.s0.e0" e2="DrugDDI.d266.s0.e16" interaction="false"/><pair id="DrugDDI.d266.s0.p16" e1="DrugDDI.d266.s0.e1" e2="DrugDDI.d266.s0.e2" interaction="true"/><pair id="DrugDDI.d266.s0.p17" e1="DrugDDI.d266.s0.e1" e2="DrugDDI.d266.s0.e3" interaction="true"/><pair id="DrugDDI.d266.s0.p18" e1="DrugDDI.d266.s0.e1" e2="DrugDDI.d266.s0.e4" interaction="true"/><pair id="DrugDDI.d266.s0.p19" e1="DrugDDI.d266.s0.e1" e2="DrugDDI.d266.s0.e5" interaction="true"/><pair id="DrugDDI.d266.s0.p20" e1="DrugDDI.d266.s0.e1" e2="DrugDDI.d266.s0.e6" interaction="true"/><pair id="DrugDDI.d266.s0.p21" e1="DrugDDI.d266.s0.e1" e2="DrugDDI.d266.s0.e7" interaction="true"/><pair id="DrugDDI.d266.s0.p22" e1="DrugDDI.d266.s0.e1" e2="DrugDDI.d266.s0.e8" interaction="true"/><pair id="DrugDDI.d266.s0.p23" e1="DrugDDI.d266.s0.e1" e2="DrugDDI.d266.s0.e9" interaction="true"/><pair id="DrugDDI.d266.s0.p24" e1="DrugDDI.d266.s0.e1" e2="DrugDDI.d266.s0.e10" interaction="true"/><pair id="DrugDDI.d266.s0.p25" e1="DrugDDI.d266.s0.e1" e2="DrugDDI.d266.s0.e11" interaction="true"/><pair id="DrugDDI.d266.s0.p26" e1="DrugDDI.d266.s0.e1" e2="DrugDDI.d266.s0.e12" interaction="true"/><pair id="DrugDDI.d266.s0.p27" e1="DrugDDI.d266.s0.e1" e2="DrugDDI.d266.s0.e13" interaction="true"/><pair id="DrugDDI.d266.s0.p28" e1="DrugDDI.d266.s0.e1" e2="DrugDDI.d266.s0.e14" interaction="true"/><pair id="DrugDDI.d266.s0.p29" e1="DrugDDI.d266.s0.e1" e2="DrugDDI.d266.s0.e15" interaction="true"/><pair id="DrugDDI.d266.s0.p30" e1="DrugDDI.d266.s0.e1" e2="DrugDDI.d266.s0.e16" interaction="true"/><pair id="DrugDDI.d266.s0.p31" e1="DrugDDI.d266.s0.e2" e2="DrugDDI.d266.s0.e3" interaction="false"/><pair id="DrugDDI.d266.s0.p32" e1="DrugDDI.d266.s0.e2" e2="DrugDDI.d266.s0.e4" interaction="false"/><pair id="DrugDDI.d266.s0.p33" e1="DrugDDI.d266.s0.e2" e2="DrugDDI.d266.s0.e5" interaction="false"/><pair id="DrugDDI.d266.s0.p34" e1="DrugDDI.d266.s0.e2" e2="DrugDDI.d266.s0.e6" interaction="false"/><pair id="DrugDDI.d266.s0.p35" e1="DrugDDI.d266.s0.e2" e2="DrugDDI.d266.s0.e7" interaction="false"/><pair id="DrugDDI.d266.s0.p36" e1="DrugDDI.d266.s0.e2" e2="DrugDDI.d266.s0.e8" interaction="false"/><pair id="DrugDDI.d266.s0.p37" e1="DrugDDI.d266.s0.e2" e2="DrugDDI.d266.s0.e9" interaction="false"/><pair id="DrugDDI.d266.s0.p38" e1="DrugDDI.d266.s0.e2" e2="DrugDDI.d266.s0.e10" interaction="false"/><pair id="DrugDDI.d266.s0.p39" e1="DrugDDI.d266.s0.e2" e2="DrugDDI.d266.s0.e11" interaction="false"/><pair id="DrugDDI.d266.s0.p40" e1="DrugDDI.d266.s0.e2" e2="DrugDDI.d266.s0.e12" interaction="false"/><pair id="DrugDDI.d266.s0.p41" e1="DrugDDI.d266.s0.e2" e2="DrugDDI.d266.s0.e13" interaction="false"/><pair id="DrugDDI.d266.s0.p42" e1="DrugDDI.d266.s0.e2" e2="DrugDDI.d266.s0.e14" interaction="false"/><pair id="DrugDDI.d266.s0.p43" e1="DrugDDI.d266.s0.e2" e2="DrugDDI.d266.s0.e15" interaction="false"/><pair id="DrugDDI.d266.s0.p44" e1="DrugDDI.d266.s0.e2" e2="DrugDDI.d266.s0.e16" interaction="false"/><pair id="DrugDDI.d266.s0.p45" e1="DrugDDI.d266.s0.e3" e2="DrugDDI.d266.s0.e4" interaction="false"/><pair id="DrugDDI.d266.s0.p46" e1="DrugDDI.d266.s0.e3" e2="DrugDDI.d266.s0.e5" interaction="false"/><pair id="DrugDDI.d266.s0.p47" e1="DrugDDI.d266.s0.e3" e2="DrugDDI.d266.s0.e6" interaction="false"/><pair id="DrugDDI.d266.s0.p48" e1="DrugDDI.d266.s0.e3" e2="DrugDDI.d266.s0.e7" interaction="false"/><pair id="DrugDDI.d266.s0.p49" e1="DrugDDI.d266.s0.e3" e2="DrugDDI.d266.s0.e8" interaction="false"/><pair id="DrugDDI.d266.s0.p50" e1="DrugDDI.d266.s0.e3" e2="DrugDDI.d266.s0.e9" interaction="false"/><pair id="DrugDDI.d266.s0.p51" e1="DrugDDI.d266.s0.e3" e2="DrugDDI.d266.s0.e10" interaction="false"/><pair id="DrugDDI.d266.s0.p52" e1="DrugDDI.d266.s0.e3" e2="DrugDDI.d266.s0.e11" interaction="false"/><pair id="DrugDDI.d266.s0.p53" e1="DrugDDI.d266.s0.e3" e2="DrugDDI.d266.s0.e12" interaction="false"/><pair id="DrugDDI.d266.s0.p54" e1="DrugDDI.d266.s0.e3" e2="DrugDDI.d266.s0.e13" interaction="false"/><pair id="DrugDDI.d266.s0.p55" e1="DrugDDI.d266.s0.e3" e2="DrugDDI.d266.s0.e14" interaction="false"/><pair id="DrugDDI.d266.s0.p56" e1="DrugDDI.d266.s0.e3" e2="DrugDDI.d266.s0.e15" interaction="false"/><pair id="DrugDDI.d266.s0.p57" e1="DrugDDI.d266.s0.e3" e2="DrugDDI.d266.s0.e16" interaction="false"/><pair id="DrugDDI.d266.s0.p58" e1="DrugDDI.d266.s0.e4" e2="DrugDDI.d266.s0.e5" interaction="false"/><pair id="DrugDDI.d266.s0.p59" e1="DrugDDI.d266.s0.e4" e2="DrugDDI.d266.s0.e6" interaction="false"/><pair id="DrugDDI.d266.s0.p60" e1="DrugDDI.d266.s0.e4" e2="DrugDDI.d266.s0.e7" interaction="false"/><pair id="DrugDDI.d266.s0.p61" e1="DrugDDI.d266.s0.e4" e2="DrugDDI.d266.s0.e8" interaction="false"/><pair id="DrugDDI.d266.s0.p62" e1="DrugDDI.d266.s0.e4" e2="DrugDDI.d266.s0.e9" interaction="false"/><pair id="DrugDDI.d266.s0.p63" e1="DrugDDI.d266.s0.e4" e2="DrugDDI.d266.s0.e10" interaction="false"/><pair id="DrugDDI.d266.s0.p64" e1="DrugDDI.d266.s0.e4" e2="DrugDDI.d266.s0.e11" interaction="false"/><pair id="DrugDDI.d266.s0.p65" e1="DrugDDI.d266.s0.e4" e2="DrugDDI.d266.s0.e12" interaction="false"/><pair id="DrugDDI.d266.s0.p66" e1="DrugDDI.d266.s0.e4" e2="DrugDDI.d266.s0.e13" interaction="false"/><pair id="DrugDDI.d266.s0.p67" e1="DrugDDI.d266.s0.e4" e2="DrugDDI.d266.s0.e14" interaction="false"/><pair id="DrugDDI.d266.s0.p68" e1="DrugDDI.d266.s0.e4" e2="DrugDDI.d266.s0.e15" interaction="false"/><pair id="DrugDDI.d266.s0.p69" e1="DrugDDI.d266.s0.e4" e2="DrugDDI.d266.s0.e16" interaction="false"/><pair id="DrugDDI.d266.s0.p70" e1="DrugDDI.d266.s0.e5" e2="DrugDDI.d266.s0.e6" interaction="false"/><pair id="DrugDDI.d266.s0.p71" e1="DrugDDI.d266.s0.e5" e2="DrugDDI.d266.s0.e7" interaction="false"/><pair id="DrugDDI.d266.s0.p72" e1="DrugDDI.d266.s0.e5" e2="DrugDDI.d266.s0.e8" interaction="false"/><pair id="DrugDDI.d266.s0.p73" e1="DrugDDI.d266.s0.e5" e2="DrugDDI.d266.s0.e9" interaction="false"/><pair id="DrugDDI.d266.s0.p74" e1="DrugDDI.d266.s0.e5" e2="DrugDDI.d266.s0.e10" interaction="false"/><pair id="DrugDDI.d266.s0.p75" e1="DrugDDI.d266.s0.e5" e2="DrugDDI.d266.s0.e11" interaction="false"/><pair id="DrugDDI.d266.s0.p76" e1="DrugDDI.d266.s0.e5" e2="DrugDDI.d266.s0.e12" interaction="false"/><pair id="DrugDDI.d266.s0.p77" e1="DrugDDI.d266.s0.e5" e2="DrugDDI.d266.s0.e13" interaction="false"/><pair id="DrugDDI.d266.s0.p78" e1="DrugDDI.d266.s0.e5" e2="DrugDDI.d266.s0.e14" interaction="false"/><pair id="DrugDDI.d266.s0.p79" e1="DrugDDI.d266.s0.e5" e2="DrugDDI.d266.s0.e15" interaction="false"/><pair id="DrugDDI.d266.s0.p80" e1="DrugDDI.d266.s0.e5" e2="DrugDDI.d266.s0.e16" interaction="false"/><pair id="DrugDDI.d266.s0.p81" e1="DrugDDI.d266.s0.e6" e2="DrugDDI.d266.s0.e7" interaction="false"/><pair id="DrugDDI.d266.s0.p82" e1="DrugDDI.d266.s0.e6" e2="DrugDDI.d266.s0.e8" interaction="false"/><pair id="DrugDDI.d266.s0.p83" e1="DrugDDI.d266.s0.e6" e2="DrugDDI.d266.s0.e9" interaction="false"/><pair id="DrugDDI.d266.s0.p84" e1="DrugDDI.d266.s0.e6" e2="DrugDDI.d266.s0.e10" interaction="false"/><pair id="DrugDDI.d266.s0.p85" e1="DrugDDI.d266.s0.e6" e2="DrugDDI.d266.s0.e11" interaction="false"/><pair id="DrugDDI.d266.s0.p86" e1="DrugDDI.d266.s0.e6" e2="DrugDDI.d266.s0.e12" interaction="false"/><pair id="DrugDDI.d266.s0.p87" e1="DrugDDI.d266.s0.e6" e2="DrugDDI.d266.s0.e13" interaction="false"/><pair id="DrugDDI.d266.s0.p88" e1="DrugDDI.d266.s0.e6" e2="DrugDDI.d266.s0.e14" interaction="false"/><pair id="DrugDDI.d266.s0.p89" e1="DrugDDI.d266.s0.e6" e2="DrugDDI.d266.s0.e15" interaction="false"/><pair id="DrugDDI.d266.s0.p90" e1="DrugDDI.d266.s0.e6" e2="DrugDDI.d266.s0.e16" interaction="false"/><pair id="DrugDDI.d266.s0.p91" e1="DrugDDI.d266.s0.e7" e2="DrugDDI.d266.s0.e8" interaction="false"/><pair id="DrugDDI.d266.s0.p92" e1="DrugDDI.d266.s0.e7" e2="DrugDDI.d266.s0.e9" interaction="false"/><pair id="DrugDDI.d266.s0.p93" e1="DrugDDI.d266.s0.e7" e2="DrugDDI.d266.s0.e10" interaction="false"/><pair id="DrugDDI.d266.s0.p94" e1="DrugDDI.d266.s0.e7" e2="DrugDDI.d266.s0.e11" interaction="false"/><pair id="DrugDDI.d266.s0.p95" e1="DrugDDI.d266.s0.e7" e2="DrugDDI.d266.s0.e12" interaction="false"/><pair id="DrugDDI.d266.s0.p96" e1="DrugDDI.d266.s0.e7" e2="DrugDDI.d266.s0.e13" interaction="false"/><pair id="DrugDDI.d266.s0.p97" e1="DrugDDI.d266.s0.e7" e2="DrugDDI.d266.s0.e14" interaction="false"/><pair id="DrugDDI.d266.s0.p98" e1="DrugDDI.d266.s0.e7" e2="DrugDDI.d266.s0.e15" interaction="false"/><pair id="DrugDDI.d266.s0.p99" e1="DrugDDI.d266.s0.e7" e2="DrugDDI.d266.s0.e16" interaction="false"/><pair id="DrugDDI.d266.s0.p100" e1="DrugDDI.d266.s0.e8" e2="DrugDDI.d266.s0.e9" interaction="false"/><pair id="DrugDDI.d266.s0.p101" e1="DrugDDI.d266.s0.e8" e2="DrugDDI.d266.s0.e10" interaction="false"/><pair id="DrugDDI.d266.s0.p102" e1="DrugDDI.d266.s0.e8" e2="DrugDDI.d266.s0.e11" interaction="false"/><pair id="DrugDDI.d266.s0.p103" e1="DrugDDI.d266.s0.e8" e2="DrugDDI.d266.s0.e12" interaction="false"/><pair id="DrugDDI.d266.s0.p104" e1="DrugDDI.d266.s0.e8" e2="DrugDDI.d266.s0.e13" interaction="false"/><pair id="DrugDDI.d266.s0.p105" e1="DrugDDI.d266.s0.e8" e2="DrugDDI.d266.s0.e14" interaction="false"/><pair id="DrugDDI.d266.s0.p106" e1="DrugDDI.d266.s0.e8" e2="DrugDDI.d266.s0.e15" interaction="false"/><pair id="DrugDDI.d266.s0.p107" e1="DrugDDI.d266.s0.e8" e2="DrugDDI.d266.s0.e16" interaction="false"/><pair id="DrugDDI.d266.s0.p108" e1="DrugDDI.d266.s0.e9" e2="DrugDDI.d266.s0.e10" interaction="false"/><pair id="DrugDDI.d266.s0.p109" e1="DrugDDI.d266.s0.e9" e2="DrugDDI.d266.s0.e11" interaction="false"/><pair id="DrugDDI.d266.s0.p110" e1="DrugDDI.d266.s0.e9" e2="DrugDDI.d266.s0.e12" interaction="false"/><pair id="DrugDDI.d266.s0.p111" e1="DrugDDI.d266.s0.e9" e2="DrugDDI.d266.s0.e13" interaction="false"/><pair id="DrugDDI.d266.s0.p112" e1="DrugDDI.d266.s0.e9" e2="DrugDDI.d266.s0.e14" interaction="false"/><pair id="DrugDDI.d266.s0.p113" e1="DrugDDI.d266.s0.e9" e2="DrugDDI.d266.s0.e15" interaction="false"/><pair id="DrugDDI.d266.s0.p114" e1="DrugDDI.d266.s0.e9" e2="DrugDDI.d266.s0.e16" interaction="false"/><pair id="DrugDDI.d266.s0.p115" e1="DrugDDI.d266.s0.e10" e2="DrugDDI.d266.s0.e11" interaction="false"/><pair id="DrugDDI.d266.s0.p116" e1="DrugDDI.d266.s0.e10" e2="DrugDDI.d266.s0.e12" interaction="false"/><pair id="DrugDDI.d266.s0.p117" e1="DrugDDI.d266.s0.e10" e2="DrugDDI.d266.s0.e13" interaction="false"/><pair id="DrugDDI.d266.s0.p118" e1="DrugDDI.d266.s0.e10" e2="DrugDDI.d266.s0.e14" interaction="false"/><pair id="DrugDDI.d266.s0.p119" e1="DrugDDI.d266.s0.e10" e2="DrugDDI.d266.s0.e15" interaction="false"/><pair id="DrugDDI.d266.s0.p120" e1="DrugDDI.d266.s0.e10" e2="DrugDDI.d266.s0.e16" interaction="false"/><pair id="DrugDDI.d266.s0.p121" e1="DrugDDI.d266.s0.e11" e2="DrugDDI.d266.s0.e12" interaction="false"/><pair id="DrugDDI.d266.s0.p122" e1="DrugDDI.d266.s0.e11" e2="DrugDDI.d266.s0.e13" interaction="false"/><pair id="DrugDDI.d266.s0.p123" e1="DrugDDI.d266.s0.e11" e2="DrugDDI.d266.s0.e14" interaction="false"/><pair id="DrugDDI.d266.s0.p124" e1="DrugDDI.d266.s0.e11" e2="DrugDDI.d266.s0.e15" interaction="false"/><pair id="DrugDDI.d266.s0.p125" e1="DrugDDI.d266.s0.e11" e2="DrugDDI.d266.s0.e16" interaction="false"/><pair id="DrugDDI.d266.s0.p126" e1="DrugDDI.d266.s0.e12" e2="DrugDDI.d266.s0.e13" interaction="false"/><pair id="DrugDDI.d266.s0.p127" e1="DrugDDI.d266.s0.e12" e2="DrugDDI.d266.s0.e14" interaction="false"/><pair id="DrugDDI.d266.s0.p128" e1="DrugDDI.d266.s0.e12" e2="DrugDDI.d266.s0.e15" interaction="false"/><pair id="DrugDDI.d266.s0.p129" e1="DrugDDI.d266.s0.e12" e2="DrugDDI.d266.s0.e16" interaction="false"/><pair id="DrugDDI.d266.s0.p130" e1="DrugDDI.d266.s0.e13" e2="DrugDDI.d266.s0.e14" interaction="false"/><pair id="DrugDDI.d266.s0.p131" e1="DrugDDI.d266.s0.e13" e2="DrugDDI.d266.s0.e15" interaction="false"/><pair id="DrugDDI.d266.s0.p132" e1="DrugDDI.d266.s0.e13" e2="DrugDDI.d266.s0.e16" interaction="false"/><pair id="DrugDDI.d266.s0.p133" e1="DrugDDI.d266.s0.e14" e2="DrugDDI.d266.s0.e15" interaction="false"/><pair id="DrugDDI.d266.s0.p134" e1="DrugDDI.d266.s0.e14" e2="DrugDDI.d266.s0.e16" interaction="false"/><pair id="DrugDDI.d266.s0.p135" e1="DrugDDI.d266.s0.e15" e2="DrugDDI.d266.s0.e16" interaction="false"/></sentence><sentence id="DrugDDI.d266.s1" origId="s1" text="Concomitant medications should be carefully assessed."><entity id="DrugDDI.d266.s1.e0" origId="s1.p29" charOffset="12-23" type="drug" text="medications"/></sentence><sentence id="DrugDDI.d266.s2" origId="s2" text="Zidovudine should either be temporarily discontinued or decreased by 50% when coadministered with probenecid on the day of VISTIDE infusion."><entity id="DrugDDI.d266.s2.e0" origId="s2.p34" charOffset="0-10" type="drug" text="Zidovudine"/><entity id="DrugDDI.d266.s2.e1" origId="s2.p45" charOffset="98-108" type="drug" text="probenecid"/><entity id="DrugDDI.d266.s2.e2" origId="s2.p47" charOffset="123-130" type="drug" text="VISTIDE"/><pair id="DrugDDI.d266.s2.p0" e1="DrugDDI.d266.s2.e0" e2="DrugDDI.d266.s2.e1" interaction="true"/><pair id="DrugDDI.d266.s2.p1" e1="DrugDDI.d266.s2.e0" e2="DrugDDI.d266.s2.e2" interaction="false"/><pair id="DrugDDI.d266.s2.p2" e1="DrugDDI.d266.s2.e1" e2="DrugDDI.d266.s2.e2" interaction="false"/></sentence><sentence id="DrugDDI.d266.s3" origId="s3" text="Nephrotoxic agents : Concomitant administration of VISTIDE and agents with nephrotoxic potential [e.g., intravenous aminoglycosides (e.g., tobramycin, gentamicin, and amikacin), amphotericin B, foscarnet, intravenous pentamidine, vancomycin, and non-steroidal anti-inflammatory agents] is contraindicated."><entity id="DrugDDI.d266.s3.e0" origId="s3.p51" charOffset="51-58" type="drug" text="VISTIDE"/><entity id="DrugDDI.d266.s3.e1" origId="s3.p57" charOffset="116-131" type="drug" text="aminoglycosides"/><entity id="DrugDDI.d266.s3.e2" origId="s3.p60" charOffset="139-149" type="drug" text="tobramycin"/><entity id="DrugDDI.d266.s3.e3" origId="s3.p61" charOffset="151-161" type="drug" text="gentamicin"/><entity id="DrugDDI.d266.s3.e4" origId="s3.p63" charOffset="167-175" type="drug" text="amikacin"/><entity id="DrugDDI.d266.s3.e5" origId="s3.p66" charOffset="178-192" type="drug" text="amphotericin B"/><entity id="DrugDDI.d266.s3.e6" origId="s3.p67" charOffset="194-203" type="drug" text="foscarnet"/><entity id="DrugDDI.d266.s3.e7" origId="s3.p68" charOffset="217-227" type="drug" text="pentamidin"/><entity id="DrugDDI.d266.s3.e8" origId="s3.p69" charOffset="230-240" type="drug" text="vancomycin"/><entity id="DrugDDI.d266.s3.e9" origId="s3.p71" charOffset="246-284" type="drug" text="non-steroidal anti-inflammatory agents"/><pair id="DrugDDI.d266.s3.p0" e1="DrugDDI.d266.s3.e0" e2="DrugDDI.d266.s3.e1" interaction="false"/><pair id="DrugDDI.d266.s3.p1" e1="DrugDDI.d266.s3.e0" e2="DrugDDI.d266.s3.e2" interaction="true"/><pair id="DrugDDI.d266.s3.p2" e1="DrugDDI.d266.s3.e0" e2="DrugDDI.d266.s3.e3" interaction="true"/><pair id="DrugDDI.d266.s3.p3" e1="DrugDDI.d266.s3.e0" e2="DrugDDI.d266.s3.e4" interaction="true"/><pair id="DrugDDI.d266.s3.p4" e1="DrugDDI.d266.s3.e0" e2="DrugDDI.d266.s3.e5" interaction="true"/><pair id="DrugDDI.d266.s3.p5" e1="DrugDDI.d266.s3.e0" e2="DrugDDI.d266.s3.e6" interaction="true"/><pair id="DrugDDI.d266.s3.p6" e1="DrugDDI.d266.s3.e0" e2="DrugDDI.d266.s3.e7" interaction="true"/><pair id="DrugDDI.d266.s3.p7" e1="DrugDDI.d266.s3.e0" e2="DrugDDI.d266.s3.e8" interaction="true"/><pair id="DrugDDI.d266.s3.p8" e1="DrugDDI.d266.s3.e0" e2="DrugDDI.d266.s3.e9" interaction="true"/><pair id="DrugDDI.d266.s3.p9" e1="DrugDDI.d266.s3.e1" e2="DrugDDI.d266.s3.e2" interaction="false"/><pair id="DrugDDI.d266.s3.p10" e1="DrugDDI.d266.s3.e1" e2="DrugDDI.d266.s3.e3" interaction="false"/><pair id="DrugDDI.d266.s3.p11" e1="DrugDDI.d266.s3.e1" e2="DrugDDI.d266.s3.e4" interaction="false"/><pair id="DrugDDI.d266.s3.p12" e1="DrugDDI.d266.s3.e1" e2="DrugDDI.d266.s3.e5" interaction="false"/><pair id="DrugDDI.d266.s3.p13" e1="DrugDDI.d266.s3.e1" e2="DrugDDI.d266.s3.e6" interaction="false"/><pair id="DrugDDI.d266.s3.p14" e1="DrugDDI.d266.s3.e1" e2="DrugDDI.d266.s3.e7" interaction="false"/><pair id="DrugDDI.d266.s3.p15" e1="DrugDDI.d266.s3.e1" e2="DrugDDI.d266.s3.e8" interaction="false"/><pair id="DrugDDI.d266.s3.p16" e1="DrugDDI.d266.s3.e1" e2="DrugDDI.d266.s3.e9" interaction="false"/><pair id="DrugDDI.d266.s3.p17" e1="DrugDDI.d266.s3.e2" e2="DrugDDI.d266.s3.e3" interaction="false"/><pair id="DrugDDI.d266.s3.p18" e1="DrugDDI.d266.s3.e2" e2="DrugDDI.d266.s3.e4" interaction="false"/><pair id="DrugDDI.d266.s3.p19" e1="DrugDDI.d266.s3.e2" e2="DrugDDI.d266.s3.e5" interaction="false"/><pair id="DrugDDI.d266.s3.p20" e1="DrugDDI.d266.s3.e2" e2="DrugDDI.d266.s3.e6" interaction="false"/><pair id="DrugDDI.d266.s3.p21" e1="DrugDDI.d266.s3.e2" e2="DrugDDI.d266.s3.e7" interaction="false"/><pair id="DrugDDI.d266.s3.p22" e1="DrugDDI.d266.s3.e2" e2="DrugDDI.d266.s3.e8" interaction="false"/><pair id="DrugDDI.d266.s3.p23" e1="DrugDDI.d266.s3.e2" e2="DrugDDI.d266.s3.e9" interaction="false"/><pair id="DrugDDI.d266.s3.p24" e1="DrugDDI.d266.s3.e3" e2="DrugDDI.d266.s3.e4" interaction="false"/><pair id="DrugDDI.d266.s3.p25" e1="DrugDDI.d266.s3.e3" e2="DrugDDI.d266.s3.e5" interaction="false"/><pair id="DrugDDI.d266.s3.p26" e1="DrugDDI.d266.s3.e3" e2="DrugDDI.d266.s3.e6" interaction="false"/><pair id="DrugDDI.d266.s3.p27" e1="DrugDDI.d266.s3.e3" e2="DrugDDI.d266.s3.e7" interaction="false"/><pair id="DrugDDI.d266.s3.p28" e1="DrugDDI.d266.s3.e3" e2="DrugDDI.d266.s3.e8" interaction="false"/><pair id="DrugDDI.d266.s3.p29" e1="DrugDDI.d266.s3.e3" e2="DrugDDI.d266.s3.e9" interaction="false"/><pair id="DrugDDI.d266.s3.p30" e1="DrugDDI.d266.s3.e4" e2="DrugDDI.d266.s3.e5" interaction="false"/><pair id="DrugDDI.d266.s3.p31" e1="DrugDDI.d266.s3.e4" e2="DrugDDI.d266.s3.e6" interaction="false"/><pair id="DrugDDI.d266.s3.p32" e1="DrugDDI.d266.s3.e4" e2="DrugDDI.d266.s3.e7" interaction="false"/><pair id="DrugDDI.d266.s3.p33" e1="DrugDDI.d266.s3.e4" e2="DrugDDI.d266.s3.e8" interaction="false"/><pair id="DrugDDI.d266.s3.p34" e1="DrugDDI.d266.s3.e4" e2="DrugDDI.d266.s3.e9" interaction="false"/><pair id="DrugDDI.d266.s3.p35" e1="DrugDDI.d266.s3.e5" e2="DrugDDI.d266.s3.e6" interaction="false"/><pair id="DrugDDI.d266.s3.p36" e1="DrugDDI.d266.s3.e5" e2="DrugDDI.d266.s3.e7" interaction="false"/><pair id="DrugDDI.d266.s3.p37" e1="DrugDDI.d266.s3.e5" e2="DrugDDI.d266.s3.e8" interaction="false"/><pair id="DrugDDI.d266.s3.p38" e1="DrugDDI.d266.s3.e5" e2="DrugDDI.d266.s3.e9" interaction="false"/><pair id="DrugDDI.d266.s3.p39" e1="DrugDDI.d266.s3.e6" e2="DrugDDI.d266.s3.e7" interaction="false"/><pair id="DrugDDI.d266.s3.p40" e1="DrugDDI.d266.s3.e6" e2="DrugDDI.d266.s3.e8" interaction="false"/><pair id="DrugDDI.d266.s3.p41" e1="DrugDDI.d266.s3.e6" e2="DrugDDI.d266.s3.e9" interaction="false"/><pair id="DrugDDI.d266.s3.p42" e1="DrugDDI.d266.s3.e7" e2="DrugDDI.d266.s3.e8" interaction="false"/><pair id="DrugDDI.d266.s3.p43" e1="DrugDDI.d266.s3.e7" e2="DrugDDI.d266.s3.e9" interaction="false"/><pair id="DrugDDI.d266.s3.p44" e1="DrugDDI.d266.s3.e8" e2="DrugDDI.d266.s3.e9" interaction="false"/></sentence><sentence id="DrugDDI.d266.s4" origId="s4" text="Such agents must be discontinued at least seven days prior to starting therapy with VISTIDE."><entity id="DrugDDI.d266.s4.e0" origId="s4.p80" charOffset="84-91" type="drug" text="VISTIDE"/></sentence></document>