<?xml version="1.0" encoding="UTF-8"?>
<document id="DrugDDI.d452" origId="Cilostazol"><sentence id="DrugDDI.d452.s0" origId="s0" text="Since PLETAL is extensively metabolized by cytochrome P-450 isoenzymes, caution should be exercised when PLETAL is coadministered with inhibitors of C.P.A. such as ketoconazole and erythromycin or inhibitors of CYP2C19 such as omeprazole."><entity id="DrugDDI.d452.s0.e0" origId="s0.p1" charOffset="6-12" type="drug" text="PLETAL"/><entity id="DrugDDI.d452.s0.e1" origId="s0.p5" charOffset="43-59" type="drug" text="cytochrome P-450"/><entity id="DrugDDI.d452.s0.e2" origId="s0.p11" charOffset="105-111" type="drug" text="PLETAL"/><entity id="DrugDDI.d452.s0.e3" origId="s0.p16" charOffset="164-176" type="drug" text="ketoconazole"/><entity id="DrugDDI.d452.s0.e4" origId="s0.p18" charOffset="181-193" type="drug" text="erythromycin"/><entity id="DrugDDI.d452.s0.e5" origId="s0.p21" charOffset="211-218" type="drug" text="CYP2C19"/><entity id="DrugDDI.d452.s0.e6" origId="s0.p22" charOffset="227-237" type="drug" text="omeprazole"/><pair id="DrugDDI.d452.s0.p0" e1="DrugDDI.d452.s0.e0" e2="DrugDDI.d452.s0.e1" interaction="false"/><pair id="DrugDDI.d452.s0.p1" e1="DrugDDI.d452.s0.e0" e2="DrugDDI.d452.s0.e2" interaction="false"/><pair id="DrugDDI.d452.s0.p2" e1="DrugDDI.d452.s0.e0" e2="DrugDDI.d452.s0.e3" interaction="false"/><pair id="DrugDDI.d452.s0.p3" e1="DrugDDI.d452.s0.e0" e2="DrugDDI.d452.s0.e4" interaction="false"/><pair id="DrugDDI.d452.s0.p4" e1="DrugDDI.d452.s0.e0" e2="DrugDDI.d452.s0.e5" interaction="false"/><pair id="DrugDDI.d452.s0.p5" e1="DrugDDI.d452.s0.e0" e2="DrugDDI.d452.s0.e6" interaction="false"/><pair id="DrugDDI.d452.s0.p6" e1="DrugDDI.d452.s0.e1" e2="DrugDDI.d452.s0.e2" interaction="false"/><pair id="DrugDDI.d452.s0.p7" e1="DrugDDI.d452.s0.e1" e2="DrugDDI.d452.s0.e3" interaction="false"/><pair id="DrugDDI.d452.s0.p8" e1="DrugDDI.d452.s0.e1" e2="DrugDDI.d452.s0.e4" interaction="false"/><pair id="DrugDDI.d452.s0.p9" e1="DrugDDI.d452.s0.e1" e2="DrugDDI.d452.s0.e5" interaction="false"/><pair id="DrugDDI.d452.s0.p10" e1="DrugDDI.d452.s0.e1" e2="DrugDDI.d452.s0.e6" interaction="false"/><pair id="DrugDDI.d452.s0.p11" e1="DrugDDI.d452.s0.e2" e2="DrugDDI.d452.s0.e3" interaction="true"/><pair id="DrugDDI.d452.s0.p12" e1="DrugDDI.d452.s0.e2" e2="DrugDDI.d452.s0.e4" interaction="false"/><pair id="DrugDDI.d452.s0.p13" e1="DrugDDI.d452.s0.e2" e2="DrugDDI.d452.s0.e5" interaction="false"/><pair id="DrugDDI.d452.s0.p14" e1="DrugDDI.d452.s0.e2" e2="DrugDDI.d452.s0.e6" interaction="true"/><pair id="DrugDDI.d452.s0.p15" e1="DrugDDI.d452.s0.e3" e2="DrugDDI.d452.s0.e4" interaction="false"/><pair id="DrugDDI.d452.s0.p16" e1="DrugDDI.d452.s0.e3" e2="DrugDDI.d452.s0.e5" interaction="false"/><pair id="DrugDDI.d452.s0.p17" e1="DrugDDI.d452.s0.e3" e2="DrugDDI.d452.s0.e6" interaction="false"/><pair id="DrugDDI.d452.s0.p18" e1="DrugDDI.d452.s0.e4" e2="DrugDDI.d452.s0.e5" interaction="false"/><pair id="DrugDDI.d452.s0.p19" e1="DrugDDI.d452.s0.e4" e2="DrugDDI.d452.s0.e6" interaction="false"/><pair id="DrugDDI.d452.s0.p20" e1="DrugDDI.d452.s0.e5" e2="DrugDDI.d452.s0.e6" interaction="false"/></sentence><sentence id="DrugDDI.d452.s1" origId="s1" text="Pharmacokinetic studies have demonstrated that omeprazole and erythromycin significantly increased the systemic exposure of cilostazol and/or its major metabolites."><entity id="DrugDDI.d452.s1.e0" origId="s1.p26" charOffset="47-57" type="drug" text="omeprazole"/><entity id="DrugDDI.d452.s1.e1" origId="s1.p28" charOffset="62-74" type="drug" text="erythromycin"/><entity id="DrugDDI.d452.s1.e2" origId="s1.p31" charOffset="124-134" type="drug" text="cilostazol"/><entity id="DrugDDI.d452.s1.e3" origId="s1.p33" charOffset="152-163" type="drug" text="metabolites"/><pair id="DrugDDI.d452.s1.p0" e1="DrugDDI.d452.s1.e0" e2="DrugDDI.d452.s1.e1" interaction="true"/><pair id="DrugDDI.d452.s1.p1" e1="DrugDDI.d452.s1.e0" e2="DrugDDI.d452.s1.e2" interaction="true"/><pair id="DrugDDI.d452.s1.p2" e1="DrugDDI.d452.s1.e0" e2="DrugDDI.d452.s1.e3" interaction="false"/><pair id="DrugDDI.d452.s1.p3" e1="DrugDDI.d452.s1.e1" e2="DrugDDI.d452.s1.e2" interaction="true"/><pair id="DrugDDI.d452.s1.p4" e1="DrugDDI.d452.s1.e1" e2="DrugDDI.d452.s1.e3" interaction="false"/><pair id="DrugDDI.d452.s1.p5" e1="DrugDDI.d452.s1.e2" e2="DrugDDI.d452.s1.e3" interaction="false"/></sentence><sentence id="DrugDDI.d452.s2" origId="s2" text="Population pharmacokinetic studies showed higher concentrations of cilostazol among patients concurrently treated with diltiazem, an inhibitor of C.P.A.."><entity id="DrugDDI.d452.s2.e0" origId="s2.p37" charOffset="67-77" type="drug" text="cilostazol"/><entity id="DrugDDI.d452.s2.e1" origId="s2.p40" charOffset="119-128" type="drug" text="diltiazem"/><pair id="DrugDDI.d452.s2.p0" e1="DrugDDI.d452.s2.e0" e2="DrugDDI.d452.s2.e1" interaction="true"/></sentence><sentence id="DrugDDI.d452.s3" origId="s3" text="Pletal does not, however, appear to cause increased blood levels of drugs metabolized by CYP3A4, as it had no effect on lovastatin, a drug with metabolism very sensitive to C.P.A. inhibition."><entity id="DrugDDI.d452.s3.e0" origId="s3.p43" charOffset="0-6" type="drug" text="Pletal"/><entity id="DrugDDI.d452.s3.e1" origId="s3.p51" charOffset="68-73" type="drug" text="drugs"/><entity id="DrugDDI.d452.s3.e2" origId="s3.p53" charOffset="89-95" type="drug" text="CYP3A4"/><entity id="DrugDDI.d452.s3.e3" origId="s3.p58" charOffset="120-130" type="drug" text="lovastatin"/><entity id="DrugDDI.d452.s3.e4" origId="s3.p59" charOffset="134-138" type="drug" text="drug"/><pair id="DrugDDI.d452.s3.p0" e1="DrugDDI.d452.s3.e0" e2="DrugDDI.d452.s3.e1" interaction="false"/><pair id="DrugDDI.d452.s3.p1" e1="DrugDDI.d452.s3.e0" e2="DrugDDI.d452.s3.e2" interaction="false"/><pair id="DrugDDI.d452.s3.p2" e1="DrugDDI.d452.s3.e0" e2="DrugDDI.d452.s3.e3" interaction="false"/><pair id="DrugDDI.d452.s3.p3" e1="DrugDDI.d452.s3.e0" e2="DrugDDI.d452.s3.e4" interaction="false"/><pair id="DrugDDI.d452.s3.p4" e1="DrugDDI.d452.s3.e1" e2="DrugDDI.d452.s3.e2" interaction="false"/><pair id="DrugDDI.d452.s3.p5" e1="DrugDDI.d452.s3.e1" e2="DrugDDI.d452.s3.e3" interaction="false"/><pair id="DrugDDI.d452.s3.p6" e1="DrugDDI.d452.s3.e1" e2="DrugDDI.d452.s3.e4" interaction="false"/><pair id="DrugDDI.d452.s3.p7" e1="DrugDDI.d452.s3.e2" e2="DrugDDI.d452.s3.e3" interaction="false"/><pair id="DrugDDI.d452.s3.p8" e1="DrugDDI.d452.s3.e2" e2="DrugDDI.d452.s3.e4" interaction="false"/><pair id="DrugDDI.d452.s3.p9" e1="DrugDDI.d452.s3.e3" e2="DrugDDI.d452.s3.e4" interaction="false"/></sentence></document>