<?xml version="1.0" encoding="UTF-8"?>
<document id="DrugDDI.d80" origId="Cinacalcet"><sentence id="DrugDDI.d80.s0" origId="s0" text="and/or Drug/Laboratory Test Interactions See CLINICAL PHARMACOLOGY, Pharmacokinetics and Drug Interactions."><entity id="DrugDDI.d80.s0.e0" origId="s0.p1" charOffset="7-11" type="drug" text="Drug"/></sentence><sentence id="DrugDDI.d80.s1" origId="s1" text="Effect of Sensipar on other drugs: Drugs metabolized by cytochrome P450 2D6 (CYP2D6): Sensipar? is a strong in vitro inhibitor of CYP2D6."><entity id="DrugDDI.d80.s1.e0" origId="s1.p9" charOffset="10-18" type="drug" text="Sensipar"/><entity id="DrugDDI.d80.s1.e1" origId="s1.p10" charOffset="28-33" type="drug" text="drugs"/><entity id="DrugDDI.d80.s1.e2" origId="s1.p12" charOffset="35-40" type="drug" text="Drugs"/><entity id="DrugDDI.d80.s1.e3" origId="s1.p14" charOffset="56-75" type="drug" text="cytochrome P450 2D6"/><entity id="DrugDDI.d80.s1.e4" origId="s1.p16" charOffset="77-83" type="drug" text="CYP2D6"/><entity id="DrugDDI.d80.s1.e5" origId="s1.p22" charOffset="130-136" type="drug" text="CYP2D6"/><pair id="DrugDDI.d80.s1.p0" e1="DrugDDI.d80.s1.e0" e2="DrugDDI.d80.s1.e1" interaction="false"/><pair id="DrugDDI.d80.s1.p1" e1="DrugDDI.d80.s1.e0" e2="DrugDDI.d80.s1.e2" interaction="false"/><pair id="DrugDDI.d80.s1.p2" e1="DrugDDI.d80.s1.e0" e2="DrugDDI.d80.s1.e3" interaction="false"/><pair id="DrugDDI.d80.s1.p3" e1="DrugDDI.d80.s1.e0" e2="DrugDDI.d80.s1.e4" interaction="false"/><pair id="DrugDDI.d80.s1.p4" e1="DrugDDI.d80.s1.e0" e2="DrugDDI.d80.s1.e5" interaction="false"/><pair id="DrugDDI.d80.s1.p5" e1="DrugDDI.d80.s1.e1" e2="DrugDDI.d80.s1.e2" interaction="false"/><pair id="DrugDDI.d80.s1.p6" e1="DrugDDI.d80.s1.e1" e2="DrugDDI.d80.s1.e3" interaction="false"/><pair id="DrugDDI.d80.s1.p7" e1="DrugDDI.d80.s1.e1" e2="DrugDDI.d80.s1.e4" interaction="false"/><pair id="DrugDDI.d80.s1.p8" e1="DrugDDI.d80.s1.e1" e2="DrugDDI.d80.s1.e5" interaction="false"/><pair id="DrugDDI.d80.s1.p9" e1="DrugDDI.d80.s1.e2" e2="DrugDDI.d80.s1.e3" interaction="true"/><pair id="DrugDDI.d80.s1.p10" e1="DrugDDI.d80.s1.e2" e2="DrugDDI.d80.s1.e4" interaction="false"/><pair id="DrugDDI.d80.s1.p11" e1="DrugDDI.d80.s1.e2" e2="DrugDDI.d80.s1.e5" interaction="false"/><pair id="DrugDDI.d80.s1.p12" e1="DrugDDI.d80.s1.e3" e2="DrugDDI.d80.s1.e4" interaction="false"/><pair id="DrugDDI.d80.s1.p13" e1="DrugDDI.d80.s1.e3" e2="DrugDDI.d80.s1.e5" interaction="false"/><pair id="DrugDDI.d80.s1.p14" e1="DrugDDI.d80.s1.e4" e2="DrugDDI.d80.s1.e5" interaction="false"/></sentence><sentence id="DrugDDI.d80.s2" origId="s2" text="Therefore, dose adjustments of concomitant medications that are predominantly metabolized by CYP2D6 and have a narrow therapeutic index (e.g., flecainide, vinblastine, thioridazine and most tricyclic antidepressants) may be required."><entity id="DrugDDI.d80.s2.e0" origId="s2.p25" charOffset="43-54" type="drug" text="medications"/><entity id="DrugDDI.d80.s2.e1" origId="s2.p30" charOffset="93-99" type="drug" text="CYP2D6"/><entity id="DrugDDI.d80.s2.e2" origId="s2.p36" charOffset="143-153" type="drug" text="flecainide"/><entity id="DrugDDI.d80.s2.e3" origId="s2.p37" charOffset="155-166" type="drug" text="vinblastine"/><entity id="DrugDDI.d80.s2.e4" origId="s2.p38" charOffset="168-180" type="drug" text="thioridazine"/><entity id="DrugDDI.d80.s2.e5" origId="s2.p40" charOffset="190-215" type="drug" text="tricyclic antidepressants"/><pair id="DrugDDI.d80.s2.p0" e1="DrugDDI.d80.s2.e0" e2="DrugDDI.d80.s2.e1" interaction="false"/><pair id="DrugDDI.d80.s2.p1" e1="DrugDDI.d80.s2.e0" e2="DrugDDI.d80.s2.e2" interaction="false"/><pair id="DrugDDI.d80.s2.p2" e1="DrugDDI.d80.s2.e0" e2="DrugDDI.d80.s2.e3" interaction="false"/><pair id="DrugDDI.d80.s2.p3" e1="DrugDDI.d80.s2.e0" e2="DrugDDI.d80.s2.e4" interaction="false"/><pair id="DrugDDI.d80.s2.p4" e1="DrugDDI.d80.s2.e0" e2="DrugDDI.d80.s2.e5" interaction="false"/><pair id="DrugDDI.d80.s2.p5" e1="DrugDDI.d80.s2.e1" e2="DrugDDI.d80.s2.e2" interaction="false"/><pair id="DrugDDI.d80.s2.p6" e1="DrugDDI.d80.s2.e1" e2="DrugDDI.d80.s2.e3" interaction="false"/><pair id="DrugDDI.d80.s2.p7" e1="DrugDDI.d80.s2.e1" e2="DrugDDI.d80.s2.e4" interaction="false"/><pair id="DrugDDI.d80.s2.p8" e1="DrugDDI.d80.s2.e1" e2="DrugDDI.d80.s2.e5" interaction="false"/><pair id="DrugDDI.d80.s2.p9" e1="DrugDDI.d80.s2.e2" e2="DrugDDI.d80.s2.e3" interaction="false"/><pair id="DrugDDI.d80.s2.p10" e1="DrugDDI.d80.s2.e2" e2="DrugDDI.d80.s2.e4" interaction="false"/><pair id="DrugDDI.d80.s2.p11" e1="DrugDDI.d80.s2.e2" e2="DrugDDI.d80.s2.e5" interaction="false"/><pair id="DrugDDI.d80.s2.p12" e1="DrugDDI.d80.s2.e3" e2="DrugDDI.d80.s2.e4" interaction="false"/><pair id="DrugDDI.d80.s2.p13" e1="DrugDDI.d80.s2.e3" e2="DrugDDI.d80.s2.e5" interaction="false"/><pair id="DrugDDI.d80.s2.p14" e1="DrugDDI.d80.s2.e4" e2="DrugDDI.d80.s2.e5" interaction="false"/></sentence><sentence id="DrugDDI.d80.s3" origId="s3" text="Amitriptyline: Concurrent administration of 25 mg or 100 mg cinacalcet with 50 mg amitriptyline increased amitriptyline exposure and nortriptyline (active metabolite) exposure by approximately 20% in CYP2D6 extensive metabolizers."><entity id="DrugDDI.d80.s3.e0" origId="s3.p45" charOffset="0-13" type="drug" text="Amitriptyline"/><entity id="DrugDDI.d80.s3.e1" origId="s3.p50" charOffset="60-70" type="drug" text="cinacalcet"/><entity id="DrugDDI.d80.s3.e2" origId="s3.p51" charOffset="82-95" type="drug" text="amitriptyline"/><entity id="DrugDDI.d80.s3.e3" origId="s3.p53" charOffset="106-119" type="drug" text="amitriptyline"/><entity id="DrugDDI.d80.s3.e4" origId="s3.p55" charOffset="133-146" type="drug" text="nortriptyline"/><entity id="DrugDDI.d80.s3.e5" origId="s3.p57" charOffset="148-165" type="drug" text="active metabolite"/><entity id="DrugDDI.d80.s3.e6" origId="s3.p61" charOffset="200-206" type="drug" text="CYP2D6"/><pair id="DrugDDI.d80.s3.p0" e1="DrugDDI.d80.s3.e0" e2="DrugDDI.d80.s3.e1" interaction="false"/><pair id="DrugDDI.d80.s3.p1" e1="DrugDDI.d80.s3.e0" e2="DrugDDI.d80.s3.e2" interaction="false"/><pair id="DrugDDI.d80.s3.p2" e1="DrugDDI.d80.s3.e0" e2="DrugDDI.d80.s3.e3" interaction="false"/><pair id="DrugDDI.d80.s3.p3" e1="DrugDDI.d80.s3.e0" e2="DrugDDI.d80.s3.e4" interaction="false"/><pair id="DrugDDI.d80.s3.p4" e1="DrugDDI.d80.s3.e0" e2="DrugDDI.d80.s3.e5" interaction="false"/><pair id="DrugDDI.d80.s3.p5" e1="DrugDDI.d80.s3.e0" e2="DrugDDI.d80.s3.e6" interaction="false"/><pair id="DrugDDI.d80.s3.p6" e1="DrugDDI.d80.s3.e1" e2="DrugDDI.d80.s3.e2" interaction="true"/><pair id="DrugDDI.d80.s3.p7" e1="DrugDDI.d80.s3.e1" e2="DrugDDI.d80.s3.e3" interaction="false"/><pair id="DrugDDI.d80.s3.p8" e1="DrugDDI.d80.s3.e1" e2="DrugDDI.d80.s3.e4" interaction="false"/><pair id="DrugDDI.d80.s3.p9" e1="DrugDDI.d80.s3.e1" e2="DrugDDI.d80.s3.e5" interaction="false"/><pair id="DrugDDI.d80.s3.p10" e1="DrugDDI.d80.s3.e1" e2="DrugDDI.d80.s3.e6" interaction="false"/><pair id="DrugDDI.d80.s3.p11" e1="DrugDDI.d80.s3.e2" e2="DrugDDI.d80.s3.e3" interaction="false"/><pair id="DrugDDI.d80.s3.p12" e1="DrugDDI.d80.s3.e2" e2="DrugDDI.d80.s3.e4" interaction="false"/><pair id="DrugDDI.d80.s3.p13" e1="DrugDDI.d80.s3.e2" e2="DrugDDI.d80.s3.e5" interaction="false"/><pair id="DrugDDI.d80.s3.p14" e1="DrugDDI.d80.s3.e2" e2="DrugDDI.d80.s3.e6" interaction="false"/><pair id="DrugDDI.d80.s3.p15" e1="DrugDDI.d80.s3.e3" e2="DrugDDI.d80.s3.e4" interaction="false"/><pair id="DrugDDI.d80.s3.p16" e1="DrugDDI.d80.s3.e3" e2="DrugDDI.d80.s3.e5" interaction="false"/><pair id="DrugDDI.d80.s3.p17" e1="DrugDDI.d80.s3.e3" e2="DrugDDI.d80.s3.e6" interaction="false"/><pair id="DrugDDI.d80.s3.p18" e1="DrugDDI.d80.s3.e4" e2="DrugDDI.d80.s3.e5" interaction="false"/><pair id="DrugDDI.d80.s3.p19" e1="DrugDDI.d80.s3.e4" e2="DrugDDI.d80.s3.e6" interaction="false"/><pair id="DrugDDI.d80.s3.p20" e1="DrugDDI.d80.s3.e5" e2="DrugDDI.d80.s3.e6" interaction="false"/></sentence><sentence id="DrugDDI.d80.s4" origId="s4" text="Effect of other drugs on Sensipar : Sensipar? is metabolized by multiple cytochrome P450 enzymes, primarily CYP3A4, CYP2D6, and CYP1A2."><entity id="DrugDDI.d80.s4.e0" origId="s4.p63" charOffset="16-21" type="drug" text="drugs"/><entity id="DrugDDI.d80.s4.e1" origId="s4.p64" charOffset="25-33" type="drug" text="Sensipar"/><entity id="DrugDDI.d80.s4.e2" origId="s4.p69" charOffset="73-88" type="drug" text="cytochrome P450"/><entity id="DrugDDI.d80.s4.e3" origId="s4.p70" charOffset="108-114" type="drug" text="CYP3A4"/><entity id="DrugDDI.d80.s4.e4" origId="s4.p71" charOffset="116-122" type="drug" text="CYP2D6"/><entity id="DrugDDI.d80.s4.e5" origId="s4.p73" charOffset="128-134" type="drug" text="CYP1A2"/><pair id="DrugDDI.d80.s4.p0" e1="DrugDDI.d80.s4.e0" e2="DrugDDI.d80.s4.e1" interaction="false"/><pair id="DrugDDI.d80.s4.p1" e1="DrugDDI.d80.s4.e0" e2="DrugDDI.d80.s4.e2" interaction="false"/><pair id="DrugDDI.d80.s4.p2" e1="DrugDDI.d80.s4.e0" e2="DrugDDI.d80.s4.e3" interaction="false"/><pair id="DrugDDI.d80.s4.p3" e1="DrugDDI.d80.s4.e0" e2="DrugDDI.d80.s4.e4" interaction="false"/><pair id="DrugDDI.d80.s4.p4" e1="DrugDDI.d80.s4.e0" e2="DrugDDI.d80.s4.e5" interaction="false"/><pair id="DrugDDI.d80.s4.p5" e1="DrugDDI.d80.s4.e1" e2="DrugDDI.d80.s4.e2" interaction="false"/><pair id="DrugDDI.d80.s4.p6" e1="DrugDDI.d80.s4.e1" e2="DrugDDI.d80.s4.e3" interaction="false"/><pair id="DrugDDI.d80.s4.p7" e1="DrugDDI.d80.s4.e1" e2="DrugDDI.d80.s4.e4" interaction="false"/><pair id="DrugDDI.d80.s4.p8" e1="DrugDDI.d80.s4.e1" e2="DrugDDI.d80.s4.e5" interaction="false"/><pair id="DrugDDI.d80.s4.p9" e1="DrugDDI.d80.s4.e2" e2="DrugDDI.d80.s4.e3" interaction="false"/><pair id="DrugDDI.d80.s4.p10" e1="DrugDDI.d80.s4.e2" e2="DrugDDI.d80.s4.e4" interaction="false"/><pair id="DrugDDI.d80.s4.p11" e1="DrugDDI.d80.s4.e2" e2="DrugDDI.d80.s4.e5" interaction="false"/><pair id="DrugDDI.d80.s4.p12" e1="DrugDDI.d80.s4.e3" e2="DrugDDI.d80.s4.e4" interaction="false"/><pair id="DrugDDI.d80.s4.p13" e1="DrugDDI.d80.s4.e3" e2="DrugDDI.d80.s4.e5" interaction="false"/><pair id="DrugDDI.d80.s4.p14" e1="DrugDDI.d80.s4.e4" e2="DrugDDI.d80.s4.e5" interaction="false"/></sentence><sentence id="DrugDDI.d80.s5" origId="s5" text="Ketoconazole: Sensipar is metabolized in part by CYP3A4."><entity id="DrugDDI.d80.s5.e0" origId="s5.p74" charOffset="0-12" type="drug" text="Ketoconazole"/><entity id="DrugDDI.d80.s5.e1" origId="s5.p76" charOffset="14-22" type="drug" text="Sensipar"/><entity id="DrugDDI.d80.s5.e2" origId="s5.p80" charOffset="49-55" type="drug" text="CYP3A4"/><pair id="DrugDDI.d80.s5.p0" e1="DrugDDI.d80.s5.e0" e2="DrugDDI.d80.s5.e1" interaction="false"/><pair id="DrugDDI.d80.s5.p1" e1="DrugDDI.d80.s5.e0" e2="DrugDDI.d80.s5.e2" interaction="false"/><pair id="DrugDDI.d80.s5.p2" e1="DrugDDI.d80.s5.e1" e2="DrugDDI.d80.s5.e2" interaction="true"/></sentence><sentence id="DrugDDI.d80.s6" origId="s6" text="Co-administration of ketoconazole, a strong inhibitor of CYP3A4, increased cinacalcet exposure following a single 90 mg dose of Sensipar by 2.3 fold."><entity id="DrugDDI.d80.s6.e0" origId="s6.p82" charOffset="21-33" type="drug" text="ketoconazole"/><entity id="DrugDDI.d80.s6.e1" origId="s6.p84" charOffset="57-63" type="drug" text="CYP3A4"/><entity id="DrugDDI.d80.s6.e2" origId="s6.p86" charOffset="75-85" type="drug" text="cinacalcet"/><entity id="DrugDDI.d80.s6.e3" origId="s6.p89" charOffset="128-136" type="drug" text="Sensipar"/><pair id="DrugDDI.d80.s6.p0" e1="DrugDDI.d80.s6.e0" e2="DrugDDI.d80.s6.e1" interaction="false"/><pair id="DrugDDI.d80.s6.p1" e1="DrugDDI.d80.s6.e0" e2="DrugDDI.d80.s6.e2" interaction="false"/><pair id="DrugDDI.d80.s6.p2" e1="DrugDDI.d80.s6.e0" e2="DrugDDI.d80.s6.e3" interaction="true"/><pair id="DrugDDI.d80.s6.p3" e1="DrugDDI.d80.s6.e1" e2="DrugDDI.d80.s6.e2" interaction="false"/><pair id="DrugDDI.d80.s6.p4" e1="DrugDDI.d80.s6.e1" e2="DrugDDI.d80.s6.e3" interaction="false"/><pair id="DrugDDI.d80.s6.p5" e1="DrugDDI.d80.s6.e2" e2="DrugDDI.d80.s6.e3" interaction="false"/></sentence><sentence id="DrugDDI.d80.s7" origId="s7" text="Dose adjustment of Sensipar may be required and PTH and serum calcium concentrations should be closely monitored if a patient initiates or discontinues therapy with a strong CYP3A4 inhibitor (e.g., ketoconazole, erythromycin, itraconazole;"><entity id="DrugDDI.d80.s7.e0" origId="s7.p92" charOffset="19-27" type="drug" text="Sensipar"/><entity id="DrugDDI.d80.s7.e1" origId="s7.p97" charOffset="48-51" type="drug" text="PTH"/><entity id="DrugDDI.d80.s7.e2" origId="s7.p109" charOffset="174-180" type="drug" text="CYP3A4"/><entity id="DrugDDI.d80.s7.e3" origId="s7.p112" charOffset="198-210" type="drug" text="ketoconazole"/><entity id="DrugDDI.d80.s7.e4" origId="s7.p113" charOffset="212-224" type="drug" text="erythromycin"/><entity id="DrugDDI.d80.s7.e5" origId="s7.p114" charOffset="226-238" type="drug" text="itraconazole"/><pair id="DrugDDI.d80.s7.p0" e1="DrugDDI.d80.s7.e0" e2="DrugDDI.d80.s7.e1" interaction="false"/><pair id="DrugDDI.d80.s7.p1" e1="DrugDDI.d80.s7.e0" e2="DrugDDI.d80.s7.e2" interaction="false"/><pair id="DrugDDI.d80.s7.p2" e1="DrugDDI.d80.s7.e0" e2="DrugDDI.d80.s7.e3" interaction="false"/><pair id="DrugDDI.d80.s7.p3" e1="DrugDDI.d80.s7.e0" e2="DrugDDI.d80.s7.e4" interaction="false"/><pair id="DrugDDI.d80.s7.p4" e1="DrugDDI.d80.s7.e0" e2="DrugDDI.d80.s7.e5" interaction="false"/><pair id="DrugDDI.d80.s7.p5" e1="DrugDDI.d80.s7.e1" e2="DrugDDI.d80.s7.e2" interaction="false"/><pair id="DrugDDI.d80.s7.p6" e1="DrugDDI.d80.s7.e1" e2="DrugDDI.d80.s7.e3" interaction="false"/><pair id="DrugDDI.d80.s7.p7" e1="DrugDDI.d80.s7.e1" e2="DrugDDI.d80.s7.e4" interaction="false"/><pair id="DrugDDI.d80.s7.p8" e1="DrugDDI.d80.s7.e1" e2="DrugDDI.d80.s7.e5" interaction="false"/><pair id="DrugDDI.d80.s7.p9" e1="DrugDDI.d80.s7.e2" e2="DrugDDI.d80.s7.e3" interaction="false"/><pair id="DrugDDI.d80.s7.p10" e1="DrugDDI.d80.s7.e2" e2="DrugDDI.d80.s7.e4" interaction="false"/><pair id="DrugDDI.d80.s7.p11" e1="DrugDDI.d80.s7.e2" e2="DrugDDI.d80.s7.e5" interaction="false"/><pair id="DrugDDI.d80.s7.p12" e1="DrugDDI.d80.s7.e3" e2="DrugDDI.d80.s7.e4" interaction="false"/><pair id="DrugDDI.d80.s7.p13" e1="DrugDDI.d80.s7.e3" e2="DrugDDI.d80.s7.e5" interaction="false"/><pair id="DrugDDI.d80.s7.p14" e1="DrugDDI.d80.s7.e4" e2="DrugDDI.d80.s7.e5" interaction="false"/></sentence><sentence id="DrugDDI.d80.s8" origId="s8" text="see DOSAGE AND ADMINISTRATION)."/></document>