<?xml version="1.0" encoding="UTF-8"?>
<document id="DrugDDI.d553" origId="Cisatracurium Besylate"><sentence id="DrugDDI.d553.s0" origId="s0" text="NIMBEX has been used safely following varying degrees of recovery from succinylcholine-induced neuromuscular block."><entity id="DrugDDI.d553.s0.e0" origId="s0.p0" charOffset="0-6" type="drug" text="NIMBEX"/><entity id="DrugDDI.d553.s0.e1" origId="s0.p8" charOffset="71-86" type="drug" text="succinylcholine"/><pair id="DrugDDI.d553.s0.p0" e1="DrugDDI.d553.s0.e0" e2="DrugDDI.d553.s0.e1" interaction="false"/></sentence><sentence id="DrugDDI.d553.s1" origId="s1" text="Administration of 0.1-mg/kg (2 x ED95) NIMBEX at 10% or 95% recovery following an intubating dose of succinylcholine (1 mg/kg) produced ?95% neuromuscular block."><entity id="DrugDDI.d553.s1.e0" origId="s1.p14" charOffset="39-45" type="drug" text="NIMBEX"/><entity id="DrugDDI.d553.s1.e1" origId="s1.p20" charOffset="101-116" type="drug" text="succinylcholine"/><pair id="DrugDDI.d553.s1.p0" e1="DrugDDI.d553.s1.e0" e2="DrugDDI.d553.s1.e1" interaction="true"/></sentence><sentence id="DrugDDI.d553.s2" origId="s2" text="The time to onset of maximum block following NIMBEX is approximately 2 minutes faster with prior administration of succinylcholine."><entity id="DrugDDI.d553.s2.e0" origId="s2.p30" charOffset="45-51" type="drug" text="NIMBEX"/><entity id="DrugDDI.d553.s2.e1" origId="s2.p34" charOffset="115-130" type="drug" text="succinylcholine"/><pair id="DrugDDI.d553.s2.p0" e1="DrugDDI.d553.s2.e0" e2="DrugDDI.d553.s2.e1" interaction="false"/></sentence><sentence id="DrugDDI.d553.s3" origId="s3" text="Prior administration of succinylcholine had no effect on the duration of neuromuscular block following initial or maintenance bolus doses of NIMBEX."><entity id="DrugDDI.d553.s3.e0" origId="s3.p36" charOffset="24-39" type="drug" text="succinylcholine"/><entity id="DrugDDI.d553.s3.e1" origId="s3.p45" charOffset="141-147" type="drug" text="NIMBEX"/><pair id="DrugDDI.d553.s3.p0" e1="DrugDDI.d553.s3.e0" e2="DrugDDI.d553.s3.e1" interaction="false"/></sentence><sentence id="DrugDDI.d553.s4" origId="s4" text="Infusion requirements of NIMBEX in patients administered succinylcholine prior to infusions of NIMBEX were comparable to or slightly greater than when succinylcholine was not administered."><entity id="DrugDDI.d553.s4.e0" origId="s4.p47" charOffset="25-31" type="drug" text="NIMBEX"/><entity id="DrugDDI.d553.s4.e1" origId="s4.p50" charOffset="57-72" type="drug" text="succinylcholine"/><entity id="DrugDDI.d553.s4.e2" origId="s4.p52" charOffset="95-101" type="drug" text="NIMBEX"/><entity id="DrugDDI.d553.s4.e3" origId="s4.p60" charOffset="151-166" type="drug" text="succinylcholine"/><pair id="DrugDDI.d553.s4.p0" e1="DrugDDI.d553.s4.e0" e2="DrugDDI.d553.s4.e1" interaction="false"/><pair id="DrugDDI.d553.s4.p1" e1="DrugDDI.d553.s4.e0" e2="DrugDDI.d553.s4.e2" interaction="false"/><pair id="DrugDDI.d553.s4.p2" e1="DrugDDI.d553.s4.e0" e2="DrugDDI.d553.s4.e3" interaction="false"/><pair id="DrugDDI.d553.s4.p3" e1="DrugDDI.d553.s4.e1" e2="DrugDDI.d553.s4.e2" interaction="false"/><pair id="DrugDDI.d553.s4.p4" e1="DrugDDI.d553.s4.e1" e2="DrugDDI.d553.s4.e3" interaction="false"/><pair id="DrugDDI.d553.s4.p5" e1="DrugDDI.d553.s4.e2" e2="DrugDDI.d553.s4.e3" interaction="false"/></sentence><sentence id="DrugDDI.d553.s5" origId="s5" text="The use of NIMBEX before succinylcholine to attenuate some of the side effects of succinylcholine has not been studied."><entity id="DrugDDI.d553.s5.e0" origId="s5.p65" charOffset="11-17" type="drug" text="NIMBEX"/><entity id="DrugDDI.d553.s5.e1" origId="s5.p66" charOffset="25-40" type="drug" text="succinylcholine"/><entity id="DrugDDI.d553.s5.e2" origId="s5.p70" charOffset="82-97" type="drug" text="succinylcholine"/><pair id="DrugDDI.d553.s5.p0" e1="DrugDDI.d553.s5.e0" e2="DrugDDI.d553.s5.e1" interaction="false"/><pair id="DrugDDI.d553.s5.p1" e1="DrugDDI.d553.s5.e0" e2="DrugDDI.d553.s5.e2" interaction="false"/><pair id="DrugDDI.d553.s5.p2" e1="DrugDDI.d553.s5.e1" e2="DrugDDI.d553.s5.e2" interaction="false"/></sentence><sentence id="DrugDDI.d553.s6" origId="s6" text="Although not studied systematically in clinical trials, no drug interactions were observed when vecuronium, pancuronium, or atracurium were administered following varying degrees of recovery from single doses or infusions of NIMBEX."><entity id="DrugDDI.d553.s6.e0" origId="s6.p84" charOffset="96-106" type="drug" text="vecuronium"/><entity id="DrugDDI.d553.s6.e1" origId="s6.p85" charOffset="108-119" type="drug" text="pancuronium"/><entity id="DrugDDI.d553.s6.e2" origId="s6.p87" charOffset="124-134" type="drug" text="atracurium"/><entity id="DrugDDI.d553.s6.e3" origId="s6.p96" charOffset="225-231" type="drug" text="NIMBEX"/><pair id="DrugDDI.d553.s6.p0" e1="DrugDDI.d553.s6.e0" e2="DrugDDI.d553.s6.e1" interaction="false"/><pair id="DrugDDI.d553.s6.p1" e1="DrugDDI.d553.s6.e0" e2="DrugDDI.d553.s6.e2" interaction="false"/><pair id="DrugDDI.d553.s6.p2" e1="DrugDDI.d553.s6.e0" e2="DrugDDI.d553.s6.e3" interaction="false"/><pair id="DrugDDI.d553.s6.p3" e1="DrugDDI.d553.s6.e1" e2="DrugDDI.d553.s6.e2" interaction="false"/><pair id="DrugDDI.d553.s6.p4" e1="DrugDDI.d553.s6.e1" e2="DrugDDI.d553.s6.e3" interaction="false"/><pair id="DrugDDI.d553.s6.p5" e1="DrugDDI.d553.s6.e2" e2="DrugDDI.d553.s6.e3" interaction="false"/></sentence><sentence id="DrugDDI.d553.s7" origId="s7" text="Isoflurane or enflurane administered with nitrous oxide/oxygen to achieve 1.25 MAC [Minimum Alveolar Concentration] may prolong the clinically effective duration of action of initial and maintenance doses of NIMBEX and decrease the required infusion rate of NIMBEX."><entity id="DrugDDI.d553.s7.e0" origId="s7.p97" charOffset="0-10" type="drug" text="Isoflurane"/><entity id="DrugDDI.d553.s7.e1" origId="s7.p99" charOffset="14-23" type="drug" text="enflurane"/><entity id="DrugDDI.d553.s7.e2" origId="s7.p101" charOffset="42-55" type="drug" text="nitrous oxide"/><entity id="DrugDDI.d553.s7.e3" origId="s7.p102" charOffset="56-62" type="drug" text="oxygen"/><entity id="DrugDDI.d553.s7.e4" origId="s7.p112" charOffset="208-214" type="drug" text="NIMBEX"/><entity id="DrugDDI.d553.s7.e5" origId="s7.p116" charOffset="258-264" type="drug" text="NIMBEX"/><pair id="DrugDDI.d553.s7.p0" e1="DrugDDI.d553.s7.e0" e2="DrugDDI.d553.s7.e1" interaction="false"/><pair id="DrugDDI.d553.s7.p1" e1="DrugDDI.d553.s7.e0" e2="DrugDDI.d553.s7.e2" interaction="true"/><pair id="DrugDDI.d553.s7.p2" e1="DrugDDI.d553.s7.e0" e2="DrugDDI.d553.s7.e3" interaction="false"/><pair id="DrugDDI.d553.s7.p3" e1="DrugDDI.d553.s7.e0" e2="DrugDDI.d553.s7.e4" interaction="false"/><pair id="DrugDDI.d553.s7.p4" e1="DrugDDI.d553.s7.e0" e2="DrugDDI.d553.s7.e5" interaction="false"/><pair id="DrugDDI.d553.s7.p5" e1="DrugDDI.d553.s7.e1" e2="DrugDDI.d553.s7.e2" interaction="true"/><pair id="DrugDDI.d553.s7.p6" e1="DrugDDI.d553.s7.e1" e2="DrugDDI.d553.s7.e3" interaction="false"/><pair id="DrugDDI.d553.s7.p7" e1="DrugDDI.d553.s7.e1" e2="DrugDDI.d553.s7.e4" interaction="false"/><pair id="DrugDDI.d553.s7.p8" e1="DrugDDI.d553.s7.e1" e2="DrugDDI.d553.s7.e5" interaction="false"/><pair id="DrugDDI.d553.s7.p9" e1="DrugDDI.d553.s7.e2" e2="DrugDDI.d553.s7.e3" interaction="false"/><pair id="DrugDDI.d553.s7.p10" e1="DrugDDI.d553.s7.e2" e2="DrugDDI.d553.s7.e4" interaction="false"/><pair id="DrugDDI.d553.s7.p11" e1="DrugDDI.d553.s7.e2" e2="DrugDDI.d553.s7.e5" interaction="false"/><pair id="DrugDDI.d553.s7.p12" e1="DrugDDI.d553.s7.e3" e2="DrugDDI.d553.s7.e4" interaction="false"/><pair id="DrugDDI.d553.s7.p13" e1="DrugDDI.d553.s7.e3" e2="DrugDDI.d553.s7.e5" interaction="false"/><pair id="DrugDDI.d553.s7.p14" e1="DrugDDI.d553.s7.e4" e2="DrugDDI.d553.s7.e5" interaction="false"/></sentence><sentence id="DrugDDI.d553.s8" origId="s8" text="The magnitude of these effects may depend on the duration of administration of the volatile agents."/><sentence id="DrugDDI.d553.s9" origId="s9" text="Fifteen to 30 minutes of exposure to 1.25 MAC isoflurane or enflurane had minimal effects on the duration of action of initial doses of NIMBEX and therefore, no adjustment to the initial dose should be necessary when NIMBEX is administered shortly after initiation of volatile agents."><entity id="DrugDDI.d553.s9.e0" origId="s9.p127" charOffset="46-56" type="drug" text="isoflurane"/><entity id="DrugDDI.d553.s9.e1" origId="s9.p129" charOffset="60-69" type="drug" text="enflurane"/><entity id="DrugDDI.d553.s9.e2" origId="s9.p135" charOffset="136-142" type="drug" text="NIMBEX"/><entity id="DrugDDI.d553.s9.e3" origId="s9.p144" charOffset="217-223" type="drug" text="NIMBEX"/><pair id="DrugDDI.d553.s9.p0" e1="DrugDDI.d553.s9.e0" e2="DrugDDI.d553.s9.e1" interaction="false"/><pair id="DrugDDI.d553.s9.p1" e1="DrugDDI.d553.s9.e0" e2="DrugDDI.d553.s9.e2" interaction="false"/><pair id="DrugDDI.d553.s9.p2" e1="DrugDDI.d553.s9.e0" e2="DrugDDI.d553.s9.e3" interaction="false"/><pair id="DrugDDI.d553.s9.p3" e1="DrugDDI.d553.s9.e1" e2="DrugDDI.d553.s9.e2" interaction="false"/><pair id="DrugDDI.d553.s9.p4" e1="DrugDDI.d553.s9.e1" e2="DrugDDI.d553.s9.e3" interaction="false"/><pair id="DrugDDI.d553.s9.p5" e1="DrugDDI.d553.s9.e2" e2="DrugDDI.d553.s9.e3" interaction="false"/></sentence><sentence id="DrugDDI.d553.s10" origId="s10" text="In long surgical procedures during enflurane or isoflurane anesthesia, less frequent maintenance dosing, lower maintenance doses, or reduced infusion rates of NIMBEX may be necessary."><entity id="DrugDDI.d553.s10.e0" origId="s10.p151" charOffset="35-44" type="drug" text="enflurane"/><entity id="DrugDDI.d553.s10.e1" origId="s10.p153" charOffset="48-58" type="drug" text="isoflurane"/><entity id="DrugDDI.d553.s10.e2" origId="s10.p159" charOffset="159-165" type="drug" text="NIMBEX"/><pair id="DrugDDI.d553.s10.p0" e1="DrugDDI.d553.s10.e0" e2="DrugDDI.d553.s10.e1" interaction="false"/><pair id="DrugDDI.d553.s10.p1" e1="DrugDDI.d553.s10.e0" e2="DrugDDI.d553.s10.e2" interaction="true"/><pair id="DrugDDI.d553.s10.p2" e1="DrugDDI.d553.s10.e1" e2="DrugDDI.d553.s10.e2" interaction="true"/></sentence><sentence id="DrugDDI.d553.s11" origId="s11" text="The average infusion rate requirement may be decreased by as much as 30% to 40%."/><sentence id="DrugDDI.d553.s12" origId="s12" text="In clinical studies propofol had no effect on the duration of action or dosing requirements for NIMBEX."><entity id="DrugDDI.d553.s12.e0" origId="s12.p172" charOffset="20-28" type="drug" text="propofol"/><entity id="DrugDDI.d553.s12.e1" origId="s12.p179" charOffset="96-102" type="drug" text="NIMBEX"/><pair id="DrugDDI.d553.s12.p0" e1="DrugDDI.d553.s12.e0" e2="DrugDDI.d553.s12.e1" interaction="false"/></sentence><sentence id="DrugDDI.d553.s13" origId="s13" text="Other drugs which may enhance the neuromuscular blocking action of nondepolarizing agents such as NIMBEX include certain antibiotics (e. g., aminoglycosides, tetracyclines, bacitracin, polymyxins, lincomycin, clindamycin, colistin, and sodium colistemethate), magnesium salts, lithium, local anesthetics, procainamide, and quinidine."><entity id="DrugDDI.d553.s13.e0" origId="s13.p180" charOffset="6-11" type="drug" text="drugs"/><entity id="DrugDDI.d553.s13.e1" origId="s13.p185" charOffset="67-88" type="drug" text="nondepolarizing agent"/><entity id="DrugDDI.d553.s13.e2" origId="s13.p186" charOffset="98-104" type="drug" text="NIMBEX"/><entity id="DrugDDI.d553.s13.e3" origId="s13.p188" charOffset="121-132" type="drug" text="antibiotics"/><entity id="DrugDDI.d553.s13.e4" origId="s13.p191" charOffset="141-156" type="drug" text="aminoglycosides"/><entity id="DrugDDI.d553.s13.e5" origId="s13.p192" charOffset="158-171" type="drug" text="tetracyclines"/><entity id="DrugDDI.d553.s13.e6" origId="s13.p193" charOffset="173-183" type="drug" text="bacitracin"/><entity id="DrugDDI.d553.s13.e7" origId="s13.p194" charOffset="185-195" type="drug" text="polymyxins"/><entity id="DrugDDI.d553.s13.e8" origId="s13.p195" charOffset="197-207" type="drug" text="lincomycin"/><entity id="DrugDDI.d553.s13.e9" origId="s13.p196" charOffset="209-220" type="drug" text="clindamycin"/><entity id="DrugDDI.d553.s13.e10" origId="s13.p197" charOffset="222-230" type="drug" text="colistin"/><entity id="DrugDDI.d553.s13.e11" origId="s13.p199" charOffset="236-242" type="drug" text="sodium"/><entity id="DrugDDI.d553.s13.e12" origId="s13.p202" charOffset="260-274" type="drug" text="magnesium salt"/><entity id="DrugDDI.d553.s13.e13" origId="s13.p203" charOffset="277-284" type="drug" text="lithium"/><entity id="DrugDDI.d553.s13.e14" origId="s13.p204" charOffset="286-303" type="drug" text="local anesthetics"/><entity id="DrugDDI.d553.s13.e15" origId="s13.p205" charOffset="305-317" type="drug" text="procainamide"/><entity id="DrugDDI.d553.s13.e16" origId="s13.p207" charOffset="323-332" type="drug" text="quinidine"/><pair id="DrugDDI.d553.s13.p0" e1="DrugDDI.d553.s13.e0" e2="DrugDDI.d553.s13.e1" interaction="true"/><pair id="DrugDDI.d553.s13.p1" e1="DrugDDI.d553.s13.e0" e2="DrugDDI.d553.s13.e2" interaction="false"/><pair id="DrugDDI.d553.s13.p2" e1="DrugDDI.d553.s13.e0" e2="DrugDDI.d553.s13.e3" interaction="false"/><pair id="DrugDDI.d553.s13.p3" e1="DrugDDI.d553.s13.e0" e2="DrugDDI.d553.s13.e4" interaction="false"/><pair id="DrugDDI.d553.s13.p4" e1="DrugDDI.d553.s13.e0" e2="DrugDDI.d553.s13.e5" interaction="false"/><pair id="DrugDDI.d553.s13.p5" e1="DrugDDI.d553.s13.e0" e2="DrugDDI.d553.s13.e6" interaction="false"/><pair id="DrugDDI.d553.s13.p6" e1="DrugDDI.d553.s13.e0" e2="DrugDDI.d553.s13.e7" interaction="false"/><pair id="DrugDDI.d553.s13.p7" e1="DrugDDI.d553.s13.e0" e2="DrugDDI.d553.s13.e8" interaction="false"/><pair id="DrugDDI.d553.s13.p8" e1="DrugDDI.d553.s13.e0" e2="DrugDDI.d553.s13.e9" interaction="false"/><pair id="DrugDDI.d553.s13.p9" e1="DrugDDI.d553.s13.e0" e2="DrugDDI.d553.s13.e10" interaction="false"/><pair id="DrugDDI.d553.s13.p10" e1="DrugDDI.d553.s13.e0" e2="DrugDDI.d553.s13.e11" interaction="false"/><pair id="DrugDDI.d553.s13.p11" e1="DrugDDI.d553.s13.e0" e2="DrugDDI.d553.s13.e12" interaction="false"/><pair id="DrugDDI.d553.s13.p12" e1="DrugDDI.d553.s13.e0" e2="DrugDDI.d553.s13.e13" interaction="false"/><pair id="DrugDDI.d553.s13.p13" e1="DrugDDI.d553.s13.e0" e2="DrugDDI.d553.s13.e14" interaction="false"/><pair id="DrugDDI.d553.s13.p14" e1="DrugDDI.d553.s13.e0" e2="DrugDDI.d553.s13.e15" interaction="false"/><pair id="DrugDDI.d553.s13.p15" e1="DrugDDI.d553.s13.e0" e2="DrugDDI.d553.s13.e16" interaction="false"/><pair id="DrugDDI.d553.s13.p16" e1="DrugDDI.d553.s13.e1" e2="DrugDDI.d553.s13.e2" interaction="false"/><pair id="DrugDDI.d553.s13.p17" e1="DrugDDI.d553.s13.e1" e2="DrugDDI.d553.s13.e3" interaction="false"/><pair id="DrugDDI.d553.s13.p18" e1="DrugDDI.d553.s13.e1" e2="DrugDDI.d553.s13.e4" interaction="false"/><pair id="DrugDDI.d553.s13.p19" e1="DrugDDI.d553.s13.e1" e2="DrugDDI.d553.s13.e5" interaction="false"/><pair id="DrugDDI.d553.s13.p20" e1="DrugDDI.d553.s13.e1" e2="DrugDDI.d553.s13.e6" interaction="false"/><pair id="DrugDDI.d553.s13.p21" e1="DrugDDI.d553.s13.e1" e2="DrugDDI.d553.s13.e7" interaction="false"/><pair id="DrugDDI.d553.s13.p22" e1="DrugDDI.d553.s13.e1" e2="DrugDDI.d553.s13.e8" interaction="false"/><pair id="DrugDDI.d553.s13.p23" e1="DrugDDI.d553.s13.e1" e2="DrugDDI.d553.s13.e9" interaction="false"/><pair id="DrugDDI.d553.s13.p24" e1="DrugDDI.d553.s13.e1" e2="DrugDDI.d553.s13.e10" interaction="false"/><pair id="DrugDDI.d553.s13.p25" e1="DrugDDI.d553.s13.e1" e2="DrugDDI.d553.s13.e11" interaction="false"/><pair id="DrugDDI.d553.s13.p26" e1="DrugDDI.d553.s13.e1" e2="DrugDDI.d553.s13.e12" interaction="false"/><pair id="DrugDDI.d553.s13.p27" e1="DrugDDI.d553.s13.e1" e2="DrugDDI.d553.s13.e13" interaction="false"/><pair id="DrugDDI.d553.s13.p28" e1="DrugDDI.d553.s13.e1" e2="DrugDDI.d553.s13.e14" interaction="false"/><pair id="DrugDDI.d553.s13.p29" e1="DrugDDI.d553.s13.e1" e2="DrugDDI.d553.s13.e15" interaction="false"/><pair id="DrugDDI.d553.s13.p30" e1="DrugDDI.d553.s13.e1" e2="DrugDDI.d553.s13.e16" interaction="false"/><pair id="DrugDDI.d553.s13.p31" e1="DrugDDI.d553.s13.e2" e2="DrugDDI.d553.s13.e3" interaction="false"/><pair id="DrugDDI.d553.s13.p32" e1="DrugDDI.d553.s13.e2" e2="DrugDDI.d553.s13.e4" interaction="false"/><pair id="DrugDDI.d553.s13.p33" e1="DrugDDI.d553.s13.e2" e2="DrugDDI.d553.s13.e5" interaction="false"/><pair id="DrugDDI.d553.s13.p34" e1="DrugDDI.d553.s13.e2" e2="DrugDDI.d553.s13.e6" interaction="false"/><pair id="DrugDDI.d553.s13.p35" e1="DrugDDI.d553.s13.e2" e2="DrugDDI.d553.s13.e7" interaction="false"/><pair id="DrugDDI.d553.s13.p36" e1="DrugDDI.d553.s13.e2" e2="DrugDDI.d553.s13.e8" interaction="false"/><pair id="DrugDDI.d553.s13.p37" e1="DrugDDI.d553.s13.e2" e2="DrugDDI.d553.s13.e9" interaction="false"/><pair id="DrugDDI.d553.s13.p38" e1="DrugDDI.d553.s13.e2" e2="DrugDDI.d553.s13.e10" interaction="false"/><pair id="DrugDDI.d553.s13.p39" e1="DrugDDI.d553.s13.e2" e2="DrugDDI.d553.s13.e11" interaction="false"/><pair id="DrugDDI.d553.s13.p40" e1="DrugDDI.d553.s13.e2" e2="DrugDDI.d553.s13.e12" interaction="false"/><pair id="DrugDDI.d553.s13.p41" e1="DrugDDI.d553.s13.e2" e2="DrugDDI.d553.s13.e13" interaction="false"/><pair id="DrugDDI.d553.s13.p42" e1="DrugDDI.d553.s13.e2" e2="DrugDDI.d553.s13.e14" interaction="false"/><pair id="DrugDDI.d553.s13.p43" e1="DrugDDI.d553.s13.e2" e2="DrugDDI.d553.s13.e15" interaction="false"/><pair id="DrugDDI.d553.s13.p44" e1="DrugDDI.d553.s13.e2" e2="DrugDDI.d553.s13.e16" interaction="false"/><pair id="DrugDDI.d553.s13.p45" e1="DrugDDI.d553.s13.e3" e2="DrugDDI.d553.s13.e4" interaction="false"/><pair id="DrugDDI.d553.s13.p46" e1="DrugDDI.d553.s13.e3" e2="DrugDDI.d553.s13.e5" interaction="false"/><pair id="DrugDDI.d553.s13.p47" e1="DrugDDI.d553.s13.e3" e2="DrugDDI.d553.s13.e6" interaction="false"/><pair id="DrugDDI.d553.s13.p48" e1="DrugDDI.d553.s13.e3" e2="DrugDDI.d553.s13.e7" interaction="false"/><pair id="DrugDDI.d553.s13.p49" e1="DrugDDI.d553.s13.e3" e2="DrugDDI.d553.s13.e8" interaction="false"/><pair id="DrugDDI.d553.s13.p50" e1="DrugDDI.d553.s13.e3" e2="DrugDDI.d553.s13.e9" interaction="false"/><pair id="DrugDDI.d553.s13.p51" e1="DrugDDI.d553.s13.e3" e2="DrugDDI.d553.s13.e10" interaction="false"/><pair id="DrugDDI.d553.s13.p52" e1="DrugDDI.d553.s13.e3" e2="DrugDDI.d553.s13.e11" interaction="false"/><pair id="DrugDDI.d553.s13.p53" e1="DrugDDI.d553.s13.e3" e2="DrugDDI.d553.s13.e12" interaction="false"/><pair id="DrugDDI.d553.s13.p54" e1="DrugDDI.d553.s13.e3" e2="DrugDDI.d553.s13.e13" interaction="false"/><pair id="DrugDDI.d553.s13.p55" e1="DrugDDI.d553.s13.e3" e2="DrugDDI.d553.s13.e14" interaction="false"/><pair id="DrugDDI.d553.s13.p56" e1="DrugDDI.d553.s13.e3" e2="DrugDDI.d553.s13.e15" interaction="false"/><pair id="DrugDDI.d553.s13.p57" e1="DrugDDI.d553.s13.e3" e2="DrugDDI.d553.s13.e16" interaction="false"/><pair id="DrugDDI.d553.s13.p58" e1="DrugDDI.d553.s13.e4" e2="DrugDDI.d553.s13.e5" interaction="false"/><pair id="DrugDDI.d553.s13.p59" e1="DrugDDI.d553.s13.e4" e2="DrugDDI.d553.s13.e6" interaction="false"/><pair id="DrugDDI.d553.s13.p60" e1="DrugDDI.d553.s13.e4" e2="DrugDDI.d553.s13.e7" interaction="false"/><pair id="DrugDDI.d553.s13.p61" e1="DrugDDI.d553.s13.e4" e2="DrugDDI.d553.s13.e8" interaction="false"/><pair id="DrugDDI.d553.s13.p62" e1="DrugDDI.d553.s13.e4" e2="DrugDDI.d553.s13.e9" interaction="false"/><pair id="DrugDDI.d553.s13.p63" e1="DrugDDI.d553.s13.e4" e2="DrugDDI.d553.s13.e10" interaction="false"/><pair id="DrugDDI.d553.s13.p64" e1="DrugDDI.d553.s13.e4" e2="DrugDDI.d553.s13.e11" interaction="false"/><pair id="DrugDDI.d553.s13.p65" e1="DrugDDI.d553.s13.e4" e2="DrugDDI.d553.s13.e12" interaction="false"/><pair id="DrugDDI.d553.s13.p66" e1="DrugDDI.d553.s13.e4" e2="DrugDDI.d553.s13.e13" interaction="false"/><pair id="DrugDDI.d553.s13.p67" e1="DrugDDI.d553.s13.e4" e2="DrugDDI.d553.s13.e14" interaction="false"/><pair id="DrugDDI.d553.s13.p68" e1="DrugDDI.d553.s13.e4" e2="DrugDDI.d553.s13.e15" interaction="false"/><pair id="DrugDDI.d553.s13.p69" e1="DrugDDI.d553.s13.e4" e2="DrugDDI.d553.s13.e16" interaction="false"/><pair id="DrugDDI.d553.s13.p70" e1="DrugDDI.d553.s13.e5" e2="DrugDDI.d553.s13.e6" interaction="false"/><pair id="DrugDDI.d553.s13.p71" e1="DrugDDI.d553.s13.e5" e2="DrugDDI.d553.s13.e7" interaction="false"/><pair id="DrugDDI.d553.s13.p72" e1="DrugDDI.d553.s13.e5" e2="DrugDDI.d553.s13.e8" interaction="false"/><pair id="DrugDDI.d553.s13.p73" e1="DrugDDI.d553.s13.e5" e2="DrugDDI.d553.s13.e9" interaction="false"/><pair id="DrugDDI.d553.s13.p74" e1="DrugDDI.d553.s13.e5" e2="DrugDDI.d553.s13.e10" interaction="false"/><pair id="DrugDDI.d553.s13.p75" e1="DrugDDI.d553.s13.e5" e2="DrugDDI.d553.s13.e11" interaction="false"/><pair id="DrugDDI.d553.s13.p76" e1="DrugDDI.d553.s13.e5" e2="DrugDDI.d553.s13.e12" interaction="false"/><pair id="DrugDDI.d553.s13.p77" e1="DrugDDI.d553.s13.e5" e2="DrugDDI.d553.s13.e13" interaction="false"/><pair id="DrugDDI.d553.s13.p78" e1="DrugDDI.d553.s13.e5" e2="DrugDDI.d553.s13.e14" interaction="false"/><pair id="DrugDDI.d553.s13.p79" e1="DrugDDI.d553.s13.e5" e2="DrugDDI.d553.s13.e15" interaction="false"/><pair id="DrugDDI.d553.s13.p80" e1="DrugDDI.d553.s13.e5" e2="DrugDDI.d553.s13.e16" interaction="false"/><pair id="DrugDDI.d553.s13.p81" e1="DrugDDI.d553.s13.e6" e2="DrugDDI.d553.s13.e7" interaction="false"/><pair id="DrugDDI.d553.s13.p82" e1="DrugDDI.d553.s13.e6" e2="DrugDDI.d553.s13.e8" interaction="false"/><pair id="DrugDDI.d553.s13.p83" e1="DrugDDI.d553.s13.e6" e2="DrugDDI.d553.s13.e9" interaction="false"/><pair id="DrugDDI.d553.s13.p84" e1="DrugDDI.d553.s13.e6" e2="DrugDDI.d553.s13.e10" interaction="false"/><pair id="DrugDDI.d553.s13.p85" e1="DrugDDI.d553.s13.e6" e2="DrugDDI.d553.s13.e11" interaction="false"/><pair id="DrugDDI.d553.s13.p86" e1="DrugDDI.d553.s13.e6" e2="DrugDDI.d553.s13.e12" interaction="false"/><pair id="DrugDDI.d553.s13.p87" e1="DrugDDI.d553.s13.e6" e2="DrugDDI.d553.s13.e13" interaction="false"/><pair id="DrugDDI.d553.s13.p88" e1="DrugDDI.d553.s13.e6" e2="DrugDDI.d553.s13.e14" interaction="false"/><pair id="DrugDDI.d553.s13.p89" e1="DrugDDI.d553.s13.e6" e2="DrugDDI.d553.s13.e15" interaction="false"/><pair id="DrugDDI.d553.s13.p90" e1="DrugDDI.d553.s13.e6" e2="DrugDDI.d553.s13.e16" interaction="false"/><pair id="DrugDDI.d553.s13.p91" e1="DrugDDI.d553.s13.e7" e2="DrugDDI.d553.s13.e8" interaction="false"/><pair id="DrugDDI.d553.s13.p92" e1="DrugDDI.d553.s13.e7" e2="DrugDDI.d553.s13.e9" interaction="false"/><pair id="DrugDDI.d553.s13.p93" e1="DrugDDI.d553.s13.e7" e2="DrugDDI.d553.s13.e10" interaction="false"/><pair id="DrugDDI.d553.s13.p94" e1="DrugDDI.d553.s13.e7" e2="DrugDDI.d553.s13.e11" interaction="false"/><pair id="DrugDDI.d553.s13.p95" e1="DrugDDI.d553.s13.e7" e2="DrugDDI.d553.s13.e12" interaction="false"/><pair id="DrugDDI.d553.s13.p96" e1="DrugDDI.d553.s13.e7" e2="DrugDDI.d553.s13.e13" interaction="false"/><pair id="DrugDDI.d553.s13.p97" e1="DrugDDI.d553.s13.e7" e2="DrugDDI.d553.s13.e14" interaction="false"/><pair id="DrugDDI.d553.s13.p98" e1="DrugDDI.d553.s13.e7" e2="DrugDDI.d553.s13.e15" interaction="false"/><pair id="DrugDDI.d553.s13.p99" e1="DrugDDI.d553.s13.e7" e2="DrugDDI.d553.s13.e16" interaction="false"/><pair id="DrugDDI.d553.s13.p100" e1="DrugDDI.d553.s13.e8" e2="DrugDDI.d553.s13.e9" interaction="false"/><pair id="DrugDDI.d553.s13.p101" e1="DrugDDI.d553.s13.e8" e2="DrugDDI.d553.s13.e10" interaction="false"/><pair id="DrugDDI.d553.s13.p102" e1="DrugDDI.d553.s13.e8" e2="DrugDDI.d553.s13.e11" interaction="false"/><pair id="DrugDDI.d553.s13.p103" e1="DrugDDI.d553.s13.e8" e2="DrugDDI.d553.s13.e12" interaction="false"/><pair id="DrugDDI.d553.s13.p104" e1="DrugDDI.d553.s13.e8" e2="DrugDDI.d553.s13.e13" interaction="false"/><pair id="DrugDDI.d553.s13.p105" e1="DrugDDI.d553.s13.e8" e2="DrugDDI.d553.s13.e14" interaction="false"/><pair id="DrugDDI.d553.s13.p106" e1="DrugDDI.d553.s13.e8" e2="DrugDDI.d553.s13.e15" interaction="false"/><pair id="DrugDDI.d553.s13.p107" e1="DrugDDI.d553.s13.e8" e2="DrugDDI.d553.s13.e16" interaction="false"/><pair id="DrugDDI.d553.s13.p108" e1="DrugDDI.d553.s13.e9" e2="DrugDDI.d553.s13.e10" interaction="false"/><pair id="DrugDDI.d553.s13.p109" e1="DrugDDI.d553.s13.e9" e2="DrugDDI.d553.s13.e11" interaction="false"/><pair id="DrugDDI.d553.s13.p110" e1="DrugDDI.d553.s13.e9" e2="DrugDDI.d553.s13.e12" interaction="false"/><pair id="DrugDDI.d553.s13.p111" e1="DrugDDI.d553.s13.e9" e2="DrugDDI.d553.s13.e13" interaction="false"/><pair id="DrugDDI.d553.s13.p112" e1="DrugDDI.d553.s13.e9" e2="DrugDDI.d553.s13.e14" interaction="false"/><pair id="DrugDDI.d553.s13.p113" e1="DrugDDI.d553.s13.e9" e2="DrugDDI.d553.s13.e15" interaction="false"/><pair id="DrugDDI.d553.s13.p114" e1="DrugDDI.d553.s13.e9" e2="DrugDDI.d553.s13.e16" interaction="false"/><pair id="DrugDDI.d553.s13.p115" e1="DrugDDI.d553.s13.e10" e2="DrugDDI.d553.s13.e11" interaction="false"/><pair id="DrugDDI.d553.s13.p116" e1="DrugDDI.d553.s13.e10" e2="DrugDDI.d553.s13.e12" interaction="false"/><pair id="DrugDDI.d553.s13.p117" e1="DrugDDI.d553.s13.e10" e2="DrugDDI.d553.s13.e13" interaction="false"/><pair id="DrugDDI.d553.s13.p118" e1="DrugDDI.d553.s13.e10" e2="DrugDDI.d553.s13.e14" interaction="false"/><pair id="DrugDDI.d553.s13.p119" e1="DrugDDI.d553.s13.e10" e2="DrugDDI.d553.s13.e15" interaction="false"/><pair id="DrugDDI.d553.s13.p120" e1="DrugDDI.d553.s13.e10" e2="DrugDDI.d553.s13.e16" interaction="false"/><pair id="DrugDDI.d553.s13.p121" e1="DrugDDI.d553.s13.e11" e2="DrugDDI.d553.s13.e12" interaction="false"/><pair id="DrugDDI.d553.s13.p122" e1="DrugDDI.d553.s13.e11" e2="DrugDDI.d553.s13.e13" interaction="false"/><pair id="DrugDDI.d553.s13.p123" e1="DrugDDI.d553.s13.e11" e2="DrugDDI.d553.s13.e14" interaction="false"/><pair id="DrugDDI.d553.s13.p124" e1="DrugDDI.d553.s13.e11" e2="DrugDDI.d553.s13.e15" interaction="false"/><pair id="DrugDDI.d553.s13.p125" e1="DrugDDI.d553.s13.e11" e2="DrugDDI.d553.s13.e16" interaction="false"/><pair id="DrugDDI.d553.s13.p126" e1="DrugDDI.d553.s13.e12" e2="DrugDDI.d553.s13.e13" interaction="false"/><pair id="DrugDDI.d553.s13.p127" e1="DrugDDI.d553.s13.e12" e2="DrugDDI.d553.s13.e14" interaction="false"/><pair id="DrugDDI.d553.s13.p128" e1="DrugDDI.d553.s13.e12" e2="DrugDDI.d553.s13.e15" interaction="false"/><pair id="DrugDDI.d553.s13.p129" e1="DrugDDI.d553.s13.e12" e2="DrugDDI.d553.s13.e16" interaction="false"/><pair id="DrugDDI.d553.s13.p130" e1="DrugDDI.d553.s13.e13" e2="DrugDDI.d553.s13.e14" interaction="false"/><pair id="DrugDDI.d553.s13.p131" e1="DrugDDI.d553.s13.e13" e2="DrugDDI.d553.s13.e15" interaction="false"/><pair id="DrugDDI.d553.s13.p132" e1="DrugDDI.d553.s13.e13" e2="DrugDDI.d553.s13.e16" interaction="false"/><pair id="DrugDDI.d553.s13.p133" e1="DrugDDI.d553.s13.e14" e2="DrugDDI.d553.s13.e15" interaction="false"/><pair id="DrugDDI.d553.s13.p134" e1="DrugDDI.d553.s13.e14" e2="DrugDDI.d553.s13.e16" interaction="false"/><pair id="DrugDDI.d553.s13.p135" e1="DrugDDI.d553.s13.e15" e2="DrugDDI.d553.s13.e16" interaction="false"/></sentence><sentence id="DrugDDI.d553.s14" origId="s14" text="Resistance to the neuromuscular blocking action of nondepolarizing neuromuscular blocking agents has been demonstrated in patients chronically administered phenytoin or carbamazepine."><entity id="DrugDDI.d553.s14.e0" origId="s14.p210" charOffset="67-96" type="drug" text="neuromuscular blocking agents"/><entity id="DrugDDI.d553.s14.e1" origId="s14.p214" charOffset="156-165" type="drug" text="phenytoin"/><entity id="DrugDDI.d553.s14.e2" origId="s14.p216" charOffset="169-182" type="drug" text="carbamazepine"/><pair id="DrugDDI.d553.s14.p0" e1="DrugDDI.d553.s14.e0" e2="DrugDDI.d553.s14.e1" interaction="true"/><pair id="DrugDDI.d553.s14.p1" e1="DrugDDI.d553.s14.e0" e2="DrugDDI.d553.s14.e2" interaction="false"/><pair id="DrugDDI.d553.s14.p2" e1="DrugDDI.d553.s14.e1" e2="DrugDDI.d553.s14.e2" interaction="false"/></sentence><sentence id="DrugDDI.d553.s15" origId="s15" text="While the effects of chronic phenytoin or carbamazepine therapy on the action of NIMBEX are unknown, slightly shorter durations of neuromuscular block may be anticipated and infusion rate requirements may be higher."><entity id="DrugDDI.d553.s15.e0" origId="s15.p219" charOffset="29-38" type="drug" text="phenytoin"/><entity id="DrugDDI.d553.s15.e1" origId="s15.p221" charOffset="42-55" type="drug" text="carbamazepine"/><entity id="DrugDDI.d553.s15.e2" origId="s15.p223" charOffset="81-87" type="drug" text="NIMBEX"/><pair id="DrugDDI.d553.s15.p0" e1="DrugDDI.d553.s15.e0" e2="DrugDDI.d553.s15.e1" interaction="false"/><pair id="DrugDDI.d553.s15.p1" e1="DrugDDI.d553.s15.e0" e2="DrugDDI.d553.s15.e2" interaction="false"/><pair id="DrugDDI.d553.s15.p2" e1="DrugDDI.d553.s15.e1" e2="DrugDDI.d553.s15.e2" interaction="false"/></sentence><sentence id="DrugDDI.d553.s16" origId="s16" text="Drug/Laboratory Test Interactions None known."><entity id="DrugDDI.d553.s16.e0" origId="s16.p237" charOffset="0-4" type="drug" text="Drug"/></sentence></document>