<?xml version="1.0" encoding="UTF-8"?>
<document id="DrugDDI.d44" origId="Cladribine"><sentence id="DrugDDI.d44.s0" origId="s0" text="There are no known drug interactions with LEUSTATIN Injection."><entity id="DrugDDI.d44.s0.e0" origId="s0.p3" charOffset="42-51" type="drug" text="LEUSTATIN"/></sentence><sentence id="DrugDDI.d44.s1" origId="s1" text="Caution should be exercised if LEUSTATIN Injection is administered before, after, or in conjunction with other drugs known to cause immunosuppression or myelosuppression."><entity id="DrugDDI.d44.s1.e0" origId="s1.p8" charOffset="31-40" type="drug" text="LEUSTATIN"/><entity id="DrugDDI.d44.s1.e1" origId="s1.p15" charOffset="111-116" type="drug" text="drugs"/><pair id="DrugDDI.d44.s1.p0" e1="DrugDDI.d44.s1.e0" e2="DrugDDI.d44.s1.e1" interaction="false"/></sentence></document>