<?xml version="1.0" encoding="UTF-8"?>
<document id="DrugDDI.d35" origId="Clavulanate"><sentence id="DrugDDI.d35.s0" origId="s0" text="The concurrent administration of allopurinol and ampicillin increases substantially the incidence of rashes in patients receiving both drugs as compared to patients receiving ampicillin alone."><entity id="DrugDDI.d35.s0.e0" origId="s0.p1" charOffset="33-44" type="drug" text="allopurinol"/><entity id="DrugDDI.d35.s0.e1" origId="s0.p3" charOffset="49-59" type="drug" text="ampicillin"/><entity id="DrugDDI.d35.s0.e2" origId="s0.p10" charOffset="135-140" type="drug" text="drugs"/><entity id="DrugDDI.d35.s0.e3" origId="s0.p15" charOffset="175-185" type="drug" text="ampicillin"/><pair id="DrugDDI.d35.s0.p0" e1="DrugDDI.d35.s0.e0" e2="DrugDDI.d35.s0.e1" interaction="true"/><pair id="DrugDDI.d35.s0.p1" e1="DrugDDI.d35.s0.e0" e2="DrugDDI.d35.s0.e2" interaction="false"/><pair id="DrugDDI.d35.s0.p2" e1="DrugDDI.d35.s0.e0" e2="DrugDDI.d35.s0.e3" interaction="false"/><pair id="DrugDDI.d35.s0.p3" e1="DrugDDI.d35.s0.e1" e2="DrugDDI.d35.s0.e2" interaction="false"/><pair id="DrugDDI.d35.s0.p4" e1="DrugDDI.d35.s0.e1" e2="DrugDDI.d35.s0.e3" interaction="false"/><pair id="DrugDDI.d35.s0.p5" e1="DrugDDI.d35.s0.e2" e2="DrugDDI.d35.s0.e3" interaction="false"/></sentence><sentence id="DrugDDI.d35.s1" origId="s1" text="It is not known whether this potentiation of ampicillin rashes is due to allopurinol or the hyperuricemia present in these patients."><entity id="DrugDDI.d35.s1.e0" origId="s1.p21" charOffset="45-55" type="drug" text="ampicillin"/><entity id="DrugDDI.d35.s1.e1" origId="s1.p23" charOffset="73-84" type="drug" text="allopurinol"/><pair id="DrugDDI.d35.s1.p0" e1="DrugDDI.d35.s1.e0" e2="DrugDDI.d35.s1.e1" interaction="false"/></sentence><sentence id="DrugDDI.d35.s2" origId="s2" text="In controlled clinical trials of AUGMENTIN XR, 22 patients received concomitant allopurinol and AUGMENTIN XR."><entity id="DrugDDI.d35.s2.e0" origId="s2.p28" charOffset="33-45" type="drug" text="AUGMENTIN XR"/><entity id="DrugDDI.d35.s2.e1" origId="s2.p31" charOffset="80-91" type="drug" text="allopurinol"/><entity id="DrugDDI.d35.s2.e2" origId="s2.p33" charOffset="96-108" type="drug" text="AUGMENTIN XR"/><pair id="DrugDDI.d35.s2.p0" e1="DrugDDI.d35.s2.e0" e2="DrugDDI.d35.s2.e1" interaction="false"/><pair id="DrugDDI.d35.s2.p1" e1="DrugDDI.d35.s2.e0" e2="DrugDDI.d35.s2.e2" interaction="false"/><pair id="DrugDDI.d35.s2.p2" e1="DrugDDI.d35.s2.e1" e2="DrugDDI.d35.s2.e2" interaction="false"/></sentence><sentence id="DrugDDI.d35.s3" origId="s3" text="No rashes were reported in these patients."/><sentence id="DrugDDI.d35.s4" origId="s4" text="However, this sample size is too small to allow for any conclusions to be drawn regarding the risk of rashes with concomitant AUGMENTIN XR and allopurinol use."><entity id="DrugDDI.d35.s4.e0" origId="s4.p49" charOffset="126-138" type="drug" text="AUGMENTIN XR"/><entity id="DrugDDI.d35.s4.e1" origId="s4.p51" charOffset="143-154" type="drug" text="allopurinol"/><pair id="DrugDDI.d35.s4.p0" e1="DrugDDI.d35.s4.e0" e2="DrugDDI.d35.s4.e1" interaction="false"/></sentence><sentence id="DrugDDI.d35.s5" origId="s5" text="In common with other broad-spectrum antibiotics, AUGMENTIN XR may reduce the efficacy of oral contraceptives"><entity id="DrugDDI.d35.s5.e0" origId="s5.p53" charOffset="36-47" type="drug" text="antibiotics"/><entity id="DrugDDI.d35.s5.e1" origId="s5.p54" charOffset="49-61" type="drug" text="AUGMENTIN XR"/><entity id="DrugDDI.d35.s5.e2" origId="s5.p58" charOffset="89-108" type="drug" text="oral contraceptives"/><pair id="DrugDDI.d35.s5.p0" e1="DrugDDI.d35.s5.e0" e2="DrugDDI.d35.s5.e1" interaction="false"/><pair id="DrugDDI.d35.s5.p1" e1="DrugDDI.d35.s5.e0" e2="DrugDDI.d35.s5.e2" interaction="true"/><pair id="DrugDDI.d35.s5.p2" e1="DrugDDI.d35.s5.e1" e2="DrugDDI.d35.s5.e2" interaction="true"/></sentence></document>