<?xml version="1.0" encoding="UTF-8"?>
<document id="DrugDDI.d296" origId="Clofazimine"><sentence id="DrugDDI.d296.s0" origId="s0" text="Preliminary data which suggest that dapsone may inhibit the anti-inflammatory activity of Lamprene have not been confirmed."><entity id="DrugDDI.d296.s0.e0" origId="s0.p3" charOffset="36-43" type="drug" text="dapsone"/><entity id="DrugDDI.d296.s0.e1" origId="s0.p7" charOffset="90-98" type="drug" text="Lamprene"/><pair id="DrugDDI.d296.s0.p0" e1="DrugDDI.d296.s0.e0" e2="DrugDDI.d296.s0.e1" interaction="true"/></sentence><sentence id="DrugDDI.d296.s1" origId="s1" text="If leprosy-associated inflammatory reactions develop in patients being treated with dapsone and clofazimine, it is still advisable to continue treatment with both drugs."><entity id="DrugDDI.d296.s1.e0" origId="s1.p12" charOffset="3-10" type="drug" text="leprosy"/><entity id="DrugDDI.d296.s1.e1" origId="s1.p17" charOffset="84-91" type="drug" text="dapsone"/><entity id="DrugDDI.d296.s1.e2" origId="s1.p19" charOffset="96-107" type="drug" text="clofazimine"/><entity id="DrugDDI.d296.s1.e3" origId="s1.p27" charOffset="163-168" type="drug" text="drugs"/><pair id="DrugDDI.d296.s1.p0" e1="DrugDDI.d296.s1.e0" e2="DrugDDI.d296.s1.e1" interaction="false"/><pair id="DrugDDI.d296.s1.p1" e1="DrugDDI.d296.s1.e0" e2="DrugDDI.d296.s1.e2" interaction="false"/><pair id="DrugDDI.d296.s1.p2" e1="DrugDDI.d296.s1.e0" e2="DrugDDI.d296.s1.e3" interaction="false"/><pair id="DrugDDI.d296.s1.p3" e1="DrugDDI.d296.s1.e1" e2="DrugDDI.d296.s1.e2" interaction="false"/><pair id="DrugDDI.d296.s1.p4" e1="DrugDDI.d296.s1.e1" e2="DrugDDI.d296.s1.e3" interaction="false"/><pair id="DrugDDI.d296.s1.p5" e1="DrugDDI.d296.s1.e2" e2="DrugDDI.d296.s1.e3" interaction="false"/></sentence></document>