<?xml version="1.0" encoding="UTF-8"?>
<document id="DrugDDI.d151" origId="Clopidogrel"><sentence id="DrugDDI.d151.s0" origId="s0" text="Aspirin, warfarin, heparin, NSAIDs"><entity id="DrugDDI.d151.s0.e0" origId="s0.p0" charOffset="0-7" type="drug" text="Aspirin"/><entity id="DrugDDI.d151.s0.e1" origId="s0.p1" charOffset="9-17" type="drug" text="warfarin"/><entity id="DrugDDI.d151.s0.e2" origId="s0.p2" charOffset="19-26" type="drug" text="heparin"/><entity id="DrugDDI.d151.s0.e3" origId="s0.p3" charOffset="28-34" type="drug" text="NSAIDs"/><pair id="DrugDDI.d151.s0.p0" e1="DrugDDI.d151.s0.e0" e2="DrugDDI.d151.s0.e1" interaction="false"/><pair id="DrugDDI.d151.s0.p1" e1="DrugDDI.d151.s0.e0" e2="DrugDDI.d151.s0.e2" interaction="false"/><pair id="DrugDDI.d151.s0.p2" e1="DrugDDI.d151.s0.e0" e2="DrugDDI.d151.s0.e3" interaction="false"/><pair id="DrugDDI.d151.s0.p3" e1="DrugDDI.d151.s0.e1" e2="DrugDDI.d151.s0.e2" interaction="false"/><pair id="DrugDDI.d151.s0.p4" e1="DrugDDI.d151.s0.e1" e2="DrugDDI.d151.s0.e3" interaction="false"/><pair id="DrugDDI.d151.s0.p5" e1="DrugDDI.d151.s0.e2" e2="DrugDDI.d151.s0.e3" interaction="false"/></sentence></document>