<?xml version="1.0" encoding="UTF-8"?>
<document id="DrugDDI.d58" origId="Clozapine"><sentence id="DrugDDI.d58.s0" origId="s0" text="The risks of using Clozapine in combination with other drugs have not been systematically evaluated."><entity id="DrugDDI.d58.s0.e0" origId="s0.p3" charOffset="19-28" type="drug" text="Clozapine"/><entity id="DrugDDI.d58.s0.e1" origId="s0.p5" charOffset="55-60" type="drug" text="drugs"/><pair id="DrugDDI.d58.s0.p0" e1="DrugDDI.d58.s0.e0" e2="DrugDDI.d58.s0.e1" interaction="false"/></sentence><sentence id="DrugDDI.d58.s1" origId="s1" text="Pharmacodynamic-related Interactions: The mechanism of Clozapine induced agranulocytosis is unknown;"><entity id="DrugDDI.d58.s1.e0" origId="s1.p14" charOffset="55-64" type="drug" text="Clozapine"/></sentence><sentence id="DrugDDI.d58.s2" origId="s2" text="nonetheless, the possibility that causative factors may interact synergistically to increase the risk and/or severity of bone marrow suppression warrants consideration."/><sentence id="DrugDDI.d58.s3" origId="s3" text="Therefore, Clozapine should not be used with other agents having a well-known potential to suppress bone marrow function."><entity id="DrugDDI.d58.s3.e0" origId="s3.p32" charOffset="11-20" type="drug" text="Clozapine"/></sentence><sentence id="DrugDDI.d58.s4" origId="s4" text="Given the primary CNS effects of Clozapine, caution is advised in using it concomitantly with other CNS-active drugs or alcohol."><entity id="DrugDDI.d58.s4.e0" origId="s4.p44" charOffset="33-42" type="drug" text="Clozapine"/><entity id="DrugDDI.d58.s4.e1" origId="s4.p51" charOffset="100-116" type="drug" text="cns-active drugs"/><entity id="DrugDDI.d58.s4.e2" origId="s4.p53" charOffset="120-127" type="drug" text="alcohol"/><pair id="DrugDDI.d58.s4.p0" e1="DrugDDI.d58.s4.e0" e2="DrugDDI.d58.s4.e1" interaction="true"/><pair id="DrugDDI.d58.s4.p1" e1="DrugDDI.d58.s4.e0" e2="DrugDDI.d58.s4.e2" interaction="false"/><pair id="DrugDDI.d58.s4.p2" e1="DrugDDI.d58.s4.e1" e2="DrugDDI.d58.s4.e2" interaction="false"/></sentence><sentence id="DrugDDI.d58.s5" origId="s5" text="Orthostatic hypotension in patients taking clozapine can, in rare cases (approximately 1 case per 3,000 patients), be accompanied by profound collapse and respiratory and/or cardiac arrest."><entity id="DrugDDI.d58.s5.e0" origId="s5.p57" charOffset="43-52" type="drug" text="clozapine"/></sentence><sentence id="DrugDDI.d58.s6" origId="s6" text="Some of the cases of collapse/respiratory arrest/cardiac arrest during initial treatment occurred in patients who were being administered benzodiazepines;"><entity id="DrugDDI.d58.s6.e0" origId="s6.p84" charOffset="138-153" type="drug" text="benzodiazepines"/></sentence><sentence id="DrugDDI.d58.s7" origId="s7" text="similar events have been reported in patients taking other psychotropic drugs or even Clozapine by itself."><entity id="DrugDDI.d58.s7.e0" origId="s7.p92" charOffset="59-77" type="drug" text="psychotropic drugs"/><entity id="DrugDDI.d58.s7.e1" origId="s7.p94" charOffset="86-95" type="drug" text="Clozapine"/><pair id="DrugDDI.d58.s7.p0" e1="DrugDDI.d58.s7.e0" e2="DrugDDI.d58.s7.e1" interaction="false"/></sentence><sentence id="DrugDDI.d58.s8" origId="s8" text="Although it has not been established that there is an interaction between Clozapine and benzodiazepines or other psychotropics, caution is advised when clozapine is initiated in patients taking a benzodiazepine or any other psychotropic drug."><entity id="DrugDDI.d58.s8.e0" origId="s8.p105" charOffset="74-83" type="drug" text="Clozapine"/><entity id="DrugDDI.d58.s8.e1" origId="s8.p107" charOffset="88-103" type="drug" text="benzodiazepines"/><entity id="DrugDDI.d58.s8.e2" origId="s8.p114" charOffset="152-161" type="drug" text="clozapine"/><entity id="DrugDDI.d58.s8.e3" origId="s8.p119" charOffset="196-210" type="drug" text="benzodiazepine"/><entity id="DrugDDI.d58.s8.e4" origId="s8.p121" charOffset="224-241" type="drug" text="psychotropic drug"/><pair id="DrugDDI.d58.s8.p0" e1="DrugDDI.d58.s8.e0" e2="DrugDDI.d58.s8.e1" interaction="false"/><pair id="DrugDDI.d58.s8.p1" e1="DrugDDI.d58.s8.e0" e2="DrugDDI.d58.s8.e2" interaction="false"/><pair id="DrugDDI.d58.s8.p2" e1="DrugDDI.d58.s8.e0" e2="DrugDDI.d58.s8.e3" interaction="false"/><pair id="DrugDDI.d58.s8.p3" e1="DrugDDI.d58.s8.e0" e2="DrugDDI.d58.s8.e4" interaction="false"/><pair id="DrugDDI.d58.s8.p4" e1="DrugDDI.d58.s8.e1" e2="DrugDDI.d58.s8.e2" interaction="false"/><pair id="DrugDDI.d58.s8.p5" e1="DrugDDI.d58.s8.e1" e2="DrugDDI.d58.s8.e3" interaction="false"/><pair id="DrugDDI.d58.s8.p6" e1="DrugDDI.d58.s8.e1" e2="DrugDDI.d58.s8.e4" interaction="false"/><pair id="DrugDDI.d58.s8.p7" e1="DrugDDI.d58.s8.e2" e2="DrugDDI.d58.s8.e3" interaction="true"/><pair id="DrugDDI.d58.s8.p8" e1="DrugDDI.d58.s8.e2" e2="DrugDDI.d58.s8.e4" interaction="true"/><pair id="DrugDDI.d58.s8.p9" e1="DrugDDI.d58.s8.e3" e2="DrugDDI.d58.s8.e4" interaction="false"/></sentence><sentence id="DrugDDI.d58.s9" origId="s9" text="Clozapine may potentiate the hypotensive effects of antihypertensive drugs and the anticholinergic effects of atropine-type drugs."><entity id="DrugDDI.d58.s9.e0" origId="s9.p122" charOffset="0-9" type="drug" text="Clozapine"/><entity id="DrugDDI.d58.s9.e1" origId="s9.p126" charOffset="52-74" type="drug" text="antihypertensive drugs"/><entity id="DrugDDI.d58.s9.e2" origId="s9.p128" charOffset="83-98" type="drug" text="anticholinergic"/><entity id="DrugDDI.d58.s9.e3" origId="s9.p129" charOffset="110-118" type="drug" text="atropine"/><pair id="DrugDDI.d58.s9.p0" e1="DrugDDI.d58.s9.e0" e2="DrugDDI.d58.s9.e1" interaction="true"/><pair id="DrugDDI.d58.s9.p1" e1="DrugDDI.d58.s9.e0" e2="DrugDDI.d58.s9.e2" interaction="false"/><pair id="DrugDDI.d58.s9.p2" e1="DrugDDI.d58.s9.e0" e2="DrugDDI.d58.s9.e3" interaction="true"/><pair id="DrugDDI.d58.s9.p3" e1="DrugDDI.d58.s9.e1" e2="DrugDDI.d58.s9.e2" interaction="false"/><pair id="DrugDDI.d58.s9.p4" e1="DrugDDI.d58.s9.e1" e2="DrugDDI.d58.s9.e3" interaction="false"/><pair id="DrugDDI.d58.s9.p5" e1="DrugDDI.d58.s9.e2" e2="DrugDDI.d58.s9.e3" interaction="false"/></sentence><sentence id="DrugDDI.d58.s10" origId="s10" text="The administration of epinephrine should be avoided in the treatment of drug induced hypotension because of a possible reverse epinephrine effect."><entity id="DrugDDI.d58.s10.e0" origId="s10.p131" charOffset="22-33" type="drug" text="epinephrine"/></sentence><sentence id="DrugDDI.d58.s11" origId="s11" text="Pharmacokinetic-related Interactions: Clozapine is a substrate for many CYP 450 isozymes, in particular 1A2, 2D6, and 3A4."><entity id="DrugDDI.d58.s11.e0" origId="s11.p140" charOffset="38-47" type="drug" text="Clozapine"/><entity id="DrugDDI.d58.s11.e1" origId="s11.p143" charOffset="80-88" type="drug" text="isozymes"/><pair id="DrugDDI.d58.s11.p0" e1="DrugDDI.d58.s11.e0" e2="DrugDDI.d58.s11.e1" interaction="false"/></sentence><sentence id="DrugDDI.d58.s12" origId="s12" text="The risk of metabolic interactions caused by an effect on an individual isoform is therefore minimized."><entity id="DrugDDI.d58.s12.e0" origId="s12.p152" charOffset="72-80" type="drug" text="isoform"/></sentence><sentence id="DrugDDI.d58.s13" origId="s13" text="Nevertheless, caution should be used in patients receiving concomitant treatment with other drugs that are either inhibitors or inducers of these enzymes."><entity id="DrugDDI.d58.s13.e0" origId="s13.p164" charOffset="92-97" type="drug" text="drugs"/></sentence><sentence id="DrugDDI.d58.s14" origId="s14" text="Concomitant administration of drugs known to induce cytochrome P450 enzymes may decrease the plasma levels of clozapine."><entity id="DrugDDI.d58.s14.e0" origId="s14.p173" charOffset="30-35" type="drug" text="drugs"/><entity id="DrugDDI.d58.s14.e1" origId="s14.p177" charOffset="52-67" type="drug" text="cytochrome P450"/><entity id="DrugDDI.d58.s14.e2" origId="s14.p181" charOffset="110-119" type="drug" text="clozapine"/><pair id="DrugDDI.d58.s14.p0" e1="DrugDDI.d58.s14.e0" e2="DrugDDI.d58.s14.e1" interaction="false"/><pair id="DrugDDI.d58.s14.p1" e1="DrugDDI.d58.s14.e0" e2="DrugDDI.d58.s14.e2" interaction="true"/><pair id="DrugDDI.d58.s14.p2" e1="DrugDDI.d58.s14.e1" e2="DrugDDI.d58.s14.e2" interaction="false"/></sentence><sentence id="DrugDDI.d58.s15" origId="s15" text="Phenytoin, nicotine, and rifampin may decrease Clozapine plasma levels, resulting in a decrease in effectiveness of a previously effective Clozapine dose."><entity id="DrugDDI.d58.s15.e0" origId="s15.p182" charOffset="0-9" type="drug" text="Phenytoin"/><entity id="DrugDDI.d58.s15.e1" origId="s15.p183" charOffset="11-19" type="drug" text="nicotine"/><entity id="DrugDDI.d58.s15.e2" origId="s15.p185" charOffset="25-33" type="drug" text="rifampin"/><pair id="DrugDDI.d58.s15.p0" e1="DrugDDI.d58.s15.e0" e2="DrugDDI.d58.s15.e1" interaction="false"/><pair id="DrugDDI.d58.s15.p1" e1="DrugDDI.d58.s15.e0" e2="DrugDDI.d58.s15.e2" interaction="false"/><pair id="DrugDDI.d58.s15.p2" e1="DrugDDI.d58.s15.e1" e2="DrugDDI.d58.s15.e2" interaction="false"/></sentence><sentence id="DrugDDI.d58.s16" origId="s16" text="Concomitant administration of drugs known to inhibit the activity of cytochrome P450 isozymes may increase the plasma levels of clozapine."><entity id="DrugDDI.d58.s16.e0" origId="s16.p194" charOffset="30-35" type="drug" text="drugs"/><entity id="DrugDDI.d58.s16.e1" origId="s16.p199" charOffset="69-84" type="drug" text="cytochrome P450"/><entity id="DrugDDI.d58.s16.e2" origId="s16.p203" charOffset="128-137" type="drug" text="clozapine"/><pair id="DrugDDI.d58.s16.p0" e1="DrugDDI.d58.s16.e0" e2="DrugDDI.d58.s16.e1" interaction="false"/><pair id="DrugDDI.d58.s16.p1" e1="DrugDDI.d58.s16.e0" e2="DrugDDI.d58.s16.e2" interaction="false"/><pair id="DrugDDI.d58.s16.p2" e1="DrugDDI.d58.s16.e1" e2="DrugDDI.d58.s16.e2" interaction="false"/></sentence><sentence id="DrugDDI.d58.s17" origId="s17" text="Cimetidine, caffeine, and erythromycin may increase plasma levels of Clozapine, potentially resulting in adverse effects."><entity id="DrugDDI.d58.s17.e0" origId="s17.p204" charOffset="0-10" type="drug" text="Cimetidine"/><entity id="DrugDDI.d58.s17.e1" origId="s17.p205" charOffset="12-20" type="drug" text="caffeine"/><entity id="DrugDDI.d58.s17.e2" origId="s17.p207" charOffset="26-38" type="drug" text="erythromycin"/><entity id="DrugDDI.d58.s17.e3" origId="s17.p211" charOffset="69-78" type="drug" text="Clozapine"/><pair id="DrugDDI.d58.s17.p0" e1="DrugDDI.d58.s17.e0" e2="DrugDDI.d58.s17.e1" interaction="false"/><pair id="DrugDDI.d58.s17.p1" e1="DrugDDI.d58.s17.e0" e2="DrugDDI.d58.s17.e2" interaction="false"/><pair id="DrugDDI.d58.s17.p2" e1="DrugDDI.d58.s17.e0" e2="DrugDDI.d58.s17.e3" interaction="true"/><pair id="DrugDDI.d58.s17.p3" e1="DrugDDI.d58.s17.e1" e2="DrugDDI.d58.s17.e2" interaction="false"/><pair id="DrugDDI.d58.s17.p4" e1="DrugDDI.d58.s17.e1" e2="DrugDDI.d58.s17.e3" interaction="true"/><pair id="DrugDDI.d58.s17.p5" e1="DrugDDI.d58.s17.e2" e2="DrugDDI.d58.s17.e3" interaction="true"/></sentence><sentence id="DrugDDI.d58.s18" origId="s18" text="Although concomitant use of Clozapine and carbamazepine is not recommended, it should be noted that discontinuation of concomitant carbamazepine administration may result in an increase in Clozapine plasma levels."><entity id="DrugDDI.d58.s18.e0" origId="s18.p217" charOffset="28-37" type="drug" text="Clozapine"/><entity id="DrugDDI.d58.s18.e1" origId="s18.p219" charOffset="42-55" type="drug" text="carbamazepine"/><entity id="DrugDDI.d58.s18.e2" origId="s18.p229" charOffset="131-144" type="drug" text="carbamazepine"/><pair id="DrugDDI.d58.s18.p0" e1="DrugDDI.d58.s18.e0" e2="DrugDDI.d58.s18.e1" interaction="true"/><pair id="DrugDDI.d58.s18.p1" e1="DrugDDI.d58.s18.e0" e2="DrugDDI.d58.s18.e2" interaction="false"/><pair id="DrugDDI.d58.s18.p2" e1="DrugDDI.d58.s18.e1" e2="DrugDDI.d58.s18.e2" interaction="false"/></sentence><sentence id="DrugDDI.d58.s19" origId="s19" text="In a study of schizophrenic patients who received clozapine under steady state conditions, fluvoxamine or paroxetine was added in 16 and 14 patients, respectively."><entity id="DrugDDI.d58.s19.e0" origId="s19.p238" charOffset="50-59" type="drug" text="clozapine"/><entity id="DrugDDI.d58.s19.e1" origId="s19.p240" charOffset="91-102" type="drug" text="fluvoxamine"/><entity id="DrugDDI.d58.s19.e2" origId="s19.p242" charOffset="106-116" type="drug" text="paroxetine"/><pair id="DrugDDI.d58.s19.p0" e1="DrugDDI.d58.s19.e0" e2="DrugDDI.d58.s19.e1" interaction="false"/><pair id="DrugDDI.d58.s19.p1" e1="DrugDDI.d58.s19.e0" e2="DrugDDI.d58.s19.e2" interaction="false"/><pair id="DrugDDI.d58.s19.p2" e1="DrugDDI.d58.s19.e1" e2="DrugDDI.d58.s19.e2" interaction="false"/></sentence><sentence id="DrugDDI.d58.s20" origId="s20" text="After 14 days of co-administration, mean trough concentrations of clozapine and its metabolites, N-desmethylclozapine and clozapine N-oxide, were elevated with fluvoxamine by about three-fold compared to baseline concentrations."><entity id="DrugDDI.d58.s20.e0" origId="s20.p252" charOffset="66-75" type="drug" text="clozapine"/><entity id="DrugDDI.d58.s20.e1" origId="s20.p254" charOffset="84-95" type="drug" text="metabolites"/><entity id="DrugDDI.d58.s20.e2" origId="s20.p255" charOffset="97-117" type="drug" text="N-desmethylclozapine"/><entity id="DrugDDI.d58.s20.e3" origId="s20.p260" charOffset="160-171" type="drug" text="fluvoxamine"/><pair id="DrugDDI.d58.s20.p0" e1="DrugDDI.d58.s20.e0" e2="DrugDDI.d58.s20.e1" interaction="false"/><pair id="DrugDDI.d58.s20.p1" e1="DrugDDI.d58.s20.e0" e2="DrugDDI.d58.s20.e2" interaction="false"/><pair id="DrugDDI.d58.s20.p2" e1="DrugDDI.d58.s20.e0" e2="DrugDDI.d58.s20.e3" interaction="false"/><pair id="DrugDDI.d58.s20.p3" e1="DrugDDI.d58.s20.e1" e2="DrugDDI.d58.s20.e2" interaction="false"/><pair id="DrugDDI.d58.s20.p4" e1="DrugDDI.d58.s20.e1" e2="DrugDDI.d58.s20.e3" interaction="false"/><pair id="DrugDDI.d58.s20.p5" e1="DrugDDI.d58.s20.e2" e2="DrugDDI.d58.s20.e3" interaction="true"/></sentence><sentence id="DrugDDI.d58.s21" origId="s21" text="Paroxetine produced only minor changes in the levels of clozapine and its metabolites."><entity id="DrugDDI.d58.s21.e0" origId="s21.p264" charOffset="0-10" type="drug" text="Paroxetine"/><entity id="DrugDDI.d58.s21.e1" origId="s21.p268" charOffset="56-65" type="drug" text="clozapine"/><entity id="DrugDDI.d58.s21.e2" origId="s21.p270" charOffset="74-85" type="drug" text="metabolites"/><pair id="DrugDDI.d58.s21.p0" e1="DrugDDI.d58.s21.e0" e2="DrugDDI.d58.s21.e1" interaction="true"/><pair id="DrugDDI.d58.s21.p1" e1="DrugDDI.d58.s21.e0" e2="DrugDDI.d58.s21.e2" interaction="false"/><pair id="DrugDDI.d58.s21.p2" e1="DrugDDI.d58.s21.e1" e2="DrugDDI.d58.s21.e2" interaction="false"/></sentence><sentence id="DrugDDI.d58.s22" origId="s22" text="However, other published reports describe modest elevations (less than two-fold) of clozapine and metabolite concentrations when clozapine was taken with paroxetine, fluoxetine, and sertraline."><entity id="DrugDDI.d58.s22.e0" origId="s22.p279" charOffset="84-93" type="drug" text="clozapine"/><entity id="DrugDDI.d58.s22.e1" origId="s22.p281" charOffset="98-109" type="drug" text="metabolite"/><entity id="DrugDDI.d58.s22.e2" origId="s22.p283" charOffset="129-138" type="drug" text="clozapine"/><entity id="DrugDDI.d58.s22.e3" origId="s22.p286" charOffset="154-164" type="drug" text="paroxetine"/><entity id="DrugDDI.d58.s22.e4" origId="s22.p287" charOffset="166-176" type="drug" text="fluoxetine"/><entity id="DrugDDI.d58.s22.e5" origId="s22.p289" charOffset="182-192" type="drug" text="sertraline"/><pair id="DrugDDI.d58.s22.p0" e1="DrugDDI.d58.s22.e0" e2="DrugDDI.d58.s22.e1" interaction="false"/><pair id="DrugDDI.d58.s22.p1" e1="DrugDDI.d58.s22.e0" e2="DrugDDI.d58.s22.e2" interaction="false"/><pair id="DrugDDI.d58.s22.p2" e1="DrugDDI.d58.s22.e0" e2="DrugDDI.d58.s22.e3" interaction="false"/><pair id="DrugDDI.d58.s22.p3" e1="DrugDDI.d58.s22.e0" e2="DrugDDI.d58.s22.e4" interaction="false"/><pair id="DrugDDI.d58.s22.p4" e1="DrugDDI.d58.s22.e0" e2="DrugDDI.d58.s22.e5" interaction="false"/><pair id="DrugDDI.d58.s22.p5" e1="DrugDDI.d58.s22.e1" e2="DrugDDI.d58.s22.e2" interaction="false"/><pair id="DrugDDI.d58.s22.p6" e1="DrugDDI.d58.s22.e1" e2="DrugDDI.d58.s22.e3" interaction="false"/><pair id="DrugDDI.d58.s22.p7" e1="DrugDDI.d58.s22.e1" e2="DrugDDI.d58.s22.e4" interaction="false"/><pair id="DrugDDI.d58.s22.p8" e1="DrugDDI.d58.s22.e1" e2="DrugDDI.d58.s22.e5" interaction="false"/><pair id="DrugDDI.d58.s22.p9" e1="DrugDDI.d58.s22.e2" e2="DrugDDI.d58.s22.e3" interaction="true"/><pair id="DrugDDI.d58.s22.p10" e1="DrugDDI.d58.s22.e2" e2="DrugDDI.d58.s22.e4" interaction="true"/><pair id="DrugDDI.d58.s22.p11" e1="DrugDDI.d58.s22.e2" e2="DrugDDI.d58.s22.e5" interaction="true"/><pair id="DrugDDI.d58.s22.p12" e1="DrugDDI.d58.s22.e3" e2="DrugDDI.d58.s22.e4" interaction="false"/><pair id="DrugDDI.d58.s22.p13" e1="DrugDDI.d58.s22.e3" e2="DrugDDI.d58.s22.e5" interaction="false"/><pair id="DrugDDI.d58.s22.p14" e1="DrugDDI.d58.s22.e4" e2="DrugDDI.d58.s22.e5" interaction="false"/></sentence><sentence id="DrugDDI.d58.s23" origId="s23" text="Therefore, such combined treatment should be approached with caution and patients should be monitored closely when Clozapine is combined with these drugs, particularly with fluvoxamine."><entity id="DrugDDI.d58.s23.e0" origId="s23.p303" charOffset="115-124" type="drug" text="Clozapine"/><entity id="DrugDDI.d58.s23.e1" origId="s23.p306" charOffset="148-153" type="drug" text="drugs"/><entity id="DrugDDI.d58.s23.e2" origId="s23.p308" charOffset="173-184" type="drug" text="fluvoxamine"/><pair id="DrugDDI.d58.s23.p0" e1="DrugDDI.d58.s23.e0" e2="DrugDDI.d58.s23.e1" interaction="false"/><pair id="DrugDDI.d58.s23.p1" e1="DrugDDI.d58.s23.e0" e2="DrugDDI.d58.s23.e2" interaction="false"/><pair id="DrugDDI.d58.s23.p2" e1="DrugDDI.d58.s23.e1" e2="DrugDDI.d58.s23.e2" interaction="false"/></sentence><sentence id="DrugDDI.d58.s24" origId="s24" text="A reduced Clozapine dose should be considered."/><sentence id="DrugDDI.d58.s25" origId="s25" text="A subset (3%-10%) of the population has reduced activity of certain drug metabolizing enzymes such as the cytochrome P450 isozyme P450 2D6."><entity id="DrugDDI.d58.s25.e0" origId="s25.p321" charOffset="106-139" type="drug" text="cytochrome P450 isozyme P450 2D6"/></sentence><sentence id="DrugDDI.d58.s26" origId="s26" text="Such individuals are referred to as poor metabolizers of drugs such as debrisoquin, dextromethorphan, the tricyclic antidepressants, and clozapine."><entity id="DrugDDI.d58.s26.e0" origId="s26.p327" charOffset="57-62" type="drug" text="drugs"/><entity id="DrugDDI.d58.s26.e1" origId="s26.p328" charOffset="71-82" type="drug" text="debrisoquin"/><entity id="DrugDDI.d58.s26.e2" origId="s26.p329" charOffset="84-100" type="drug" text="dextromethorphan"/><entity id="DrugDDI.d58.s26.e3" origId="s26.p330" charOffset="106-131" type="drug" text="tricyclic antidepressants"/><entity id="DrugDDI.d58.s26.e4" origId="s26.p332" charOffset="137-146" type="drug" text="clozapine"/><pair id="DrugDDI.d58.s26.p0" e1="DrugDDI.d58.s26.e0" e2="DrugDDI.d58.s26.e1" interaction="false"/><pair id="DrugDDI.d58.s26.p1" e1="DrugDDI.d58.s26.e0" e2="DrugDDI.d58.s26.e2" interaction="false"/><pair id="DrugDDI.d58.s26.p2" e1="DrugDDI.d58.s26.e0" e2="DrugDDI.d58.s26.e3" interaction="false"/><pair id="DrugDDI.d58.s26.p3" e1="DrugDDI.d58.s26.e0" e2="DrugDDI.d58.s26.e4" interaction="false"/><pair id="DrugDDI.d58.s26.p4" e1="DrugDDI.d58.s26.e1" e2="DrugDDI.d58.s26.e2" interaction="false"/><pair id="DrugDDI.d58.s26.p5" e1="DrugDDI.d58.s26.e1" e2="DrugDDI.d58.s26.e3" interaction="false"/><pair id="DrugDDI.d58.s26.p6" e1="DrugDDI.d58.s26.e1" e2="DrugDDI.d58.s26.e4" interaction="false"/><pair id="DrugDDI.d58.s26.p7" e1="DrugDDI.d58.s26.e2" e2="DrugDDI.d58.s26.e3" interaction="false"/><pair id="DrugDDI.d58.s26.p8" e1="DrugDDI.d58.s26.e2" e2="DrugDDI.d58.s26.e4" interaction="false"/><pair id="DrugDDI.d58.s26.p9" e1="DrugDDI.d58.s26.e3" e2="DrugDDI.d58.s26.e4" interaction="false"/></sentence><sentence id="DrugDDI.d58.s27" origId="s27" text="These individuals may develop higher than expected plasma concentrations of clozapine when given usual doses."><entity id="DrugDDI.d58.s27.e0" origId="s27.p338" charOffset="76-85" type="drug" text="clozapine"/></sentence><sentence id="DrugDDI.d58.s28" origId="s28" text="In addition, certain drugs that are metabolized by this isozyme, including many antidepressants (clozapine, selective serotonin reuptake inhibitors, and others), may inhibit the activity of this isozyme, and thus may make normal metabolizers resemble poor metabolizers with regard to concomitant therapy with other drugs metabolized by this enzyme system, leading to drug interaction."><entity id="DrugDDI.d58.s28.e0" origId="s28.p342" charOffset="21-26" type="drug" text="drugs"/><entity id="DrugDDI.d58.s28.e1" origId="s28.p346" charOffset="56-63" type="drug" text="isozyme"/><entity id="DrugDDI.d58.s28.e2" origId="s28.p348" charOffset="80-95" type="drug" text="antidepressants"/><entity id="DrugDDI.d58.s28.e3" origId="s28.p350" charOffset="97-106" type="drug" text="clozapine"/><entity id="DrugDDI.d58.s28.e4" origId="s28.p351" charOffset="118-147" type="drug" text="serotonin reuptake inhibitors"/><entity id="DrugDDI.d58.s28.e5" origId="s28.p359" charOffset="195-202" type="drug" text="isozyme"/><entity id="DrugDDI.d58.s28.e6" origId="s28.p369" charOffset="315-320" type="drug" text="drugs"/><pair id="DrugDDI.d58.s28.p0" e1="DrugDDI.d58.s28.e0" e2="DrugDDI.d58.s28.e1" interaction="false"/><pair id="DrugDDI.d58.s28.p1" e1="DrugDDI.d58.s28.e0" e2="DrugDDI.d58.s28.e2" interaction="false"/><pair id="DrugDDI.d58.s28.p2" e1="DrugDDI.d58.s28.e0" e2="DrugDDI.d58.s28.e3" interaction="false"/><pair id="DrugDDI.d58.s28.p3" e1="DrugDDI.d58.s28.e0" e2="DrugDDI.d58.s28.e4" interaction="false"/><pair id="DrugDDI.d58.s28.p4" e1="DrugDDI.d58.s28.e0" e2="DrugDDI.d58.s28.e5" interaction="false"/><pair id="DrugDDI.d58.s28.p5" e1="DrugDDI.d58.s28.e0" e2="DrugDDI.d58.s28.e6" interaction="false"/><pair id="DrugDDI.d58.s28.p6" e1="DrugDDI.d58.s28.e1" e2="DrugDDI.d58.s28.e2" interaction="false"/><pair id="DrugDDI.d58.s28.p7" e1="DrugDDI.d58.s28.e1" e2="DrugDDI.d58.s28.e3" interaction="false"/><pair id="DrugDDI.d58.s28.p8" e1="DrugDDI.d58.s28.e1" e2="DrugDDI.d58.s28.e4" interaction="false"/><pair id="DrugDDI.d58.s28.p9" e1="DrugDDI.d58.s28.e1" e2="DrugDDI.d58.s28.e5" interaction="false"/><pair id="DrugDDI.d58.s28.p10" e1="DrugDDI.d58.s28.e1" e2="DrugDDI.d58.s28.e6" interaction="false"/><pair id="DrugDDI.d58.s28.p11" e1="DrugDDI.d58.s28.e2" e2="DrugDDI.d58.s28.e3" interaction="false"/><pair id="DrugDDI.d58.s28.p12" e1="DrugDDI.d58.s28.e2" e2="DrugDDI.d58.s28.e4" interaction="false"/><pair id="DrugDDI.d58.s28.p13" e1="DrugDDI.d58.s28.e2" e2="DrugDDI.d58.s28.e5" interaction="false"/><pair id="DrugDDI.d58.s28.p14" e1="DrugDDI.d58.s28.e2" e2="DrugDDI.d58.s28.e6" interaction="false"/><pair id="DrugDDI.d58.s28.p15" e1="DrugDDI.d58.s28.e3" e2="DrugDDI.d58.s28.e4" interaction="false"/><pair id="DrugDDI.d58.s28.p16" e1="DrugDDI.d58.s28.e3" e2="DrugDDI.d58.s28.e5" interaction="false"/><pair id="DrugDDI.d58.s28.p17" e1="DrugDDI.d58.s28.e3" e2="DrugDDI.d58.s28.e6" interaction="false"/><pair id="DrugDDI.d58.s28.p18" e1="DrugDDI.d58.s28.e4" e2="DrugDDI.d58.s28.e5" interaction="false"/><pair id="DrugDDI.d58.s28.p19" e1="DrugDDI.d58.s28.e4" e2="DrugDDI.d58.s28.e6" interaction="false"/><pair id="DrugDDI.d58.s28.p20" e1="DrugDDI.d58.s28.e5" e2="DrugDDI.d58.s28.e6" interaction="false"/></sentence><sentence id="DrugDDI.d58.s29" origId="s29" text="Concomitant use of clozapine with other drugs metabolized by cytochrome P450 2D6 may require lower doses than usually prescribed for either clozapine or the other drug."><entity id="DrugDDI.d58.s29.e0" origId="s29.p375" charOffset="19-28" type="drug" text="clozapine"/><entity id="DrugDDI.d58.s29.e1" origId="s29.p376" charOffset="40-45" type="drug" text="drugs"/><entity id="DrugDDI.d58.s29.e2" origId="s29.p378" charOffset="61-80" type="drug" text="cytochrome P450 2D6"/><entity id="DrugDDI.d58.s29.e3" origId="s29.p386" charOffset="140-149" type="drug" text="clozapine"/><entity id="DrugDDI.d58.s29.e4" origId="s29.p388" charOffset="163-167" type="drug" text="drug"/><pair id="DrugDDI.d58.s29.p0" e1="DrugDDI.d58.s29.e0" e2="DrugDDI.d58.s29.e1" interaction="false"/><pair id="DrugDDI.d58.s29.p1" e1="DrugDDI.d58.s29.e0" e2="DrugDDI.d58.s29.e2" interaction="false"/><pair id="DrugDDI.d58.s29.p2" e1="DrugDDI.d58.s29.e0" e2="DrugDDI.d58.s29.e3" interaction="false"/><pair id="DrugDDI.d58.s29.p3" e1="DrugDDI.d58.s29.e0" e2="DrugDDI.d58.s29.e4" interaction="false"/><pair id="DrugDDI.d58.s29.p4" e1="DrugDDI.d58.s29.e1" e2="DrugDDI.d58.s29.e2" interaction="false"/><pair id="DrugDDI.d58.s29.p5" e1="DrugDDI.d58.s29.e1" e2="DrugDDI.d58.s29.e3" interaction="false"/><pair id="DrugDDI.d58.s29.p6" e1="DrugDDI.d58.s29.e1" e2="DrugDDI.d58.s29.e4" interaction="false"/><pair id="DrugDDI.d58.s29.p7" e1="DrugDDI.d58.s29.e2" e2="DrugDDI.d58.s29.e3" interaction="false"/><pair id="DrugDDI.d58.s29.p8" e1="DrugDDI.d58.s29.e2" e2="DrugDDI.d58.s29.e4" interaction="false"/><pair id="DrugDDI.d58.s29.p9" e1="DrugDDI.d58.s29.e3" e2="DrugDDI.d58.s29.e4" interaction="false"/></sentence><sentence id="DrugDDI.d58.s30" origId="s30" text="Therefore, co-administration of clozapine with other drugs that are metabolized by this isozyme, including antidepressants, phenothiazines, carbamazepine, and Type 1C antiarrhythmics (e.g., propafenone, flecainide and encainide), or that inhibit this enzyme (e.g., quinidine), should be approached with caution."><entity id="DrugDDI.d58.s30.e0" origId="s30.p391" charOffset="32-41" type="drug" text="clozapine"/><entity id="DrugDDI.d58.s30.e1" origId="s30.p392" charOffset="53-58" type="drug" text="drugs"/><entity id="DrugDDI.d58.s30.e2" origId="s30.p396" charOffset="88-95" type="drug" text="isozyme"/><entity id="DrugDDI.d58.s30.e3" origId="s30.p398" charOffset="107-122" type="drug" text="antidepressants"/><entity id="DrugDDI.d58.s30.e4" origId="s30.p399" charOffset="124-138" type="drug" text="phenothiazines"/><entity id="DrugDDI.d58.s30.e5" origId="s30.p400" charOffset="140-153" type="drug" text="carbamazepine"/><entity id="DrugDDI.d58.s30.e6" origId="s30.p402" charOffset="167-182" type="drug" text="antiarrhythmics"/><entity id="DrugDDI.d58.s30.e7" origId="s30.p405" charOffset="190-201" type="drug" text="propafenone"/><entity id="DrugDDI.d58.s30.e8" origId="s30.p406" charOffset="203-213" type="drug" text="flecainide"/><entity id="DrugDDI.d58.s30.e9" origId="s30.p408" charOffset="218-227" type="drug" text="encainide"/><entity id="DrugDDI.d58.s30.e10" origId="s30.p417" charOffset="265-274" type="drug" text="quinidine"/><pair id="DrugDDI.d58.s30.p0" e1="DrugDDI.d58.s30.e0" e2="DrugDDI.d58.s30.e1" interaction="false"/><pair id="DrugDDI.d58.s30.p1" e1="DrugDDI.d58.s30.e0" e2="DrugDDI.d58.s30.e2" interaction="false"/><pair id="DrugDDI.d58.s30.p2" e1="DrugDDI.d58.s30.e0" e2="DrugDDI.d58.s30.e3" interaction="true"/><pair id="DrugDDI.d58.s30.p3" e1="DrugDDI.d58.s30.e0" e2="DrugDDI.d58.s30.e4" interaction="true"/><pair id="DrugDDI.d58.s30.p4" e1="DrugDDI.d58.s30.e0" e2="DrugDDI.d58.s30.e5" interaction="true"/><pair id="DrugDDI.d58.s30.p5" e1="DrugDDI.d58.s30.e0" e2="DrugDDI.d58.s30.e6" interaction="false"/><pair id="DrugDDI.d58.s30.p6" e1="DrugDDI.d58.s30.e0" e2="DrugDDI.d58.s30.e7" interaction="true"/><pair id="DrugDDI.d58.s30.p7" e1="DrugDDI.d58.s30.e0" e2="DrugDDI.d58.s30.e8" interaction="true"/><pair id="DrugDDI.d58.s30.p8" e1="DrugDDI.d58.s30.e0" e2="DrugDDI.d58.s30.e9" interaction="true"/><pair id="DrugDDI.d58.s30.p9" e1="DrugDDI.d58.s30.e0" e2="DrugDDI.d58.s30.e10" interaction="true"/><pair id="DrugDDI.d58.s30.p10" e1="DrugDDI.d58.s30.e1" e2="DrugDDI.d58.s30.e2" interaction="false"/><pair id="DrugDDI.d58.s30.p11" e1="DrugDDI.d58.s30.e1" e2="DrugDDI.d58.s30.e3" interaction="false"/><pair id="DrugDDI.d58.s30.p12" e1="DrugDDI.d58.s30.e1" e2="DrugDDI.d58.s30.e4" interaction="false"/><pair id="DrugDDI.d58.s30.p13" e1="DrugDDI.d58.s30.e1" e2="DrugDDI.d58.s30.e5" interaction="false"/><pair id="DrugDDI.d58.s30.p14" e1="DrugDDI.d58.s30.e1" e2="DrugDDI.d58.s30.e6" interaction="false"/><pair id="DrugDDI.d58.s30.p15" e1="DrugDDI.d58.s30.e1" e2="DrugDDI.d58.s30.e7" interaction="false"/><pair id="DrugDDI.d58.s30.p16" e1="DrugDDI.d58.s30.e1" e2="DrugDDI.d58.s30.e8" interaction="false"/><pair id="DrugDDI.d58.s30.p17" e1="DrugDDI.d58.s30.e1" e2="DrugDDI.d58.s30.e9" interaction="false"/><pair id="DrugDDI.d58.s30.p18" e1="DrugDDI.d58.s30.e1" e2="DrugDDI.d58.s30.e10" interaction="false"/><pair id="DrugDDI.d58.s30.p19" e1="DrugDDI.d58.s30.e2" e2="DrugDDI.d58.s30.e3" interaction="false"/><pair id="DrugDDI.d58.s30.p20" e1="DrugDDI.d58.s30.e2" e2="DrugDDI.d58.s30.e4" interaction="false"/><pair id="DrugDDI.d58.s30.p21" e1="DrugDDI.d58.s30.e2" e2="DrugDDI.d58.s30.e5" interaction="false"/><pair id="DrugDDI.d58.s30.p22" e1="DrugDDI.d58.s30.e2" e2="DrugDDI.d58.s30.e6" interaction="false"/><pair id="DrugDDI.d58.s30.p23" e1="DrugDDI.d58.s30.e2" e2="DrugDDI.d58.s30.e7" interaction="false"/><pair id="DrugDDI.d58.s30.p24" e1="DrugDDI.d58.s30.e2" e2="DrugDDI.d58.s30.e8" interaction="false"/><pair id="DrugDDI.d58.s30.p25" e1="DrugDDI.d58.s30.e2" e2="DrugDDI.d58.s30.e9" interaction="false"/><pair id="DrugDDI.d58.s30.p26" e1="DrugDDI.d58.s30.e2" e2="DrugDDI.d58.s30.e10" interaction="false"/><pair id="DrugDDI.d58.s30.p27" e1="DrugDDI.d58.s30.e3" e2="DrugDDI.d58.s30.e4" interaction="false"/><pair id="DrugDDI.d58.s30.p28" e1="DrugDDI.d58.s30.e3" e2="DrugDDI.d58.s30.e5" interaction="false"/><pair id="DrugDDI.d58.s30.p29" e1="DrugDDI.d58.s30.e3" e2="DrugDDI.d58.s30.e6" interaction="false"/><pair id="DrugDDI.d58.s30.p30" e1="DrugDDI.d58.s30.e3" e2="DrugDDI.d58.s30.e7" interaction="false"/><pair id="DrugDDI.d58.s30.p31" e1="DrugDDI.d58.s30.e3" e2="DrugDDI.d58.s30.e8" interaction="false"/><pair id="DrugDDI.d58.s30.p32" e1="DrugDDI.d58.s30.e3" e2="DrugDDI.d58.s30.e9" interaction="false"/><pair id="DrugDDI.d58.s30.p33" e1="DrugDDI.d58.s30.e3" e2="DrugDDI.d58.s30.e10" interaction="false"/><pair id="DrugDDI.d58.s30.p34" e1="DrugDDI.d58.s30.e4" e2="DrugDDI.d58.s30.e5" interaction="false"/><pair id="DrugDDI.d58.s30.p35" e1="DrugDDI.d58.s30.e4" e2="DrugDDI.d58.s30.e6" interaction="false"/><pair id="DrugDDI.d58.s30.p36" e1="DrugDDI.d58.s30.e4" e2="DrugDDI.d58.s30.e7" interaction="false"/><pair id="DrugDDI.d58.s30.p37" e1="DrugDDI.d58.s30.e4" e2="DrugDDI.d58.s30.e8" interaction="false"/><pair id="DrugDDI.d58.s30.p38" e1="DrugDDI.d58.s30.e4" e2="DrugDDI.d58.s30.e9" interaction="false"/><pair id="DrugDDI.d58.s30.p39" e1="DrugDDI.d58.s30.e4" e2="DrugDDI.d58.s30.e10" interaction="false"/><pair id="DrugDDI.d58.s30.p40" e1="DrugDDI.d58.s30.e5" e2="DrugDDI.d58.s30.e6" interaction="false"/><pair id="DrugDDI.d58.s30.p41" e1="DrugDDI.d58.s30.e5" e2="DrugDDI.d58.s30.e7" interaction="false"/><pair id="DrugDDI.d58.s30.p42" e1="DrugDDI.d58.s30.e5" e2="DrugDDI.d58.s30.e8" interaction="false"/><pair id="DrugDDI.d58.s30.p43" e1="DrugDDI.d58.s30.e5" e2="DrugDDI.d58.s30.e9" interaction="false"/><pair id="DrugDDI.d58.s30.p44" e1="DrugDDI.d58.s30.e5" e2="DrugDDI.d58.s30.e10" interaction="false"/><pair id="DrugDDI.d58.s30.p45" e1="DrugDDI.d58.s30.e6" e2="DrugDDI.d58.s30.e7" interaction="false"/><pair id="DrugDDI.d58.s30.p46" e1="DrugDDI.d58.s30.e6" e2="DrugDDI.d58.s30.e8" interaction="false"/><pair id="DrugDDI.d58.s30.p47" e1="DrugDDI.d58.s30.e6" e2="DrugDDI.d58.s30.e9" interaction="false"/><pair id="DrugDDI.d58.s30.p48" e1="DrugDDI.d58.s30.e6" e2="DrugDDI.d58.s30.e10" interaction="false"/><pair id="DrugDDI.d58.s30.p49" e1="DrugDDI.d58.s30.e7" e2="DrugDDI.d58.s30.e8" interaction="false"/><pair id="DrugDDI.d58.s30.p50" e1="DrugDDI.d58.s30.e7" e2="DrugDDI.d58.s30.e9" interaction="false"/><pair id="DrugDDI.d58.s30.p51" e1="DrugDDI.d58.s30.e7" e2="DrugDDI.d58.s30.e10" interaction="false"/><pair id="DrugDDI.d58.s30.p52" e1="DrugDDI.d58.s30.e8" e2="DrugDDI.d58.s30.e9" interaction="false"/><pair id="DrugDDI.d58.s30.p53" e1="DrugDDI.d58.s30.e8" e2="DrugDDI.d58.s30.e10" interaction="false"/><pair id="DrugDDI.d58.s30.p54" e1="DrugDDI.d58.s30.e9" e2="DrugDDI.d58.s30.e10" interaction="false"/></sentence></document>