<?xml version="1.0" encoding="UTF-8"?>
<document id="DrugDDI.d575" origId="Colestipol"><sentence id="DrugDDI.d575.s0" origId="s0" text="Since colestipol hydrochloride is an anion exchange resin, it may have a strong affinity for anions other than the bile acids."><entity id="DrugDDI.d575.s0.e0" origId="s0.p1" charOffset="6-30" type="drug" text="colestipol hydrochloride"/><entity id="DrugDDI.d575.s0.e1" origId="s0.p3" charOffset="37-57" type="drug" text="anion exchange resin"/><entity id="DrugDDI.d575.s0.e2" origId="s0.p9" charOffset="115-125" type="drug" text="bile acids"/><pair id="DrugDDI.d575.s0.p0" e1="DrugDDI.d575.s0.e0" e2="DrugDDI.d575.s0.e1" interaction="false"/><pair id="DrugDDI.d575.s0.p1" e1="DrugDDI.d575.s0.e0" e2="DrugDDI.d575.s0.e2" interaction="false"/><pair id="DrugDDI.d575.s0.p2" e1="DrugDDI.d575.s0.e1" e2="DrugDDI.d575.s0.e2" interaction="false"/></sentence><sentence id="DrugDDI.d575.s1" origId="s1" text="In vitro studies have indicated that colestipol hydrochloride binds a number of drugs."><entity id="DrugDDI.d575.s1.e0" origId="s1.p13" charOffset="37-61" type="drug" text="colestipol hydrochloride"/><entity id="DrugDDI.d575.s1.e1" origId="s1.p16" charOffset="80-85" type="drug" text="drugs"/><pair id="DrugDDI.d575.s1.p0" e1="DrugDDI.d575.s1.e0" e2="DrugDDI.d575.s1.e1" interaction="false"/></sentence><sentence id="DrugDDI.d575.s2" origId="s2" text="Therefore, COLESTlD Tablets may delay or reduce the absorption of concomitant oral medication."/><sentence id="DrugDDI.d575.s3" origId="s3" text="The interval between the administration of COLESTID Tablets and any other medication should be as long as possible."><entity id="DrugDDI.d575.s3.e0" origId="s3.p27" charOffset="43-51" type="drug" text="COLESTID"/><entity id="DrugDDI.d575.s3.e1" origId="s3.p29" charOffset="74-85" type="drug" text="medication"/><pair id="DrugDDI.d575.s3.p0" e1="DrugDDI.d575.s3.e0" e2="DrugDDI.d575.s3.e1" interaction="false"/></sentence><sentence id="DrugDDI.d575.s4" origId="s4" text="Patients should take other drugs at least one hour before or four hours after COLESTID Tablets to avoid impeding their absorption."><entity id="DrugDDI.d575.s4.e0" origId="s4.p37" charOffset="27-32" type="drug" text="drugs"/><entity id="DrugDDI.d575.s4.e1" origId="s4.p42" charOffset="78-86" type="drug" text="COLESTID"/><pair id="DrugDDI.d575.s4.p0" e1="DrugDDI.d575.s4.e0" e2="DrugDDI.d575.s4.e1" interaction="false"/></sentence><sentence id="DrugDDI.d575.s5" origId="s5" text="Repeated doses of colestipol hydrochloride given prior to a single dose of propranolol in human trials have been reported to decrease propranolol absorption."><entity id="DrugDDI.d575.s5.e0" origId="s5.p47" charOffset="18-42" type="drug" text="colestipol hydrochloride"/><entity id="DrugDDI.d575.s5.e1" origId="s5.p50" charOffset="75-86" type="drug" text="propranolol"/><entity id="DrugDDI.d575.s5.e2" origId="s5.p57" charOffset="134-145" type="drug" text="propranolol"/><pair id="DrugDDI.d575.s5.p0" e1="DrugDDI.d575.s5.e0" e2="DrugDDI.d575.s5.e1" interaction="false"/><pair id="DrugDDI.d575.s5.p1" e1="DrugDDI.d575.s5.e0" e2="DrugDDI.d575.s5.e2" interaction="false"/><pair id="DrugDDI.d575.s5.p2" e1="DrugDDI.d575.s5.e1" e2="DrugDDI.d575.s5.e2" interaction="false"/></sentence><sentence id="DrugDDI.d575.s6" origId="s6" text="However, in a follow-up study in normal subjects, single-dose administration of colestipol hydrochloride and propranolol and twice-a-day administration for 5 days of both agents did not affect the extent of propranolol absorption, but had a small yet statistically significant effect on its rate of absorption;"><entity id="DrugDDI.d575.s6.e0" origId="s6.p62" charOffset="80-104" type="drug" text="colestipol hydrochloride"/><entity id="DrugDDI.d575.s6.e1" origId="s6.p64" charOffset="109-120" type="drug" text="propranolol"/><entity id="DrugDDI.d575.s6.e2" origId="s6.p75" charOffset="207-218" type="drug" text="propranolol"/><pair id="DrugDDI.d575.s6.p0" e1="DrugDDI.d575.s6.e0" e2="DrugDDI.d575.s6.e1" interaction="false"/><pair id="DrugDDI.d575.s6.p1" e1="DrugDDI.d575.s6.e0" e2="DrugDDI.d575.s6.e2" interaction="false"/><pair id="DrugDDI.d575.s6.p2" e1="DrugDDI.d575.s6.e1" e2="DrugDDI.d575.s6.e2" interaction="false"/></sentence><sentence id="DrugDDI.d575.s7" origId="s7" text="the time to reach maximum concentration was delayed approximately 30 minutes."/><sentence id="DrugDDI.d575.s8" origId="s8" text="Effects on the absorption of other beta-blockers have not been determined."><entity id="DrugDDI.d575.s8.e0" origId="s8.p90" charOffset="35-49" type="drug" text="beta-blockers"/></sentence><sentence id="DrugDDI.d575.s9" origId="s9" text="Therefore, patients on propranolol should be observed when COLESTID Tablets are either added or deleted from a therapeutic regimen."><entity id="DrugDDI.d575.s9.e0" origId="s9.p97" charOffset="23-34" type="drug" text="propranolol"/><entity id="DrugDDI.d575.s9.e1" origId="s9.p102" charOffset="59-67" type="drug" text="COLESTID"/><pair id="DrugDDI.d575.s9.p0" e1="DrugDDI.d575.s9.e0" e2="DrugDDI.d575.s9.e1" interaction="false"/></sentence><sentence id="DrugDDI.d575.s10" origId="s10" text="Studies in humans show that the absorption of chlorothiazide as reflected in urinary excretion is markedly decreased even when administered one hour before colestipol hydrochloride."><entity id="DrugDDI.d575.s10.e0" origId="s10.p113" charOffset="46-60" type="drug" text="chlorothiazide"/><entity id="DrugDDI.d575.s10.e1" origId="s10.p123" charOffset="156-180" type="drug" text="colestipol hydrochloride"/><pair id="DrugDDI.d575.s10.p0" e1="DrugDDI.d575.s10.e0" e2="DrugDDI.d575.s10.e1" interaction="false"/></sentence><sentence id="DrugDDI.d575.s11" origId="s11" text="The absorption of tetracycline, furosemide, penicillin G, hydrochlorothiazide, and gemfibrozil was significantly decreased when given simultaneously with colestipol hydrochloride;"><entity id="DrugDDI.d575.s11.e0" origId="s11.p125" charOffset="18-30" type="drug" text="tetracycline"/><entity id="DrugDDI.d575.s11.e1" origId="s11.p126" charOffset="32-42" type="drug" text="furosemide"/><entity id="DrugDDI.d575.s11.e2" origId="s11.p127" charOffset="44-56" type="drug" text="penicillin G"/><entity id="DrugDDI.d575.s11.e3" origId="s11.p128" charOffset="58-77" type="drug" text="hydrochlorothiazide"/><entity id="DrugDDI.d575.s11.e4" origId="s11.p130" charOffset="83-94" type="drug" text="gemfibrozil"/><entity id="DrugDDI.d575.s11.e5" origId="s11.p137" charOffset="154-178" type="drug" text="colestipol hydrochloride"/><pair id="DrugDDI.d575.s11.p0" e1="DrugDDI.d575.s11.e0" e2="DrugDDI.d575.s11.e1" interaction="false"/><pair id="DrugDDI.d575.s11.p1" e1="DrugDDI.d575.s11.e0" e2="DrugDDI.d575.s11.e2" interaction="false"/><pair id="DrugDDI.d575.s11.p2" e1="DrugDDI.d575.s11.e0" e2="DrugDDI.d575.s11.e3" interaction="false"/><pair id="DrugDDI.d575.s11.p3" e1="DrugDDI.d575.s11.e0" e2="DrugDDI.d575.s11.e4" interaction="false"/><pair id="DrugDDI.d575.s11.p4" e1="DrugDDI.d575.s11.e0" e2="DrugDDI.d575.s11.e5" interaction="false"/><pair id="DrugDDI.d575.s11.p5" e1="DrugDDI.d575.s11.e1" e2="DrugDDI.d575.s11.e2" interaction="false"/><pair id="DrugDDI.d575.s11.p6" e1="DrugDDI.d575.s11.e1" e2="DrugDDI.d575.s11.e3" interaction="false"/><pair id="DrugDDI.d575.s11.p7" e1="DrugDDI.d575.s11.e1" e2="DrugDDI.d575.s11.e4" interaction="false"/><pair id="DrugDDI.d575.s11.p8" e1="DrugDDI.d575.s11.e1" e2="DrugDDI.d575.s11.e5" interaction="false"/><pair id="DrugDDI.d575.s11.p9" e1="DrugDDI.d575.s11.e2" e2="DrugDDI.d575.s11.e3" interaction="false"/><pair id="DrugDDI.d575.s11.p10" e1="DrugDDI.d575.s11.e2" e2="DrugDDI.d575.s11.e4" interaction="false"/><pair id="DrugDDI.d575.s11.p11" e1="DrugDDI.d575.s11.e2" e2="DrugDDI.d575.s11.e5" interaction="false"/><pair id="DrugDDI.d575.s11.p12" e1="DrugDDI.d575.s11.e3" e2="DrugDDI.d575.s11.e4" interaction="false"/><pair id="DrugDDI.d575.s11.p13" e1="DrugDDI.d575.s11.e3" e2="DrugDDI.d575.s11.e5" interaction="false"/><pair id="DrugDDI.d575.s11.p14" e1="DrugDDI.d575.s11.e4" e2="DrugDDI.d575.s11.e5" interaction="false"/></sentence><sentence id="DrugDDI.d575.s12" origId="s12" text="these drugs were not tested to determine the effect of administration one hour before colestipol hydrochloride."><entity id="DrugDDI.d575.s12.e0" origId="s12.p139" charOffset="6-11" type="drug" text="drugs"/><entity id="DrugDDI.d575.s12.e1" origId="s12.p147" charOffset="86-110" type="drug" text="colestipol hydrochloride"/><pair id="DrugDDI.d575.s12.p0" e1="DrugDDI.d575.s12.e0" e2="DrugDDI.d575.s12.e1" interaction="false"/></sentence><sentence id="DrugDDI.d575.s13" origId="s13" text="No depressant effect on blood levels in humans was noted when colestipol hydrochloride was administered with any of the following drugs: aspirin, clindamycin, clofibrate, methyldopa, nicotinic acid (niacin), tolbutamide, phenytoin or warfarin."><entity id="DrugDDI.d575.s13.e0" origId="s13.p154" charOffset="62-86" type="drug" text="colestipol hydrochloride"/><entity id="DrugDDI.d575.s13.e1" origId="s13.p158" charOffset="130-135" type="drug" text="drugs"/><entity id="DrugDDI.d575.s13.e2" origId="s13.p160" charOffset="137-144" type="drug" text="aspirin"/><entity id="DrugDDI.d575.s13.e3" origId="s13.p161" charOffset="146-157" type="drug" text="clindamycin"/><entity id="DrugDDI.d575.s13.e4" origId="s13.p162" charOffset="159-169" type="drug" text="clofibrate"/><entity id="DrugDDI.d575.s13.e5" origId="s13.p163" charOffset="171-181" type="drug" text="methyldopa"/><entity id="DrugDDI.d575.s13.e6" origId="s13.p164" charOffset="183-197" type="drug" text="nicotinic acid"/><entity id="DrugDDI.d575.s13.e7" origId="s13.p166" charOffset="199-205" type="drug" text="niacin"/><entity id="DrugDDI.d575.s13.e8" origId="s13.p169" charOffset="208-219" type="drug" text="tolbutamide"/><entity id="DrugDDI.d575.s13.e9" origId="s13.p170" charOffset="221-230" type="drug" text="phenytoin"/><entity id="DrugDDI.d575.s13.e10" origId="s13.p172" charOffset="234-242" type="drug" text="warfarin"/><pair id="DrugDDI.d575.s13.p0" e1="DrugDDI.d575.s13.e0" e2="DrugDDI.d575.s13.e1" interaction="false"/><pair id="DrugDDI.d575.s13.p1" e1="DrugDDI.d575.s13.e0" e2="DrugDDI.d575.s13.e2" interaction="false"/><pair id="DrugDDI.d575.s13.p2" e1="DrugDDI.d575.s13.e0" e2="DrugDDI.d575.s13.e3" interaction="false"/><pair id="DrugDDI.d575.s13.p3" e1="DrugDDI.d575.s13.e0" e2="DrugDDI.d575.s13.e4" interaction="false"/><pair id="DrugDDI.d575.s13.p4" e1="DrugDDI.d575.s13.e0" e2="DrugDDI.d575.s13.e5" interaction="false"/><pair id="DrugDDI.d575.s13.p5" e1="DrugDDI.d575.s13.e0" e2="DrugDDI.d575.s13.e6" interaction="false"/><pair id="DrugDDI.d575.s13.p6" e1="DrugDDI.d575.s13.e0" e2="DrugDDI.d575.s13.e7" interaction="false"/><pair id="DrugDDI.d575.s13.p7" e1="DrugDDI.d575.s13.e0" e2="DrugDDI.d575.s13.e8" interaction="false"/><pair id="DrugDDI.d575.s13.p8" e1="DrugDDI.d575.s13.e0" e2="DrugDDI.d575.s13.e9" interaction="false"/><pair id="DrugDDI.d575.s13.p9" e1="DrugDDI.d575.s13.e0" e2="DrugDDI.d575.s13.e10" interaction="false"/><pair id="DrugDDI.d575.s13.p10" e1="DrugDDI.d575.s13.e1" e2="DrugDDI.d575.s13.e2" interaction="false"/><pair id="DrugDDI.d575.s13.p11" e1="DrugDDI.d575.s13.e1" e2="DrugDDI.d575.s13.e3" interaction="false"/><pair id="DrugDDI.d575.s13.p12" e1="DrugDDI.d575.s13.e1" e2="DrugDDI.d575.s13.e4" interaction="false"/><pair id="DrugDDI.d575.s13.p13" e1="DrugDDI.d575.s13.e1" e2="DrugDDI.d575.s13.e5" interaction="false"/><pair id="DrugDDI.d575.s13.p14" e1="DrugDDI.d575.s13.e1" e2="DrugDDI.d575.s13.e6" interaction="false"/><pair id="DrugDDI.d575.s13.p15" e1="DrugDDI.d575.s13.e1" e2="DrugDDI.d575.s13.e7" interaction="false"/><pair id="DrugDDI.d575.s13.p16" e1="DrugDDI.d575.s13.e1" e2="DrugDDI.d575.s13.e8" interaction="false"/><pair id="DrugDDI.d575.s13.p17" e1="DrugDDI.d575.s13.e1" e2="DrugDDI.d575.s13.e9" interaction="false"/><pair id="DrugDDI.d575.s13.p18" e1="DrugDDI.d575.s13.e1" e2="DrugDDI.d575.s13.e10" interaction="false"/><pair id="DrugDDI.d575.s13.p19" e1="DrugDDI.d575.s13.e2" e2="DrugDDI.d575.s13.e3" interaction="false"/><pair id="DrugDDI.d575.s13.p20" e1="DrugDDI.d575.s13.e2" e2="DrugDDI.d575.s13.e4" interaction="false"/><pair id="DrugDDI.d575.s13.p21" e1="DrugDDI.d575.s13.e2" e2="DrugDDI.d575.s13.e5" interaction="false"/><pair id="DrugDDI.d575.s13.p22" e1="DrugDDI.d575.s13.e2" e2="DrugDDI.d575.s13.e6" interaction="false"/><pair id="DrugDDI.d575.s13.p23" e1="DrugDDI.d575.s13.e2" e2="DrugDDI.d575.s13.e7" interaction="false"/><pair id="DrugDDI.d575.s13.p24" e1="DrugDDI.d575.s13.e2" e2="DrugDDI.d575.s13.e8" interaction="false"/><pair id="DrugDDI.d575.s13.p25" e1="DrugDDI.d575.s13.e2" e2="DrugDDI.d575.s13.e9" interaction="false"/><pair id="DrugDDI.d575.s13.p26" e1="DrugDDI.d575.s13.e2" e2="DrugDDI.d575.s13.e10" interaction="false"/><pair id="DrugDDI.d575.s13.p27" e1="DrugDDI.d575.s13.e3" e2="DrugDDI.d575.s13.e4" interaction="false"/><pair id="DrugDDI.d575.s13.p28" e1="DrugDDI.d575.s13.e3" e2="DrugDDI.d575.s13.e5" interaction="false"/><pair id="DrugDDI.d575.s13.p29" e1="DrugDDI.d575.s13.e3" e2="DrugDDI.d575.s13.e6" interaction="false"/><pair id="DrugDDI.d575.s13.p30" e1="DrugDDI.d575.s13.e3" e2="DrugDDI.d575.s13.e7" interaction="false"/><pair id="DrugDDI.d575.s13.p31" e1="DrugDDI.d575.s13.e3" e2="DrugDDI.d575.s13.e8" interaction="false"/><pair id="DrugDDI.d575.s13.p32" e1="DrugDDI.d575.s13.e3" e2="DrugDDI.d575.s13.e9" interaction="false"/><pair id="DrugDDI.d575.s13.p33" e1="DrugDDI.d575.s13.e3" e2="DrugDDI.d575.s13.e10" interaction="false"/><pair id="DrugDDI.d575.s13.p34" e1="DrugDDI.d575.s13.e4" e2="DrugDDI.d575.s13.e5" interaction="false"/><pair id="DrugDDI.d575.s13.p35" e1="DrugDDI.d575.s13.e4" e2="DrugDDI.d575.s13.e6" interaction="false"/><pair id="DrugDDI.d575.s13.p36" e1="DrugDDI.d575.s13.e4" e2="DrugDDI.d575.s13.e7" interaction="false"/><pair id="DrugDDI.d575.s13.p37" e1="DrugDDI.d575.s13.e4" e2="DrugDDI.d575.s13.e8" interaction="false"/><pair id="DrugDDI.d575.s13.p38" e1="DrugDDI.d575.s13.e4" e2="DrugDDI.d575.s13.e9" interaction="false"/><pair id="DrugDDI.d575.s13.p39" e1="DrugDDI.d575.s13.e4" e2="DrugDDI.d575.s13.e10" interaction="false"/><pair id="DrugDDI.d575.s13.p40" e1="DrugDDI.d575.s13.e5" e2="DrugDDI.d575.s13.e6" interaction="false"/><pair id="DrugDDI.d575.s13.p41" e1="DrugDDI.d575.s13.e5" e2="DrugDDI.d575.s13.e7" interaction="false"/><pair id="DrugDDI.d575.s13.p42" e1="DrugDDI.d575.s13.e5" e2="DrugDDI.d575.s13.e8" interaction="false"/><pair id="DrugDDI.d575.s13.p43" e1="DrugDDI.d575.s13.e5" e2="DrugDDI.d575.s13.e9" interaction="false"/><pair id="DrugDDI.d575.s13.p44" e1="DrugDDI.d575.s13.e5" e2="DrugDDI.d575.s13.e10" interaction="false"/><pair id="DrugDDI.d575.s13.p45" e1="DrugDDI.d575.s13.e6" e2="DrugDDI.d575.s13.e7" interaction="false"/><pair id="DrugDDI.d575.s13.p46" e1="DrugDDI.d575.s13.e6" e2="DrugDDI.d575.s13.e8" interaction="false"/><pair id="DrugDDI.d575.s13.p47" e1="DrugDDI.d575.s13.e6" e2="DrugDDI.d575.s13.e9" interaction="false"/><pair id="DrugDDI.d575.s13.p48" e1="DrugDDI.d575.s13.e6" e2="DrugDDI.d575.s13.e10" interaction="false"/><pair id="DrugDDI.d575.s13.p49" e1="DrugDDI.d575.s13.e7" e2="DrugDDI.d575.s13.e8" interaction="false"/><pair id="DrugDDI.d575.s13.p50" e1="DrugDDI.d575.s13.e7" e2="DrugDDI.d575.s13.e9" interaction="false"/><pair id="DrugDDI.d575.s13.p51" e1="DrugDDI.d575.s13.e7" e2="DrugDDI.d575.s13.e10" interaction="false"/><pair id="DrugDDI.d575.s13.p52" e1="DrugDDI.d575.s13.e8" e2="DrugDDI.d575.s13.e9" interaction="false"/><pair id="DrugDDI.d575.s13.p53" e1="DrugDDI.d575.s13.e8" e2="DrugDDI.d575.s13.e10" interaction="false"/><pair id="DrugDDI.d575.s13.p54" e1="DrugDDI.d575.s13.e9" e2="DrugDDI.d575.s13.e10" interaction="false"/></sentence><sentence id="DrugDDI.d575.s14" origId="s14" text="Particular caution should be observed with digitalis preparations since there are conflicting results for the effect of colestipol hydrochloride on the availability of digoxin and digitoxin."><entity id="DrugDDI.d575.s14.e0" origId="s14.p177" charOffset="43-64" type="drug" text="digitalis preparation"/><entity id="DrugDDI.d575.s14.e1" origId="s14.p183" charOffset="120-144" type="drug" text="colestipol hydrochloride"/><entity id="DrugDDI.d575.s14.e2" origId="s14.p185" charOffset="168-175" type="drug" text="digoxin"/><entity id="DrugDDI.d575.s14.e3" origId="s14.p187" charOffset="180-189" type="drug" text="digitoxin"/><pair id="DrugDDI.d575.s14.p0" e1="DrugDDI.d575.s14.e0" e2="DrugDDI.d575.s14.e1" interaction="false"/><pair id="DrugDDI.d575.s14.p1" e1="DrugDDI.d575.s14.e0" e2="DrugDDI.d575.s14.e2" interaction="false"/><pair id="DrugDDI.d575.s14.p2" e1="DrugDDI.d575.s14.e0" e2="DrugDDI.d575.s14.e3" interaction="false"/><pair id="DrugDDI.d575.s14.p3" e1="DrugDDI.d575.s14.e1" e2="DrugDDI.d575.s14.e2" interaction="false"/><pair id="DrugDDI.d575.s14.p4" e1="DrugDDI.d575.s14.e1" e2="DrugDDI.d575.s14.e3" interaction="false"/><pair id="DrugDDI.d575.s14.p5" e1="DrugDDI.d575.s14.e2" e2="DrugDDI.d575.s14.e3" interaction="false"/></sentence><sentence id="DrugDDI.d575.s15" origId="s15" text="The potential for binding of these drugs if given concomitantly is present."><entity id="DrugDDI.d575.s15.e0" origId="s15.p190" charOffset="35-40" type="drug" text="drugs"/></sentence><sentence id="DrugDDI.d575.s16" origId="s16" text="Discontinuing colestipol hydrochloride could pose a hazard to health if a potentially toxic drug that is significantly bound to the resin has been titrated to a maintenance level while the patient was taking colestipol hydrochloride."><entity id="DrugDDI.d575.s16.e0" origId="s16.p196" charOffset="14-38" type="drug" text="colestipol hydrochloride"/><entity id="DrugDDI.d575.s16.e1" origId="s16.p202" charOffset="92-96" type="drug" text="drug"/><entity id="DrugDDI.d575.s16.e2" origId="s16.p207" charOffset="132-137" type="drug" text="resin"/><entity id="DrugDDI.d575.s16.e3" origId="s16.p215" charOffset="208-232" type="drug" text="colestipol hydrochloride"/><pair id="DrugDDI.d575.s16.p0" e1="DrugDDI.d575.s16.e0" e2="DrugDDI.d575.s16.e1" interaction="false"/><pair id="DrugDDI.d575.s16.p1" e1="DrugDDI.d575.s16.e0" e2="DrugDDI.d575.s16.e2" interaction="false"/><pair id="DrugDDI.d575.s16.p2" e1="DrugDDI.d575.s16.e0" e2="DrugDDI.d575.s16.e3" interaction="false"/><pair id="DrugDDI.d575.s16.p3" e1="DrugDDI.d575.s16.e1" e2="DrugDDI.d575.s16.e2" interaction="false"/><pair id="DrugDDI.d575.s16.p4" e1="DrugDDI.d575.s16.e1" e2="DrugDDI.d575.s16.e3" interaction="false"/><pair id="DrugDDI.d575.s16.p5" e1="DrugDDI.d575.s16.e2" e2="DrugDDI.d575.s16.e3" interaction="false"/></sentence><sentence id="DrugDDI.d575.s17" origId="s17" text="Bile acid binding resins may also interfere with the absorption of oral phosphate supplements and hydrocortisone."><entity id="DrugDDI.d575.s17.e0" origId="s17.p216" charOffset="0-9" type="drug" text="Bile acid"/><entity id="DrugDDI.d575.s17.e1" origId="s17.p221" charOffset="67-93" type="drug" text="oral phosphate supplements"/><entity id="DrugDDI.d575.s17.e2" origId="s17.p223" charOffset="98-112" type="drug" text="hydrocortisone"/><pair id="DrugDDI.d575.s17.p0" e1="DrugDDI.d575.s17.e0" e2="DrugDDI.d575.s17.e1" interaction="true"/><pair id="DrugDDI.d575.s17.p1" e1="DrugDDI.d575.s17.e0" e2="DrugDDI.d575.s17.e2" interaction="true"/><pair id="DrugDDI.d575.s17.p2" e1="DrugDDI.d575.s17.e1" e2="DrugDDI.d575.s17.e2" interaction="false"/></sentence></document>