<?xml version="1.0" encoding="UTF-8"?>
<document id="DrugDDI.d46" origId="Colesevelam"><sentence id="DrugDDI.d46.s0" origId="s0" text="WelChol? has been studied in several human drug interaction studies in which it was administered with a meal and the test drug."><entity id="DrugDDI.d46.s0.e0" origId="s0.p10" charOffset="122-126" type="drug" text="drug"/></sentence><sentence id="DrugDDI.d46.s1" origId="s1" text="WelChol? was found to have no significant effect on the bioavailability of digoxin, lovastatin, metoprolol, quinidine, valproic acid, and warfarin."><entity id="DrugDDI.d46.s1.e0" origId="s1.p18" charOffset="75-82" type="drug" text="digoxin"/><entity id="DrugDDI.d46.s1.e1" origId="s1.p19" charOffset="84-94" type="drug" text="lovastatin"/><entity id="DrugDDI.d46.s1.e2" origId="s1.p20" charOffset="96-106" type="drug" text="metoprolol"/><entity id="DrugDDI.d46.s1.e3" origId="s1.p21" charOffset="108-117" type="drug" text="quinidine"/><entity id="DrugDDI.d46.s1.e4" origId="s1.p22" charOffset="119-132" type="drug" text="valproic acid"/><entity id="DrugDDI.d46.s1.e5" origId="s1.p24" charOffset="138-146" type="drug" text="warfarin"/><pair id="DrugDDI.d46.s1.p0" e1="DrugDDI.d46.s1.e0" e2="DrugDDI.d46.s1.e1" interaction="false"/><pair id="DrugDDI.d46.s1.p1" e1="DrugDDI.d46.s1.e0" e2="DrugDDI.d46.s1.e2" interaction="false"/><pair id="DrugDDI.d46.s1.p2" e1="DrugDDI.d46.s1.e0" e2="DrugDDI.d46.s1.e3" interaction="false"/><pair id="DrugDDI.d46.s1.p3" e1="DrugDDI.d46.s1.e0" e2="DrugDDI.d46.s1.e4" interaction="false"/><pair id="DrugDDI.d46.s1.p4" e1="DrugDDI.d46.s1.e0" e2="DrugDDI.d46.s1.e5" interaction="false"/><pair id="DrugDDI.d46.s1.p5" e1="DrugDDI.d46.s1.e1" e2="DrugDDI.d46.s1.e2" interaction="false"/><pair id="DrugDDI.d46.s1.p6" e1="DrugDDI.d46.s1.e1" e2="DrugDDI.d46.s1.e3" interaction="false"/><pair id="DrugDDI.d46.s1.p7" e1="DrugDDI.d46.s1.e1" e2="DrugDDI.d46.s1.e4" interaction="false"/><pair id="DrugDDI.d46.s1.p8" e1="DrugDDI.d46.s1.e1" e2="DrugDDI.d46.s1.e5" interaction="false"/><pair id="DrugDDI.d46.s1.p9" e1="DrugDDI.d46.s1.e2" e2="DrugDDI.d46.s1.e3" interaction="false"/><pair id="DrugDDI.d46.s1.p10" e1="DrugDDI.d46.s1.e2" e2="DrugDDI.d46.s1.e4" interaction="false"/><pair id="DrugDDI.d46.s1.p11" e1="DrugDDI.d46.s1.e2" e2="DrugDDI.d46.s1.e5" interaction="false"/><pair id="DrugDDI.d46.s1.p12" e1="DrugDDI.d46.s1.e3" e2="DrugDDI.d46.s1.e4" interaction="false"/><pair id="DrugDDI.d46.s1.p13" e1="DrugDDI.d46.s1.e3" e2="DrugDDI.d46.s1.e5" interaction="false"/><pair id="DrugDDI.d46.s1.p14" e1="DrugDDI.d46.s1.e4" e2="DrugDDI.d46.s1.e5" interaction="false"/></sentence><sentence id="DrugDDI.d46.s2" origId="s2" text="WelChol? decreased the Cmax and AUC of sustained-release verapamil (Calan SR?) by approximately 31% and 11%, respectively."><entity id="DrugDDI.d46.s2.e0" origId="s2.p31" charOffset="57-66" type="drug" text="verapamil"/><entity id="DrugDDI.d46.s2.e1" origId="s2.p33" charOffset="68-73" type="drug" text="Calan"/><pair id="DrugDDI.d46.s2.p0" e1="DrugDDI.d46.s2.e0" e2="DrugDDI.d46.s2.e1" interaction="false"/></sentence><sentence id="DrugDDI.d46.s3" origId="s3" text="Since there is a high degree of variability in the bioavailability of verapamil, the clinical significance of this finding is unclear."><entity id="DrugDDI.d46.s3.e0" origId="s3.p45" charOffset="70-79" type="drug" text="verapamil"/></sentence><sentence id="DrugDDI.d46.s4" origId="s4" text="In clinical studies, coadministration of WelChol? with atorvastatin, lovastatin, or simvastatin did not interfere with the lipid-lowering activity of the HMG-CoA reductase inhibitor."><entity id="DrugDDI.d46.s4.e0" origId="s4.p53" charOffset="55-67" type="drug" text="atorvastatin"/><entity id="DrugDDI.d46.s4.e1" origId="s4.p54" charOffset="69-79" type="drug" text="lovastatin"/><entity id="DrugDDI.d46.s4.e2" origId="s4.p56" charOffset="84-95" type="drug" text="simvastatin"/><entity id="DrugDDI.d46.s4.e3" origId="s4.p63" charOffset="154-181" type="drug" text="hmg-coa reductase inhibitor"/><pair id="DrugDDI.d46.s4.p0" e1="DrugDDI.d46.s4.e0" e2="DrugDDI.d46.s4.e1" interaction="false"/><pair id="DrugDDI.d46.s4.p1" e1="DrugDDI.d46.s4.e0" e2="DrugDDI.d46.s4.e2" interaction="false"/><pair id="DrugDDI.d46.s4.p2" e1="DrugDDI.d46.s4.e0" e2="DrugDDI.d46.s4.e3" interaction="false"/><pair id="DrugDDI.d46.s4.p3" e1="DrugDDI.d46.s4.e1" e2="DrugDDI.d46.s4.e2" interaction="false"/><pair id="DrugDDI.d46.s4.p4" e1="DrugDDI.d46.s4.e1" e2="DrugDDI.d46.s4.e3" interaction="false"/><pair id="DrugDDI.d46.s4.p5" e1="DrugDDI.d46.s4.e2" e2="DrugDDI.d46.s4.e3" interaction="false"/></sentence><sentence id="DrugDDI.d46.s5" origId="s5" text="Other drugs have not been studied."><entity id="DrugDDI.d46.s5.e0" origId="s5.p64" charOffset="6-11" type="drug" text="drugs"/></sentence><sentence id="DrugDDI.d46.s6" origId="s6" text="When administering other drugs for which alterations in blood levels could have a clinically significant effect on safety or efficacy, physicians should consider monitoring drug levels or effects."><entity id="DrugDDI.d46.s6.e0" origId="s6.p71" charOffset="25-30" type="drug" text="drugs"/></sentence></document>