<?xml version="1.0" encoding="UTF-8"?>
<document id="DrugDDI.d507" origId="Cyanocobalamin2"><sentence id="DrugDDI.d507.s0" origId="s0" text="Persons taking most antibiotics, methotrexate and pyrimethamine invalidate folic acid and vitamin B12 diagnostic blood assays."><entity id="DrugDDI.d507.s0.e0" origId="s0.p2" charOffset="20-31" type="drug" text="antibiotics"/><entity id="DrugDDI.d507.s0.e1" origId="s0.p3" charOffset="33-45" type="drug" text="methotrexate"/><entity id="DrugDDI.d507.s0.e2" origId="s0.p5" charOffset="50-63" type="drug" text="pyrimethamine"/><entity id="DrugDDI.d507.s0.e3" origId="s0.p6" charOffset="75-85" type="drug" text="folic acid"/><entity id="DrugDDI.d507.s0.e4" origId="s0.p8" charOffset="90-101" type="drug" text="vitamin B12"/><pair id="DrugDDI.d507.s0.p0" e1="DrugDDI.d507.s0.e0" e2="DrugDDI.d507.s0.e1" interaction="false"/><pair id="DrugDDI.d507.s0.p1" e1="DrugDDI.d507.s0.e0" e2="DrugDDI.d507.s0.e2" interaction="false"/><pair id="DrugDDI.d507.s0.p2" e1="DrugDDI.d507.s0.e0" e2="DrugDDI.d507.s0.e3" interaction="false"/><pair id="DrugDDI.d507.s0.p3" e1="DrugDDI.d507.s0.e0" e2="DrugDDI.d507.s0.e4" interaction="false"/><pair id="DrugDDI.d507.s0.p4" e1="DrugDDI.d507.s0.e1" e2="DrugDDI.d507.s0.e2" interaction="false"/><pair id="DrugDDI.d507.s0.p5" e1="DrugDDI.d507.s0.e1" e2="DrugDDI.d507.s0.e3" interaction="false"/><pair id="DrugDDI.d507.s0.p6" e1="DrugDDI.d507.s0.e1" e2="DrugDDI.d507.s0.e4" interaction="false"/><pair id="DrugDDI.d507.s0.p7" e1="DrugDDI.d507.s0.e2" e2="DrugDDI.d507.s0.e3" interaction="false"/><pair id="DrugDDI.d507.s0.p8" e1="DrugDDI.d507.s0.e2" e2="DrugDDI.d507.s0.e4" interaction="false"/><pair id="DrugDDI.d507.s0.p9" e1="DrugDDI.d507.s0.e3" e2="DrugDDI.d507.s0.e4" interaction="false"/></sentence><sentence id="DrugDDI.d507.s1" origId="s1" text="Colchicine para-aminosalicylic acid and heavy alcohol intake for longer than 2 weeks may produce malabsorption of vitamin B12."><entity id="DrugDDI.d507.s1.e0" origId="s1.p9" charOffset="0-10" type="drug" text="Colchicine"/><entity id="DrugDDI.d507.s1.e1" origId="s1.p17" charOffset="114-125" type="drug" text="vitamin B12"/><pair id="DrugDDI.d507.s1.p0" e1="DrugDDI.d507.s1.e0" e2="DrugDDI.d507.s1.e1" interaction="true"/></sentence></document>