<?xml version="1.0" encoding="UTF-8"?>
<document id="DrugDDI.d111" origId="Cycloserine"><sentence id="DrugDDI.d111.s0" origId="s0" text="May interact with wthionamide (Trecator-SC) and isoniazid (Nydrazid)."><entity id="DrugDDI.d111.s0.e0" origId="s0.p4" charOffset="31-42" type="drug" text="Trecator-SC"/><entity id="DrugDDI.d111.s0.e1" origId="s0.p7" charOffset="48-57" type="drug" text="isoniazid"/><entity id="DrugDDI.d111.s0.e2" origId="s0.p9" charOffset="59-67" type="drug" text="Nydrazid"/><pair id="DrugDDI.d111.s0.p0" e1="DrugDDI.d111.s0.e0" e2="DrugDDI.d111.s0.e1" interaction="false"/><pair id="DrugDDI.d111.s0.p1" e1="DrugDDI.d111.s0.e0" e2="DrugDDI.d111.s0.e2" interaction="false"/><pair id="DrugDDI.d111.s0.p2" e1="DrugDDI.d111.s0.e1" e2="DrugDDI.d111.s0.e2" interaction="false"/></sentence></document>