<?xml version="1.0" encoding="UTF-8"?>
<document id="DrugDDI.d489" origId="Cyclophosphamide"><sentence id="DrugDDI.d489.s0" origId="s0" text="The rate of metabolism and the leukopenic activity of cyclophosphamide reportedly are increased by chronic administration of high doses of phenobarbital."><entity id="DrugDDI.d489.s0.e0" origId="s0.p4" charOffset="54-70" type="drug" text="cyclophosphamide"/><entity id="DrugDDI.d489.s0.e1" origId="s0.p9" charOffset="139-152" type="drug" text="phenobarbital"/><pair id="DrugDDI.d489.s0.p0" e1="DrugDDI.d489.s0.e0" e2="DrugDDI.d489.s0.e1" interaction="true"/></sentence><sentence id="DrugDDI.d489.s1" origId="s1" text="The physician should be alert for possible combined drug actions, desirable or undesirable, involving cyclophosphamide even though cyclophosphamide has been used successfully concurrently with other drugs, including other cytotoxic drugs."><entity id="DrugDDI.d489.s1.e0" origId="s1.p19" charOffset="102-118" type="drug" text="cyclophosphamide"/><entity id="DrugDDI.d489.s1.e1" origId="s1.p21" charOffset="131-147" type="drug" text="cyclophosphamide"/><entity id="DrugDDI.d489.s1.e2" origId="s1.p26" charOffset="199-204" type="drug" text="drugs"/><entity id="DrugDDI.d489.s1.e3" origId="s1.p28" charOffset="216-237" type="drug" text="other cytotoxic drugs"/><pair id="DrugDDI.d489.s1.p0" e1="DrugDDI.d489.s1.e0" e2="DrugDDI.d489.s1.e1" interaction="false"/><pair id="DrugDDI.d489.s1.p1" e1="DrugDDI.d489.s1.e0" e2="DrugDDI.d489.s1.e2" interaction="false"/><pair id="DrugDDI.d489.s1.p2" e1="DrugDDI.d489.s1.e0" e2="DrugDDI.d489.s1.e3" interaction="false"/><pair id="DrugDDI.d489.s1.p3" e1="DrugDDI.d489.s1.e1" e2="DrugDDI.d489.s1.e2" interaction="false"/><pair id="DrugDDI.d489.s1.p4" e1="DrugDDI.d489.s1.e1" e2="DrugDDI.d489.s1.e3" interaction="false"/><pair id="DrugDDI.d489.s1.p5" e1="DrugDDI.d489.s1.e2" e2="DrugDDI.d489.s1.e3" interaction="false"/></sentence><sentence id="DrugDDI.d489.s2" origId="s2" text="Cyclophosphamide treatment, which causes a marked and persistent inhibition of cholinesterase activity, potentiates the effect of succinylcholine chloride."><entity id="DrugDDI.d489.s2.e0" origId="s2.p38" charOffset="130-154" type="drug" text="succinylcholine chloride"/></sentence><sentence id="DrugDDI.d489.s3" origId="s3" text="If a patient has been treated with cyclophosphamide within 10 days of general anesthesia, the anesthesiologist should be alerted."><entity id="DrugDDI.d489.s3.e0" origId="s3.p43" charOffset="35-51" type="drug" text="cyclophosphamide"/></sentence></document>