<?xml version="1.0" encoding="UTF-8"?>
<document id="DrugDDI.d117" origId="Cyclobenzaprine"><sentence id="DrugDDI.d117.s0" origId="s0" text="FLEXERIL may have life-threatening interactions with MAO inhibitors."><entity id="DrugDDI.d117.s0.e0" origId="s0.p0" charOffset="0-8" type="drug" text="FLEXERIL"/><entity id="DrugDDI.d117.s0.e1" origId="s0.p4" charOffset="53-67" type="drug" text="MAO inhibitors"/><pair id="DrugDDI.d117.s0.p0" e1="DrugDDI.d117.s0.e0" e2="DrugDDI.d117.s0.e1" interaction="true"/></sentence><sentence id="DrugDDI.d117.s1" origId="s1" text="FLEXERIL may enhance the effects of alcohol, barbiturates, and other CNS depressants."><entity id="DrugDDI.d117.s1.e0" origId="s1.p5" charOffset="0-8" type="drug" text="FLEXERIL"/><entity id="DrugDDI.d117.s1.e1" origId="s1.p9" charOffset="36-43" type="drug" text="alcohol"/><entity id="DrugDDI.d117.s1.e2" origId="s1.p10" charOffset="45-57" type="drug" text="barbiturates"/><entity id="DrugDDI.d117.s1.e3" origId="s1.p12" charOffset="69-84" type="drug" text="CNS depressants"/><pair id="DrugDDI.d117.s1.p0" e1="DrugDDI.d117.s1.e0" e2="DrugDDI.d117.s1.e1" interaction="true"/><pair id="DrugDDI.d117.s1.p1" e1="DrugDDI.d117.s1.e0" e2="DrugDDI.d117.s1.e2" interaction="true"/><pair id="DrugDDI.d117.s1.p2" e1="DrugDDI.d117.s1.e0" e2="DrugDDI.d117.s1.e3" interaction="true"/><pair id="DrugDDI.d117.s1.p3" e1="DrugDDI.d117.s1.e1" e2="DrugDDI.d117.s1.e2" interaction="false"/><pair id="DrugDDI.d117.s1.p4" e1="DrugDDI.d117.s1.e1" e2="DrugDDI.d117.s1.e3" interaction="false"/><pair id="DrugDDI.d117.s1.p5" e1="DrugDDI.d117.s1.e2" e2="DrugDDI.d117.s1.e3" interaction="false"/></sentence><sentence id="DrugDDI.d117.s2" origId="s2" text="Tricyclic antidepressants may block the antihypertensive action of guanethidine and similarly acting compounds."><entity id="DrugDDI.d117.s2.e0" origId="s2.p13" charOffset="0-25" type="drug" text="tricyclic antidepressants"/><entity id="DrugDDI.d117.s2.e1" origId="s2.p16" charOffset="40-56" type="drug" text="antihypertensive"/><entity id="DrugDDI.d117.s2.e2" origId="s2.p17" charOffset="67-79" type="drug" text="guanethidine"/><pair id="DrugDDI.d117.s2.p0" e1="DrugDDI.d117.s2.e0" e2="DrugDDI.d117.s2.e1" interaction="false"/><pair id="DrugDDI.d117.s2.p1" e1="DrugDDI.d117.s2.e0" e2="DrugDDI.d117.s2.e2" interaction="true"/><pair id="DrugDDI.d117.s2.p2" e1="DrugDDI.d117.s2.e1" e2="DrugDDI.d117.s2.e2" interaction="false"/></sentence><sentence id="DrugDDI.d117.s3" origId="s3" text="Tricyclic antidepressants may enhance the seizure risk in patients taking tramadol"><entity id="DrugDDI.d117.s3.e0" origId="s3.p20" charOffset="0-25" type="drug" text="tricyclic antidepressants"/><entity id="DrugDDI.d117.s3.e1" origId="s3.p26" charOffset="74-82" type="drug" text="tramadol"/><pair id="DrugDDI.d117.s3.p0" e1="DrugDDI.d117.s3.e0" e2="DrugDDI.d117.s3.e1" interaction="true"/></sentence><sentence id="DrugDDI.d117.s4" origId="s4" text="."/><sentence id="DrugDDI.d117.s5" origId="s5" text="?"/></document>