<?xml version="1.0" encoding="UTF-8"?>
<document id="DrugDDI.d198" origId="Cyclopentolate"><sentence id="DrugDDI.d198.s0" origId="s0" text="Cyclopentolate may interfere with the anti-glaucoma action of carbachol or pilocarpine;"><entity id="DrugDDI.d198.s0.e0" origId="s0.p0" charOffset="0-14" type="drug" text="Cyclopentolate"/><entity id="DrugDDI.d198.s0.e1" origId="s0.p4" charOffset="62-71" type="drug" text="carbachol"/><entity id="DrugDDI.d198.s0.e2" origId="s0.p6" charOffset="75-86" type="drug" text="pilocarpine"/><pair id="DrugDDI.d198.s0.p0" e1="DrugDDI.d198.s0.e0" e2="DrugDDI.d198.s0.e1" interaction="true"/><pair id="DrugDDI.d198.s0.p1" e1="DrugDDI.d198.s0.e0" e2="DrugDDI.d198.s0.e2" interaction="true"/><pair id="DrugDDI.d198.s0.p2" e1="DrugDDI.d198.s0.e1" e2="DrugDDI.d198.s0.e2" interaction="false"/></sentence><sentence id="DrugDDI.d198.s1" origId="s1" text="also, concurrent use of this medication may antagonise the anti-glaucoma and miotic actions of ophthalmic cholinesterase inhibitors."><entity id="DrugDDI.d198.s1.e0" origId="s1.p10" charOffset="29-40" type="drug" text="medication"/><entity id="DrugDDI.d198.s1.e1" origId="s1.p15" charOffset="77-83" type="drug" text="miotic"/><entity id="DrugDDI.d198.s1.e2" origId="s1.p16" charOffset="106-131" type="drug" text="cholinesterase inhibitors"/><pair id="DrugDDI.d198.s1.p0" e1="DrugDDI.d198.s1.e0" e2="DrugDDI.d198.s1.e1" interaction="false"/><pair id="DrugDDI.d198.s1.p1" e1="DrugDDI.d198.s1.e0" e2="DrugDDI.d198.s1.e2" interaction="true"/><pair id="DrugDDI.d198.s1.p2" e1="DrugDDI.d198.s1.e1" e2="DrugDDI.d198.s1.e2" interaction="false"/></sentence></document>