<?xml version="1.0" encoding="UTF-8"?>
<document id="DrugDDI.d171" origId="Cyproheptadine"><sentence id="DrugDDI.d171.s0" origId="s0" text="MAO inhibitors prolong and intensify the anticholinergic effects of antihistamines."><entity id="DrugDDI.d171.s0.e0" origId="s0.p0" charOffset="0-14" type="drug" text="MAO inhibitors"/><entity id="DrugDDI.d171.s0.e1" origId="s0.p4" charOffset="41-56" type="drug" text="anticholinergic"/><entity id="DrugDDI.d171.s0.e2" origId="s0.p5" charOffset="68-82" type="drug" text="antihistamines"/><pair id="DrugDDI.d171.s0.p0" e1="DrugDDI.d171.s0.e0" e2="DrugDDI.d171.s0.e1" interaction="false"/><pair id="DrugDDI.d171.s0.p1" e1="DrugDDI.d171.s0.e0" e2="DrugDDI.d171.s0.e2" interaction="false"/><pair id="DrugDDI.d171.s0.p2" e1="DrugDDI.d171.s0.e1" e2="DrugDDI.d171.s0.e2" interaction="false"/></sentence><sentence id="DrugDDI.d171.s1" origId="s1" text="Antihistamines may have additive effects with alcohol and other CNS depressants, e.g., hypnotics, sedatives, tranquilizers, antianxiety agents."><entity id="DrugDDI.d171.s1.e0" origId="s1.p6" charOffset="0-14" type="drug" text="Antihistamines"/><entity id="DrugDDI.d171.s1.e1" origId="s1.p10" charOffset="46-53" type="drug" text="alcohol"/><entity id="DrugDDI.d171.s1.e2" origId="s1.p12" charOffset="64-79" type="drug" text="CNS depressants"/><entity id="DrugDDI.d171.s1.e3" origId="s1.p15" charOffset="87-96" type="drug" text="hypnotics"/><entity id="DrugDDI.d171.s1.e4" origId="s1.p16" charOffset="98-107" type="drug" text="sedatives"/><entity id="DrugDDI.d171.s1.e5" origId="s1.p17" charOffset="109-122" type="drug" text="tranquilizers"/><entity id="DrugDDI.d171.s1.e6" origId="s1.p18" charOffset="124-142" type="drug" text="antianxiety agents"/><pair id="DrugDDI.d171.s1.p0" e1="DrugDDI.d171.s1.e0" e2="DrugDDI.d171.s1.e1" interaction="false"/><pair id="DrugDDI.d171.s1.p1" e1="DrugDDI.d171.s1.e0" e2="DrugDDI.d171.s1.e2" interaction="false"/><pair id="DrugDDI.d171.s1.p2" e1="DrugDDI.d171.s1.e0" e2="DrugDDI.d171.s1.e3" interaction="false"/><pair id="DrugDDI.d171.s1.p3" e1="DrugDDI.d171.s1.e0" e2="DrugDDI.d171.s1.e4" interaction="false"/><pair id="DrugDDI.d171.s1.p4" e1="DrugDDI.d171.s1.e0" e2="DrugDDI.d171.s1.e5" interaction="false"/><pair id="DrugDDI.d171.s1.p5" e1="DrugDDI.d171.s1.e0" e2="DrugDDI.d171.s1.e6" interaction="false"/><pair id="DrugDDI.d171.s1.p6" e1="DrugDDI.d171.s1.e1" e2="DrugDDI.d171.s1.e2" interaction="false"/><pair id="DrugDDI.d171.s1.p7" e1="DrugDDI.d171.s1.e1" e2="DrugDDI.d171.s1.e3" interaction="false"/><pair id="DrugDDI.d171.s1.p8" e1="DrugDDI.d171.s1.e1" e2="DrugDDI.d171.s1.e4" interaction="false"/><pair id="DrugDDI.d171.s1.p9" e1="DrugDDI.d171.s1.e1" e2="DrugDDI.d171.s1.e5" interaction="false"/><pair id="DrugDDI.d171.s1.p10" e1="DrugDDI.d171.s1.e1" e2="DrugDDI.d171.s1.e6" interaction="false"/><pair id="DrugDDI.d171.s1.p11" e1="DrugDDI.d171.s1.e2" e2="DrugDDI.d171.s1.e3" interaction="false"/><pair id="DrugDDI.d171.s1.p12" e1="DrugDDI.d171.s1.e2" e2="DrugDDI.d171.s1.e4" interaction="false"/><pair id="DrugDDI.d171.s1.p13" e1="DrugDDI.d171.s1.e2" e2="DrugDDI.d171.s1.e5" interaction="false"/><pair id="DrugDDI.d171.s1.p14" e1="DrugDDI.d171.s1.e2" e2="DrugDDI.d171.s1.e6" interaction="false"/><pair id="DrugDDI.d171.s1.p15" e1="DrugDDI.d171.s1.e3" e2="DrugDDI.d171.s1.e4" interaction="false"/><pair id="DrugDDI.d171.s1.p16" e1="DrugDDI.d171.s1.e3" e2="DrugDDI.d171.s1.e5" interaction="false"/><pair id="DrugDDI.d171.s1.p17" e1="DrugDDI.d171.s1.e3" e2="DrugDDI.d171.s1.e6" interaction="false"/><pair id="DrugDDI.d171.s1.p18" e1="DrugDDI.d171.s1.e4" e2="DrugDDI.d171.s1.e5" interaction="false"/><pair id="DrugDDI.d171.s1.p19" e1="DrugDDI.d171.s1.e4" e2="DrugDDI.d171.s1.e6" interaction="false"/><pair id="DrugDDI.d171.s1.p20" e1="DrugDDI.d171.s1.e5" e2="DrugDDI.d171.s1.e6" interaction="false"/></sentence></document>