<?xml version="1.0" encoding="UTF-8"?>
<document id="DrugDDI.d140" origId="Cytarabine"><sentence id="DrugDDI.d140.s0" origId="s0" text="Reversible decreases in steady-state plasma digoxin concentrations and renal glycoside excretion were observed in patients receiving beta-acetyl digoxin and chemotherapy regimens containing cyclophosphamide, vincristine, and prednisone with or without cytarabine or procarbazine."><entity id="DrugDDI.d140.s0.e0" origId="s0.p1" charOffset="44-51" type="drug" text="digoxin"/><entity id="DrugDDI.d140.s0.e1" origId="s0.p3" charOffset="77-86" type="drug" text="glycoside"/><entity id="DrugDDI.d140.s0.e2" origId="s0.p8" charOffset="145-152" type="drug" text="digoxin"/><entity id="DrugDDI.d140.s0.e3" origId="s0.p12" charOffset="190-206" type="drug" text="cyclophosphamide"/><entity id="DrugDDI.d140.s0.e4" origId="s0.p13" charOffset="208-219" type="drug" text="vincristine"/><entity id="DrugDDI.d140.s0.e5" origId="s0.p15" charOffset="225-235" type="drug" text="prednisone"/><entity id="DrugDDI.d140.s0.e6" origId="s0.p18" charOffset="252-262" type="drug" text="cytarabine"/><entity id="DrugDDI.d140.s0.e7" origId="s0.p20" charOffset="266-278" type="drug" text="procarbazine"/><pair id="DrugDDI.d140.s0.p0" e1="DrugDDI.d140.s0.e0" e2="DrugDDI.d140.s0.e1" interaction="false"/><pair id="DrugDDI.d140.s0.p1" e1="DrugDDI.d140.s0.e0" e2="DrugDDI.d140.s0.e2" interaction="false"/><pair id="DrugDDI.d140.s0.p2" e1="DrugDDI.d140.s0.e0" e2="DrugDDI.d140.s0.e3" interaction="false"/><pair id="DrugDDI.d140.s0.p3" e1="DrugDDI.d140.s0.e0" e2="DrugDDI.d140.s0.e4" interaction="false"/><pair id="DrugDDI.d140.s0.p4" e1="DrugDDI.d140.s0.e0" e2="DrugDDI.d140.s0.e5" interaction="false"/><pair id="DrugDDI.d140.s0.p5" e1="DrugDDI.d140.s0.e0" e2="DrugDDI.d140.s0.e6" interaction="false"/><pair id="DrugDDI.d140.s0.p6" e1="DrugDDI.d140.s0.e0" e2="DrugDDI.d140.s0.e7" interaction="false"/><pair id="DrugDDI.d140.s0.p7" e1="DrugDDI.d140.s0.e1" e2="DrugDDI.d140.s0.e2" interaction="false"/><pair id="DrugDDI.d140.s0.p8" e1="DrugDDI.d140.s0.e1" e2="DrugDDI.d140.s0.e3" interaction="false"/><pair id="DrugDDI.d140.s0.p9" e1="DrugDDI.d140.s0.e1" e2="DrugDDI.d140.s0.e4" interaction="false"/><pair id="DrugDDI.d140.s0.p10" e1="DrugDDI.d140.s0.e1" e2="DrugDDI.d140.s0.e5" interaction="false"/><pair id="DrugDDI.d140.s0.p11" e1="DrugDDI.d140.s0.e1" e2="DrugDDI.d140.s0.e6" interaction="false"/><pair id="DrugDDI.d140.s0.p12" e1="DrugDDI.d140.s0.e1" e2="DrugDDI.d140.s0.e7" interaction="false"/><pair id="DrugDDI.d140.s0.p13" e1="DrugDDI.d140.s0.e2" e2="DrugDDI.d140.s0.e3" interaction="true"/><pair id="DrugDDI.d140.s0.p14" e1="DrugDDI.d140.s0.e2" e2="DrugDDI.d140.s0.e4" interaction="true"/><pair id="DrugDDI.d140.s0.p15" e1="DrugDDI.d140.s0.e2" e2="DrugDDI.d140.s0.e5" interaction="true"/><pair id="DrugDDI.d140.s0.p16" e1="DrugDDI.d140.s0.e2" e2="DrugDDI.d140.s0.e6" interaction="false"/><pair id="DrugDDI.d140.s0.p17" e1="DrugDDI.d140.s0.e2" e2="DrugDDI.d140.s0.e7" interaction="false"/><pair id="DrugDDI.d140.s0.p18" e1="DrugDDI.d140.s0.e3" e2="DrugDDI.d140.s0.e4" interaction="false"/><pair id="DrugDDI.d140.s0.p19" e1="DrugDDI.d140.s0.e3" e2="DrugDDI.d140.s0.e5" interaction="false"/><pair id="DrugDDI.d140.s0.p20" e1="DrugDDI.d140.s0.e3" e2="DrugDDI.d140.s0.e6" interaction="false"/><pair id="DrugDDI.d140.s0.p21" e1="DrugDDI.d140.s0.e3" e2="DrugDDI.d140.s0.e7" interaction="false"/><pair id="DrugDDI.d140.s0.p22" e1="DrugDDI.d140.s0.e4" e2="DrugDDI.d140.s0.e5" interaction="false"/><pair id="DrugDDI.d140.s0.p23" e1="DrugDDI.d140.s0.e4" e2="DrugDDI.d140.s0.e6" interaction="false"/><pair id="DrugDDI.d140.s0.p24" e1="DrugDDI.d140.s0.e4" e2="DrugDDI.d140.s0.e7" interaction="false"/><pair id="DrugDDI.d140.s0.p25" e1="DrugDDI.d140.s0.e5" e2="DrugDDI.d140.s0.e6" interaction="false"/><pair id="DrugDDI.d140.s0.p26" e1="DrugDDI.d140.s0.e5" e2="DrugDDI.d140.s0.e7" interaction="false"/><pair id="DrugDDI.d140.s0.p27" e1="DrugDDI.d140.s0.e6" e2="DrugDDI.d140.s0.e7" interaction="false"/></sentence><sentence id="DrugDDI.d140.s1" origId="s1" text="Steady state plasma digitoxin concentrations did not appear to change."><entity id="DrugDDI.d140.s1.e0" origId="s1.p21" charOffset="20-29" type="drug" text="digitoxin"/></sentence><sentence id="DrugDDI.d140.s2" origId="s2" text="Therefore, monitoring of plasma digoxin levels may be indicated in patients receiving similar combination chemotherapy regimens."/><sentence id="DrugDDI.d140.s3" origId="s3" text="The utilization of digitoxin for such patients may be considered as an alternative."><entity id="DrugDDI.d140.s3.e0" origId="s3.p37" charOffset="19-28" type="drug" text="digitoxin"/></sentence><sentence id="DrugDDI.d140.s4" origId="s4" text="Also flucytosine."><entity id="DrugDDI.d140.s4.e0" origId="s4.p43" charOffset="5-16" type="drug" text="flucytosine"/></sentence></document>