<?xml version="1.0" encoding="UTF-8"?>
<document id="DrugDDI.d443" origId="Dactinomycin"><sentence id="DrugDDI.d443.s0" origId="s0" text="Drug/LaboratoryTest Interactions Dactinomycin may interfere with bioassay procedures for the determination of antibacterial drug levels."><entity id="DrugDDI.d443.s0.e0" origId="s0.p0" charOffset="0-4" type="drug" text="Drug"/><entity id="DrugDDI.d443.s0.e1" origId="s0.p1" charOffset="33-45" type="drug" text="Dactinomycin"/><entity id="DrugDDI.d443.s0.e2" origId="s0.p6" charOffset="110-128" type="drug" text="antibacterial drug"/><pair id="DrugDDI.d443.s0.p0" e1="DrugDDI.d443.s0.e0" e2="DrugDDI.d443.s0.e1" interaction="false"/><pair id="DrugDDI.d443.s0.p1" e1="DrugDDI.d443.s0.e0" e2="DrugDDI.d443.s0.e2" interaction="false"/><pair id="DrugDDI.d443.s0.p2" e1="DrugDDI.d443.s0.e1" e2="DrugDDI.d443.s0.e2" interaction="false"/></sentence></document>