<?xml version="1.0" encoding="UTF-8"?>
<document id="DrugDDI.d163" origId="Dantrolene"><sentence id="DrugDDI.d163.s0" origId="s0" text="Dantrium is metabolized by the liver, and it is theoretically possible that its metabolism may be enhanced by drugs known to induce hepatic microsomal enzymes."><entity id="DrugDDI.d163.s0.e0" origId="s0.p0" charOffset="0-8" type="drug" text="Dantrium"/><entity id="DrugDDI.d163.s0.e1" origId="s0.p3" charOffset="31-36" type="drug" text="liver"/><entity id="DrugDDI.d163.s0.e2" origId="s0.p12" charOffset="110-115" type="drug" text="drugs"/><entity id="DrugDDI.d163.s0.e3" origId="s0.p16" charOffset="140-158" type="drug" text="microsomal enzymes"/><pair id="DrugDDI.d163.s0.p0" e1="DrugDDI.d163.s0.e0" e2="DrugDDI.d163.s0.e1" interaction="false"/><pair id="DrugDDI.d163.s0.p1" e1="DrugDDI.d163.s0.e0" e2="DrugDDI.d163.s0.e2" interaction="true"/><pair id="DrugDDI.d163.s0.p2" e1="DrugDDI.d163.s0.e0" e2="DrugDDI.d163.s0.e3" interaction="false"/><pair id="DrugDDI.d163.s0.p3" e1="DrugDDI.d163.s0.e1" e2="DrugDDI.d163.s0.e2" interaction="false"/><pair id="DrugDDI.d163.s0.p4" e1="DrugDDI.d163.s0.e1" e2="DrugDDI.d163.s0.e3" interaction="false"/><pair id="DrugDDI.d163.s0.p5" e1="DrugDDI.d163.s0.e2" e2="DrugDDI.d163.s0.e3" interaction="false"/></sentence><sentence id="DrugDDI.d163.s1" origId="s1" text="However, neither phenobarbital nor diazepam appears to affect Dantrium metabolism."><entity id="DrugDDI.d163.s1.e0" origId="s1.p19" charOffset="17-30" type="drug" text="phenobarbital"/><entity id="DrugDDI.d163.s1.e1" origId="s1.p21" charOffset="35-43" type="drug" text="diazepam"/><entity id="DrugDDI.d163.s1.e2" origId="s1.p25" charOffset="62-70" type="drug" text="Dantrium"/><pair id="DrugDDI.d163.s1.p0" e1="DrugDDI.d163.s1.e0" e2="DrugDDI.d163.s1.e1" interaction="false"/><pair id="DrugDDI.d163.s1.p1" e1="DrugDDI.d163.s1.e0" e2="DrugDDI.d163.s1.e2" interaction="false"/><pair id="DrugDDI.d163.s1.p2" e1="DrugDDI.d163.s1.e1" e2="DrugDDI.d163.s1.e2" interaction="false"/></sentence><sentence id="DrugDDI.d163.s2" origId="s2" text="Binding to plasma protein is not significantly altered by diazepam, diphenylhydantoin, or phenylbutazone."><entity id="DrugDDI.d163.s2.e0" origId="s2.p27" charOffset="11-25" type="drug" text="plasma protein"/><entity id="DrugDDI.d163.s2.e1" origId="s2.p31" charOffset="58-66" type="drug" text="diazepam"/><entity id="DrugDDI.d163.s2.e2" origId="s2.p32" charOffset="68-85" type="drug" text="diphenylhydantoin"/><entity id="DrugDDI.d163.s2.e3" origId="s2.p34" charOffset="90-104" type="drug" text="phenylbutazone"/><pair id="DrugDDI.d163.s2.p0" e1="DrugDDI.d163.s2.e0" e2="DrugDDI.d163.s2.e1" interaction="false"/><pair id="DrugDDI.d163.s2.p1" e1="DrugDDI.d163.s2.e0" e2="DrugDDI.d163.s2.e2" interaction="false"/><pair id="DrugDDI.d163.s2.p2" e1="DrugDDI.d163.s2.e0" e2="DrugDDI.d163.s2.e3" interaction="false"/><pair id="DrugDDI.d163.s2.p3" e1="DrugDDI.d163.s2.e1" e2="DrugDDI.d163.s2.e2" interaction="false"/><pair id="DrugDDI.d163.s2.p4" e1="DrugDDI.d163.s2.e1" e2="DrugDDI.d163.s2.e3" interaction="false"/><pair id="DrugDDI.d163.s2.p5" e1="DrugDDI.d163.s2.e2" e2="DrugDDI.d163.s2.e3" interaction="false"/></sentence><sentence id="DrugDDI.d163.s3" origId="s3" text="Binding to plasma proteins is reduced by warfarin and clotibrate and increased by tolbutamide."><entity id="DrugDDI.d163.s3.e0" origId="s3.p36" charOffset="11-26" type="drug" text="plasma proteins"/><entity id="DrugDDI.d163.s3.e1" origId="s3.p39" charOffset="41-49" type="drug" text="warfarin"/><entity id="DrugDDI.d163.s3.e2" origId="s3.p44" charOffset="82-93" type="drug" text="tolbutamide"/><pair id="DrugDDI.d163.s3.p0" e1="DrugDDI.d163.s3.e0" e2="DrugDDI.d163.s3.e1" interaction="false"/><pair id="DrugDDI.d163.s3.p1" e1="DrugDDI.d163.s3.e0" e2="DrugDDI.d163.s3.e2" interaction="false"/><pair id="DrugDDI.d163.s3.p2" e1="DrugDDI.d163.s3.e1" e2="DrugDDI.d163.s3.e2" interaction="false"/></sentence><sentence id="DrugDDI.d163.s4" origId="s4" text="Cardiovascular collapse in patients treated simultaneously with varapamil and dantrolene sodium is rare."><entity id="DrugDDI.d163.s4.e0" origId="s4.p51" charOffset="78-95" type="drug" text="dantrolene sodium"/></sentence><sentence id="DrugDDI.d163.s5" origId="s5" text="The combination of therapeutic doses of intravenous dantrolene sodium and verapamil in halothane/ span class= c35 a-chloralose anesthetized swine has resulted in ventricular fibrillation and cardiovascular collapse in association with marked hyperkalemia."><entity id="DrugDDI.d163.s5.e0" origId="s5.p56" charOffset="52-69" type="drug" text="dantrolene sodium"/><entity id="DrugDDI.d163.s5.e1" origId="s5.p58" charOffset="74-83" type="drug" text="verapamil"/><entity id="DrugDDI.d163.s5.e2" origId="s5.p59" charOffset="87-96" type="drug" text="halothane"/><pair id="DrugDDI.d163.s5.p0" e1="DrugDDI.d163.s5.e0" e2="DrugDDI.d163.s5.e1" interaction="true"/><pair id="DrugDDI.d163.s5.p1" e1="DrugDDI.d163.s5.e0" e2="DrugDDI.d163.s5.e2" interaction="false"/><pair id="DrugDDI.d163.s5.p2" e1="DrugDDI.d163.s5.e1" e2="DrugDDI.d163.s5.e2" interaction="false"/></sentence><sentence id="DrugDDI.d163.s6" origId="s6" text="It is recommended that the combination of intravenous dantrolene sodium and calcium channel blockers, such as verapamil, not be used together during the management of malignant hyperthermia crisis until the relevance of these findings to humans is established."><entity id="DrugDDI.d163.s6.e0" origId="s6.p72" charOffset="54-71" type="drug" text="dantrolene sodium"/><entity id="DrugDDI.d163.s6.e1" origId="s6.p74" charOffset="76-100" type="drug" text="calcium channel blockers"/><entity id="DrugDDI.d163.s6.e2" origId="s6.p75" charOffset="110-119" type="drug" text="verapamil"/><pair id="DrugDDI.d163.s6.p0" e1="DrugDDI.d163.s6.e0" e2="DrugDDI.d163.s6.e1" interaction="true"/><pair id="DrugDDI.d163.s6.p1" e1="DrugDDI.d163.s6.e0" e2="DrugDDI.d163.s6.e2" interaction="true"/><pair id="DrugDDI.d163.s6.p2" e1="DrugDDI.d163.s6.e1" e2="DrugDDI.d163.s6.e2" interaction="false"/></sentence><sentence id="DrugDDI.d163.s7" origId="s7" text="Administration of dantrolene may potentiate vecuronium-induced neuromuscular block."><entity id="DrugDDI.d163.s7.e0" origId="s7.p88" charOffset="18-28" type="drug" text="dantrolene"/><entity id="DrugDDI.d163.s7.e1" origId="s7.p91" charOffset="44-54" type="drug" text="vecuronium"/><pair id="DrugDDI.d163.s7.p0" e1="DrugDDI.d163.s7.e0" e2="DrugDDI.d163.s7.e1" interaction="true"/></sentence></document>