<?xml version="1.0" encoding="UTF-8"?>
<document id="DrugDDI.d445" origId="Dasatinib"><sentence id="DrugDDI.d445.s0" origId="s0" text="Drugs that may increase dasatinib plasma concentrations CYP3A4 Inhibitors: Dasatinib is a CYP3A4 substrate."><entity id="DrugDDI.d445.s0.e0" origId="s0.p0" charOffset="0-5" type="drug" text="Drugs"/><entity id="DrugDDI.d445.s0.e1" origId="s0.p4" charOffset="56-62" type="drug" text="CYP3A4"/><entity id="DrugDDI.d445.s0.e2" origId="s0.p8" charOffset="90-96" type="drug" text="CYP3A4"/><pair id="DrugDDI.d445.s0.p0" e1="DrugDDI.d445.s0.e0" e2="DrugDDI.d445.s0.e1" interaction="false"/><pair id="DrugDDI.d445.s0.p1" e1="DrugDDI.d445.s0.e0" e2="DrugDDI.d445.s0.e2" interaction="false"/><pair id="DrugDDI.d445.s0.p2" e1="DrugDDI.d445.s0.e1" e2="DrugDDI.d445.s0.e2" interaction="false"/></sentence><sentence id="DrugDDI.d445.s1" origId="s1" text="Concomitant use of SPRYCEL and drugs that inhibit CYP3A4 (eg, ketoconazole, itraconazole, erythromycin, clarithromycin, ritonavir, atazanavir, indinavir, nefazodone, nelfinavir, saquinavir, telithromycin) may increase exposure to dasatinib and should be avoided."><entity id="DrugDDI.d445.s1.e0" origId="s1.p12" charOffset="31-36" type="drug" text="drugs"/><entity id="DrugDDI.d445.s1.e1" origId="s1.p15" charOffset="50-56" type="drug" text="CYP3A4"/><entity id="DrugDDI.d445.s1.e2" origId="s1.p18" charOffset="62-74" type="drug" text="ketoconazole"/><entity id="DrugDDI.d445.s1.e3" origId="s1.p19" charOffset="76-88" type="drug" text="itraconazole"/><entity id="DrugDDI.d445.s1.e4" origId="s1.p20" charOffset="90-102" type="drug" text="erythromycin"/><entity id="DrugDDI.d445.s1.e5" origId="s1.p21" charOffset="104-118" type="drug" text="clarithromycin"/><entity id="DrugDDI.d445.s1.e6" origId="s1.p22" charOffset="120-129" type="drug" text="ritonavir"/><entity id="DrugDDI.d445.s1.e7" origId="s1.p23" charOffset="131-141" type="drug" text="atazanavir"/><entity id="DrugDDI.d445.s1.e8" origId="s1.p24" charOffset="143-152" type="drug" text="indinavir"/><entity id="DrugDDI.d445.s1.e9" origId="s1.p25" charOffset="154-164" type="drug" text="nefazodone"/><entity id="DrugDDI.d445.s1.e10" origId="s1.p26" charOffset="166-176" type="drug" text="nelfinavir"/><entity id="DrugDDI.d445.s1.e11" origId="s1.p27" charOffset="178-188" type="drug" text="saquinavir"/><entity id="DrugDDI.d445.s1.e12" origId="s1.p28" charOffset="190-203" type="drug" text="telithromycin"/><pair id="DrugDDI.d445.s1.p0" e1="DrugDDI.d445.s1.e0" e2="DrugDDI.d445.s1.e1" interaction="false"/><pair id="DrugDDI.d445.s1.p1" e1="DrugDDI.d445.s1.e0" e2="DrugDDI.d445.s1.e2" interaction="false"/><pair id="DrugDDI.d445.s1.p2" e1="DrugDDI.d445.s1.e0" e2="DrugDDI.d445.s1.e3" interaction="false"/><pair id="DrugDDI.d445.s1.p3" e1="DrugDDI.d445.s1.e0" e2="DrugDDI.d445.s1.e4" interaction="false"/><pair id="DrugDDI.d445.s1.p4" e1="DrugDDI.d445.s1.e0" e2="DrugDDI.d445.s1.e5" interaction="false"/><pair id="DrugDDI.d445.s1.p5" e1="DrugDDI.d445.s1.e0" e2="DrugDDI.d445.s1.e6" interaction="false"/><pair id="DrugDDI.d445.s1.p6" e1="DrugDDI.d445.s1.e0" e2="DrugDDI.d445.s1.e7" interaction="false"/><pair id="DrugDDI.d445.s1.p7" e1="DrugDDI.d445.s1.e0" e2="DrugDDI.d445.s1.e8" interaction="false"/><pair id="DrugDDI.d445.s1.p8" e1="DrugDDI.d445.s1.e0" e2="DrugDDI.d445.s1.e9" interaction="false"/><pair id="DrugDDI.d445.s1.p9" e1="DrugDDI.d445.s1.e0" e2="DrugDDI.d445.s1.e10" interaction="false"/><pair id="DrugDDI.d445.s1.p10" e1="DrugDDI.d445.s1.e0" e2="DrugDDI.d445.s1.e11" interaction="false"/><pair id="DrugDDI.d445.s1.p11" e1="DrugDDI.d445.s1.e0" e2="DrugDDI.d445.s1.e12" interaction="false"/><pair id="DrugDDI.d445.s1.p12" e1="DrugDDI.d445.s1.e1" e2="DrugDDI.d445.s1.e2" interaction="false"/><pair id="DrugDDI.d445.s1.p13" e1="DrugDDI.d445.s1.e1" e2="DrugDDI.d445.s1.e3" interaction="false"/><pair id="DrugDDI.d445.s1.p14" e1="DrugDDI.d445.s1.e1" e2="DrugDDI.d445.s1.e4" interaction="false"/><pair id="DrugDDI.d445.s1.p15" e1="DrugDDI.d445.s1.e1" e2="DrugDDI.d445.s1.e5" interaction="false"/><pair id="DrugDDI.d445.s1.p16" e1="DrugDDI.d445.s1.e1" e2="DrugDDI.d445.s1.e6" interaction="false"/><pair id="DrugDDI.d445.s1.p17" e1="DrugDDI.d445.s1.e1" e2="DrugDDI.d445.s1.e7" interaction="false"/><pair id="DrugDDI.d445.s1.p18" e1="DrugDDI.d445.s1.e1" e2="DrugDDI.d445.s1.e8" interaction="false"/><pair id="DrugDDI.d445.s1.p19" e1="DrugDDI.d445.s1.e1" e2="DrugDDI.d445.s1.e9" interaction="false"/><pair id="DrugDDI.d445.s1.p20" e1="DrugDDI.d445.s1.e1" e2="DrugDDI.d445.s1.e10" interaction="false"/><pair id="DrugDDI.d445.s1.p21" e1="DrugDDI.d445.s1.e1" e2="DrugDDI.d445.s1.e11" interaction="false"/><pair id="DrugDDI.d445.s1.p22" e1="DrugDDI.d445.s1.e1" e2="DrugDDI.d445.s1.e12" interaction="false"/><pair id="DrugDDI.d445.s1.p23" e1="DrugDDI.d445.s1.e2" e2="DrugDDI.d445.s1.e3" interaction="false"/><pair id="DrugDDI.d445.s1.p24" e1="DrugDDI.d445.s1.e2" e2="DrugDDI.d445.s1.e4" interaction="false"/><pair id="DrugDDI.d445.s1.p25" e1="DrugDDI.d445.s1.e2" e2="DrugDDI.d445.s1.e5" interaction="false"/><pair id="DrugDDI.d445.s1.p26" e1="DrugDDI.d445.s1.e2" e2="DrugDDI.d445.s1.e6" interaction="false"/><pair id="DrugDDI.d445.s1.p27" e1="DrugDDI.d445.s1.e2" e2="DrugDDI.d445.s1.e7" interaction="false"/><pair id="DrugDDI.d445.s1.p28" e1="DrugDDI.d445.s1.e2" e2="DrugDDI.d445.s1.e8" interaction="false"/><pair id="DrugDDI.d445.s1.p29" e1="DrugDDI.d445.s1.e2" e2="DrugDDI.d445.s1.e9" interaction="false"/><pair id="DrugDDI.d445.s1.p30" e1="DrugDDI.d445.s1.e2" e2="DrugDDI.d445.s1.e10" interaction="false"/><pair id="DrugDDI.d445.s1.p31" e1="DrugDDI.d445.s1.e2" e2="DrugDDI.d445.s1.e11" interaction="false"/><pair id="DrugDDI.d445.s1.p32" e1="DrugDDI.d445.s1.e2" e2="DrugDDI.d445.s1.e12" interaction="false"/><pair id="DrugDDI.d445.s1.p33" e1="DrugDDI.d445.s1.e3" e2="DrugDDI.d445.s1.e4" interaction="false"/><pair id="DrugDDI.d445.s1.p34" e1="DrugDDI.d445.s1.e3" e2="DrugDDI.d445.s1.e5" interaction="false"/><pair id="DrugDDI.d445.s1.p35" e1="DrugDDI.d445.s1.e3" e2="DrugDDI.d445.s1.e6" interaction="false"/><pair id="DrugDDI.d445.s1.p36" e1="DrugDDI.d445.s1.e3" e2="DrugDDI.d445.s1.e7" interaction="false"/><pair id="DrugDDI.d445.s1.p37" e1="DrugDDI.d445.s1.e3" e2="DrugDDI.d445.s1.e8" interaction="false"/><pair id="DrugDDI.d445.s1.p38" e1="DrugDDI.d445.s1.e3" e2="DrugDDI.d445.s1.e9" interaction="false"/><pair id="DrugDDI.d445.s1.p39" e1="DrugDDI.d445.s1.e3" e2="DrugDDI.d445.s1.e10" interaction="false"/><pair id="DrugDDI.d445.s1.p40" e1="DrugDDI.d445.s1.e3" e2="DrugDDI.d445.s1.e11" interaction="false"/><pair id="DrugDDI.d445.s1.p41" e1="DrugDDI.d445.s1.e3" e2="DrugDDI.d445.s1.e12" interaction="false"/><pair id="DrugDDI.d445.s1.p42" e1="DrugDDI.d445.s1.e4" e2="DrugDDI.d445.s1.e5" interaction="false"/><pair id="DrugDDI.d445.s1.p43" e1="DrugDDI.d445.s1.e4" e2="DrugDDI.d445.s1.e6" interaction="false"/><pair id="DrugDDI.d445.s1.p44" e1="DrugDDI.d445.s1.e4" e2="DrugDDI.d445.s1.e7" interaction="false"/><pair id="DrugDDI.d445.s1.p45" e1="DrugDDI.d445.s1.e4" e2="DrugDDI.d445.s1.e8" interaction="false"/><pair id="DrugDDI.d445.s1.p46" e1="DrugDDI.d445.s1.e4" e2="DrugDDI.d445.s1.e9" interaction="false"/><pair id="DrugDDI.d445.s1.p47" e1="DrugDDI.d445.s1.e4" e2="DrugDDI.d445.s1.e10" interaction="false"/><pair id="DrugDDI.d445.s1.p48" e1="DrugDDI.d445.s1.e4" e2="DrugDDI.d445.s1.e11" interaction="false"/><pair id="DrugDDI.d445.s1.p49" e1="DrugDDI.d445.s1.e4" e2="DrugDDI.d445.s1.e12" interaction="false"/><pair id="DrugDDI.d445.s1.p50" e1="DrugDDI.d445.s1.e5" e2="DrugDDI.d445.s1.e6" interaction="false"/><pair id="DrugDDI.d445.s1.p51" e1="DrugDDI.d445.s1.e5" e2="DrugDDI.d445.s1.e7" interaction="false"/><pair id="DrugDDI.d445.s1.p52" e1="DrugDDI.d445.s1.e5" e2="DrugDDI.d445.s1.e8" interaction="false"/><pair id="DrugDDI.d445.s1.p53" e1="DrugDDI.d445.s1.e5" e2="DrugDDI.d445.s1.e9" interaction="false"/><pair id="DrugDDI.d445.s1.p54" e1="DrugDDI.d445.s1.e5" e2="DrugDDI.d445.s1.e10" interaction="false"/><pair id="DrugDDI.d445.s1.p55" e1="DrugDDI.d445.s1.e5" e2="DrugDDI.d445.s1.e11" interaction="false"/><pair id="DrugDDI.d445.s1.p56" e1="DrugDDI.d445.s1.e5" e2="DrugDDI.d445.s1.e12" interaction="false"/><pair id="DrugDDI.d445.s1.p57" e1="DrugDDI.d445.s1.e6" e2="DrugDDI.d445.s1.e7" interaction="false"/><pair id="DrugDDI.d445.s1.p58" e1="DrugDDI.d445.s1.e6" e2="DrugDDI.d445.s1.e8" interaction="false"/><pair id="DrugDDI.d445.s1.p59" e1="DrugDDI.d445.s1.e6" e2="DrugDDI.d445.s1.e9" interaction="false"/><pair id="DrugDDI.d445.s1.p60" e1="DrugDDI.d445.s1.e6" e2="DrugDDI.d445.s1.e10" interaction="false"/><pair id="DrugDDI.d445.s1.p61" e1="DrugDDI.d445.s1.e6" e2="DrugDDI.d445.s1.e11" interaction="false"/><pair id="DrugDDI.d445.s1.p62" e1="DrugDDI.d445.s1.e6" e2="DrugDDI.d445.s1.e12" interaction="false"/><pair id="DrugDDI.d445.s1.p63" e1="DrugDDI.d445.s1.e7" e2="DrugDDI.d445.s1.e8" interaction="false"/><pair id="DrugDDI.d445.s1.p64" e1="DrugDDI.d445.s1.e7" e2="DrugDDI.d445.s1.e9" interaction="false"/><pair id="DrugDDI.d445.s1.p65" e1="DrugDDI.d445.s1.e7" e2="DrugDDI.d445.s1.e10" interaction="false"/><pair id="DrugDDI.d445.s1.p66" e1="DrugDDI.d445.s1.e7" e2="DrugDDI.d445.s1.e11" interaction="false"/><pair id="DrugDDI.d445.s1.p67" e1="DrugDDI.d445.s1.e7" e2="DrugDDI.d445.s1.e12" interaction="false"/><pair id="DrugDDI.d445.s1.p68" e1="DrugDDI.d445.s1.e8" e2="DrugDDI.d445.s1.e9" interaction="false"/><pair id="DrugDDI.d445.s1.p69" e1="DrugDDI.d445.s1.e8" e2="DrugDDI.d445.s1.e10" interaction="false"/><pair id="DrugDDI.d445.s1.p70" e1="DrugDDI.d445.s1.e8" e2="DrugDDI.d445.s1.e11" interaction="false"/><pair id="DrugDDI.d445.s1.p71" e1="DrugDDI.d445.s1.e8" e2="DrugDDI.d445.s1.e12" interaction="false"/><pair id="DrugDDI.d445.s1.p72" e1="DrugDDI.d445.s1.e9" e2="DrugDDI.d445.s1.e10" interaction="false"/><pair id="DrugDDI.d445.s1.p73" e1="DrugDDI.d445.s1.e9" e2="DrugDDI.d445.s1.e11" interaction="false"/><pair id="DrugDDI.d445.s1.p74" e1="DrugDDI.d445.s1.e9" e2="DrugDDI.d445.s1.e12" interaction="false"/><pair id="DrugDDI.d445.s1.p75" e1="DrugDDI.d445.s1.e10" e2="DrugDDI.d445.s1.e11" interaction="false"/><pair id="DrugDDI.d445.s1.p76" e1="DrugDDI.d445.s1.e10" e2="DrugDDI.d445.s1.e12" interaction="false"/><pair id="DrugDDI.d445.s1.p77" e1="DrugDDI.d445.s1.e11" e2="DrugDDI.d445.s1.e12" interaction="false"/></sentence><sentence id="DrugDDI.d445.s2" origId="s2" text="In patients receiving treatment with SPRYCEL, close monitoring for toxicity and a SPRYCEL dose reduction should be considered if systemic administration of a potent CYP3A4 inhibitor cannot be avoided."><entity id="DrugDDI.d445.s2.e0" origId="s2.p50" charOffset="165-171" type="drug" text="CYP3A4"/></sentence><sentence id="DrugDDI.d445.s3" origId="s3" text="Drugs that may decrease dasatinib plasma concentrations CYP3A4 Inducers: Drugs that induce CYP3A4 activity may decrease dasatinib plasma concentrations."><entity id="DrugDDI.d445.s3.e0" origId="s3.p54" charOffset="0-5" type="drug" text="Drugs"/><entity id="DrugDDI.d445.s3.e1" origId="s3.p58" charOffset="56-62" type="drug" text="CYP3A4"/><entity id="DrugDDI.d445.s3.e2" origId="s3.p60" charOffset="73-78" type="drug" text="Drugs"/><entity id="DrugDDI.d445.s3.e3" origId="s3.p63" charOffset="91-97" type="drug" text="CYP3A4"/><pair id="DrugDDI.d445.s3.p0" e1="DrugDDI.d445.s3.e0" e2="DrugDDI.d445.s3.e1" interaction="false"/><pair id="DrugDDI.d445.s3.p1" e1="DrugDDI.d445.s3.e0" e2="DrugDDI.d445.s3.e2" interaction="false"/><pair id="DrugDDI.d445.s3.p2" e1="DrugDDI.d445.s3.e0" e2="DrugDDI.d445.s3.e3" interaction="false"/><pair id="DrugDDI.d445.s3.p3" e1="DrugDDI.d445.s3.e1" e2="DrugDDI.d445.s3.e2" interaction="false"/><pair id="DrugDDI.d445.s3.p4" e1="DrugDDI.d445.s3.e1" e2="DrugDDI.d445.s3.e3" interaction="false"/><pair id="DrugDDI.d445.s3.p5" e1="DrugDDI.d445.s3.e2" e2="DrugDDI.d445.s3.e3" interaction="false"/></sentence><sentence id="DrugDDI.d445.s4" origId="s4" text="In patients in whom CYP3A4 inducers (eg, dexamethasone, phenytoin, carbamazepine, rifampicin, phenobarbital) are indicated, alternative agents with less enzyme induction potential should be used."><entity id="DrugDDI.d445.s4.e0" origId="s4.p68" charOffset="20-26" type="drug" text="CYP3A4"/><entity id="DrugDDI.d445.s4.e1" origId="s4.p71" charOffset="41-54" type="drug" text="dexamethasone"/><entity id="DrugDDI.d445.s4.e2" origId="s4.p72" charOffset="56-65" type="drug" text="phenytoin"/><entity id="DrugDDI.d445.s4.e3" origId="s4.p73" charOffset="67-80" type="drug" text="carbamazepine"/><entity id="DrugDDI.d445.s4.e4" origId="s4.p74" charOffset="82-92" type="drug" text="rifampicin"/><entity id="DrugDDI.d445.s4.e5" origId="s4.p75" charOffset="94-107" type="drug" text="phenobarbital"/><pair id="DrugDDI.d445.s4.p0" e1="DrugDDI.d445.s4.e0" e2="DrugDDI.d445.s4.e1" interaction="false"/><pair id="DrugDDI.d445.s4.p1" e1="DrugDDI.d445.s4.e0" e2="DrugDDI.d445.s4.e2" interaction="false"/><pair id="DrugDDI.d445.s4.p2" e1="DrugDDI.d445.s4.e0" e2="DrugDDI.d445.s4.e3" interaction="false"/><pair id="DrugDDI.d445.s4.p3" e1="DrugDDI.d445.s4.e0" e2="DrugDDI.d445.s4.e4" interaction="false"/><pair id="DrugDDI.d445.s4.p4" e1="DrugDDI.d445.s4.e0" e2="DrugDDI.d445.s4.e5" interaction="false"/><pair id="DrugDDI.d445.s4.p5" e1="DrugDDI.d445.s4.e1" e2="DrugDDI.d445.s4.e2" interaction="false"/><pair id="DrugDDI.d445.s4.p6" e1="DrugDDI.d445.s4.e1" e2="DrugDDI.d445.s4.e3" interaction="false"/><pair id="DrugDDI.d445.s4.p7" e1="DrugDDI.d445.s4.e1" e2="DrugDDI.d445.s4.e4" interaction="false"/><pair id="DrugDDI.d445.s4.p8" e1="DrugDDI.d445.s4.e1" e2="DrugDDI.d445.s4.e5" interaction="false"/><pair id="DrugDDI.d445.s4.p9" e1="DrugDDI.d445.s4.e2" e2="DrugDDI.d445.s4.e3" interaction="false"/><pair id="DrugDDI.d445.s4.p10" e1="DrugDDI.d445.s4.e2" e2="DrugDDI.d445.s4.e4" interaction="false"/><pair id="DrugDDI.d445.s4.p11" e1="DrugDDI.d445.s4.e2" e2="DrugDDI.d445.s4.e5" interaction="false"/><pair id="DrugDDI.d445.s4.p12" e1="DrugDDI.d445.s4.e3" e2="DrugDDI.d445.s4.e4" interaction="false"/><pair id="DrugDDI.d445.s4.p13" e1="DrugDDI.d445.s4.e3" e2="DrugDDI.d445.s4.e5" interaction="false"/><pair id="DrugDDI.d445.s4.p14" e1="DrugDDI.d445.s4.e4" e2="DrugDDI.d445.s4.e5" interaction="false"/></sentence><sentence id="DrugDDI.d445.s5" origId="s5" text="If SPRYCEL must be administered with a CYP3A4 inducer, a dose increase in SPRYCEL should be considered."><entity id="DrugDDI.d445.s5.e0" origId="s5.p89" charOffset="39-45" type="drug" text="CYP3A4"/></sentence><sentence id="DrugDDI.d445.s6" origId="s6" text="St. Johns wort (Hypericum perforatum) may decrease SPRYCEL plasma concentrations unpredictably."><entity id="DrugDDI.d445.s6.e0" origId="s6.p95" charOffset="0-14" type="drug" text="St. Johns wort"/><entity id="DrugDDI.d445.s6.e1" origId="s6.p97" charOffset="16-36" type="drug" text="Hypericum perforatum"/><pair id="DrugDDI.d445.s6.p0" e1="DrugDDI.d445.s6.e0" e2="DrugDDI.d445.s6.e1" interaction="false"/></sentence><sentence id="DrugDDI.d445.s7" origId="s7" text="Patients receiving SPRYCEL should not take St. Johns wort."><entity id="DrugDDI.d445.s7.e0" origId="s7.p108" charOffset="43-57" type="drug" text="St. Johns wort"/></sentence><sentence id="DrugDDI.d445.s8" origId="s8" text="Antacids: Nonclinical data demonstrate that the solubility of dasatinib is pH dependent."><entity id="DrugDDI.d445.s8.e0" origId="s8.p109" charOffset="0-8" type="drug" text="Antacids"/></sentence><sentence id="DrugDDI.d445.s9" origId="s9" text="Simultaneous administration of SPRYCEL with antacids should be avoided."><entity id="DrugDDI.d445.s9.e0" origId="s9.p119" charOffset="44-52" type="drug" text="antacids"/></sentence><sentence id="DrugDDI.d445.s10" origId="s10" text="If antacid therapy is needed, the antacid dose should be administered at least 2 hours prior to or 2 hours after the dose of SPRYCEL."><entity id="DrugDDI.d445.s10.e0" origId="s10.p127" charOffset="34-41" type="drug" text="antacid"/></sentence><sentence id="DrugDDI.d445.s11" origId="s11" text="H2 Blockers/Proton Pump Inhibitors: Long-term suppression of gastric acid secretion by H2 blockers or proton pump inhibitors (eg, famotidine and omeprazole) is likely to reduce dasatinib exposure."><entity id="DrugDDI.d445.s11.e0" origId="s11.p137" charOffset="0-11" type="drug" text="H2 Blockers"/><entity id="DrugDDI.d445.s11.e1" origId="s11.p138" charOffset="12-34" type="drug" text="Proton Pump Inhibitors"/><entity id="DrugDDI.d445.s11.e2" origId="s11.p142" charOffset="87-98" type="drug" text="H2 blockers"/><entity id="DrugDDI.d445.s11.e3" origId="s11.p144" charOffset="102-124" type="drug" text="proton pump inhibitors"/><entity id="DrugDDI.d445.s11.e4" origId="s11.p147" charOffset="130-140" type="drug" text="famotidine"/><entity id="DrugDDI.d445.s11.e5" origId="s11.p149" charOffset="145-155" type="drug" text="omeprazole"/><pair id="DrugDDI.d445.s11.p0" e1="DrugDDI.d445.s11.e0" e2="DrugDDI.d445.s11.e1" interaction="false"/><pair id="DrugDDI.d445.s11.p1" e1="DrugDDI.d445.s11.e0" e2="DrugDDI.d445.s11.e2" interaction="false"/><pair id="DrugDDI.d445.s11.p2" e1="DrugDDI.d445.s11.e0" e2="DrugDDI.d445.s11.e3" interaction="false"/><pair id="DrugDDI.d445.s11.p3" e1="DrugDDI.d445.s11.e0" e2="DrugDDI.d445.s11.e4" interaction="false"/><pair id="DrugDDI.d445.s11.p4" e1="DrugDDI.d445.s11.e0" e2="DrugDDI.d445.s11.e5" interaction="false"/><pair id="DrugDDI.d445.s11.p5" e1="DrugDDI.d445.s11.e1" e2="DrugDDI.d445.s11.e2" interaction="false"/><pair id="DrugDDI.d445.s11.p6" e1="DrugDDI.d445.s11.e1" e2="DrugDDI.d445.s11.e3" interaction="false"/><pair id="DrugDDI.d445.s11.p7" e1="DrugDDI.d445.s11.e1" e2="DrugDDI.d445.s11.e4" interaction="false"/><pair id="DrugDDI.d445.s11.p8" e1="DrugDDI.d445.s11.e1" e2="DrugDDI.d445.s11.e5" interaction="false"/><pair id="DrugDDI.d445.s11.p9" e1="DrugDDI.d445.s11.e2" e2="DrugDDI.d445.s11.e3" interaction="false"/><pair id="DrugDDI.d445.s11.p10" e1="DrugDDI.d445.s11.e2" e2="DrugDDI.d445.s11.e4" interaction="false"/><pair id="DrugDDI.d445.s11.p11" e1="DrugDDI.d445.s11.e2" e2="DrugDDI.d445.s11.e5" interaction="false"/><pair id="DrugDDI.d445.s11.p12" e1="DrugDDI.d445.s11.e3" e2="DrugDDI.d445.s11.e4" interaction="false"/><pair id="DrugDDI.d445.s11.p13" e1="DrugDDI.d445.s11.e3" e2="DrugDDI.d445.s11.e5" interaction="false"/><pair id="DrugDDI.d445.s11.p14" e1="DrugDDI.d445.s11.e4" e2="DrugDDI.d445.s11.e5" interaction="false"/></sentence><sentence id="DrugDDI.d445.s12" origId="s12" text="The concomitant use of H2 blockers or proton pump inhibitors with SPRYCEL is not recommended."><entity id="DrugDDI.d445.s12.e0" origId="s12.p156" charOffset="23-34" type="drug" text="H2 blockers"/><entity id="DrugDDI.d445.s12.e1" origId="s12.p158" charOffset="38-60" type="drug" text="proton pump inhibitors"/><pair id="DrugDDI.d445.s12.p0" e1="DrugDDI.d445.s12.e0" e2="DrugDDI.d445.s12.e1" interaction="false"/></sentence><sentence id="DrugDDI.d445.s13" origId="s13" text="The use of antacids should be considered in place of H2 blockers or proton pump inhibitors in patients receiving SPRYCEL therapy."><entity id="DrugDDI.d445.s13.e0" origId="s13.p164" charOffset="11-19" type="drug" text="antacids"/><entity id="DrugDDI.d445.s13.e1" origId="s13.p169" charOffset="53-64" type="drug" text="H2 blockers"/><entity id="DrugDDI.d445.s13.e2" origId="s13.p171" charOffset="68-90" type="drug" text="proton pump inhibitors"/><pair id="DrugDDI.d445.s13.p0" e1="DrugDDI.d445.s13.e0" e2="DrugDDI.d445.s13.e1" interaction="false"/><pair id="DrugDDI.d445.s13.p1" e1="DrugDDI.d445.s13.e0" e2="DrugDDI.d445.s13.e2" interaction="false"/><pair id="DrugDDI.d445.s13.p2" e1="DrugDDI.d445.s13.e1" e2="DrugDDI.d445.s13.e2" interaction="false"/></sentence><sentence id="DrugDDI.d445.s14" origId="s14" text="Drugs that may have their plasma concentration altered by dasatinib CYP3A4 Substrates: Dasatinib is a time-dependent inhibitor of CYP3A4."><entity id="DrugDDI.d445.s14.e0" origId="s14.p175" charOffset="0-5" type="drug" text="Drugs"/><entity id="DrugDDI.d445.s14.e1" origId="s14.p181" charOffset="68-74" type="drug" text="CYP3A4"/><entity id="DrugDDI.d445.s14.e2" origId="s14.p186" charOffset="130-136" type="drug" text="CYP3A4"/><pair id="DrugDDI.d445.s14.p0" e1="DrugDDI.d445.s14.e0" e2="DrugDDI.d445.s14.e1" interaction="false"/><pair id="DrugDDI.d445.s14.p1" e1="DrugDDI.d445.s14.e0" e2="DrugDDI.d445.s14.e2" interaction="false"/><pair id="DrugDDI.d445.s14.p2" e1="DrugDDI.d445.s14.e1" e2="DrugDDI.d445.s14.e2" interaction="false"/></sentence><sentence id="DrugDDI.d445.s15" origId="s15" text="Therefore, CYP3A4 substrates known to have a narrow therapeutic index such as alfentanil, astemizole, terfenadine, cisapride, cyclosporine, fentanyl, pimozide, quinidine, sirolimus, tacrolimus, or ergot alkaloids (ergotamine, dihydroergotamine) should be administered with caution in patients receiving SPRYCEL."><entity id="DrugDDI.d445.s15.e0" origId="s15.p188" charOffset="11-17" type="drug" text="CYP3A4"/><entity id="DrugDDI.d445.s15.e1" origId="s15.p193" charOffset="78-88" type="drug" text="alfentanil"/><entity id="DrugDDI.d445.s15.e2" origId="s15.p194" charOffset="90-100" type="drug" text="astemizole"/><entity id="DrugDDI.d445.s15.e3" origId="s15.p195" charOffset="102-113" type="drug" text="terfenadine"/><entity id="DrugDDI.d445.s15.e4" origId="s15.p196" charOffset="115-124" type="drug" text="cisapride"/><entity id="DrugDDI.d445.s15.e5" origId="s15.p197" charOffset="126-138" type="drug" text="cyclosporine"/><entity id="DrugDDI.d445.s15.e6" origId="s15.p198" charOffset="140-148" type="drug" text="fentanyl"/><entity id="DrugDDI.d445.s15.e7" origId="s15.p199" charOffset="150-158" type="drug" text="pimozide"/><entity id="DrugDDI.d445.s15.e8" origId="s15.p200" charOffset="160-169" type="drug" text="quinidine"/><entity id="DrugDDI.d445.s15.e9" origId="s15.p201" charOffset="171-180" type="drug" text="sirolimus"/><entity id="DrugDDI.d445.s15.e10" origId="s15.p202" charOffset="182-192" type="drug" text="tacrolimus"/><entity id="DrugDDI.d445.s15.e11" origId="s15.p204" charOffset="197-212" type="drug" text="ergot alkaloids"/><entity id="DrugDDI.d445.s15.e12" origId="s15.p206" charOffset="214-224" type="drug" text="ergotamine"/><entity id="DrugDDI.d445.s15.e13" origId="s15.p207" charOffset="226-243" type="drug" text="dihydroergotamine"/><pair id="DrugDDI.d445.s15.p0" e1="DrugDDI.d445.s15.e0" e2="DrugDDI.d445.s15.e1" interaction="false"/><pair id="DrugDDI.d445.s15.p1" e1="DrugDDI.d445.s15.e0" e2="DrugDDI.d445.s15.e2" interaction="false"/><pair id="DrugDDI.d445.s15.p2" e1="DrugDDI.d445.s15.e0" e2="DrugDDI.d445.s15.e3" interaction="false"/><pair id="DrugDDI.d445.s15.p3" e1="DrugDDI.d445.s15.e0" e2="DrugDDI.d445.s15.e4" interaction="false"/><pair id="DrugDDI.d445.s15.p4" e1="DrugDDI.d445.s15.e0" e2="DrugDDI.d445.s15.e5" interaction="false"/><pair id="DrugDDI.d445.s15.p5" e1="DrugDDI.d445.s15.e0" e2="DrugDDI.d445.s15.e6" interaction="false"/><pair id="DrugDDI.d445.s15.p6" e1="DrugDDI.d445.s15.e0" e2="DrugDDI.d445.s15.e7" interaction="false"/><pair id="DrugDDI.d445.s15.p7" e1="DrugDDI.d445.s15.e0" e2="DrugDDI.d445.s15.e8" interaction="false"/><pair id="DrugDDI.d445.s15.p8" e1="DrugDDI.d445.s15.e0" e2="DrugDDI.d445.s15.e9" interaction="false"/><pair id="DrugDDI.d445.s15.p9" e1="DrugDDI.d445.s15.e0" e2="DrugDDI.d445.s15.e10" interaction="false"/><pair id="DrugDDI.d445.s15.p10" e1="DrugDDI.d445.s15.e0" e2="DrugDDI.d445.s15.e11" interaction="false"/><pair id="DrugDDI.d445.s15.p11" e1="DrugDDI.d445.s15.e0" e2="DrugDDI.d445.s15.e12" interaction="false"/><pair id="DrugDDI.d445.s15.p12" e1="DrugDDI.d445.s15.e0" e2="DrugDDI.d445.s15.e13" interaction="false"/><pair id="DrugDDI.d445.s15.p13" e1="DrugDDI.d445.s15.e1" e2="DrugDDI.d445.s15.e2" interaction="false"/><pair id="DrugDDI.d445.s15.p14" e1="DrugDDI.d445.s15.e1" e2="DrugDDI.d445.s15.e3" interaction="false"/><pair id="DrugDDI.d445.s15.p15" e1="DrugDDI.d445.s15.e1" e2="DrugDDI.d445.s15.e4" interaction="false"/><pair id="DrugDDI.d445.s15.p16" e1="DrugDDI.d445.s15.e1" e2="DrugDDI.d445.s15.e5" interaction="false"/><pair id="DrugDDI.d445.s15.p17" e1="DrugDDI.d445.s15.e1" e2="DrugDDI.d445.s15.e6" interaction="false"/><pair id="DrugDDI.d445.s15.p18" e1="DrugDDI.d445.s15.e1" e2="DrugDDI.d445.s15.e7" interaction="false"/><pair id="DrugDDI.d445.s15.p19" e1="DrugDDI.d445.s15.e1" e2="DrugDDI.d445.s15.e8" interaction="false"/><pair id="DrugDDI.d445.s15.p20" e1="DrugDDI.d445.s15.e1" e2="DrugDDI.d445.s15.e9" interaction="false"/><pair id="DrugDDI.d445.s15.p21" e1="DrugDDI.d445.s15.e1" e2="DrugDDI.d445.s15.e10" interaction="false"/><pair id="DrugDDI.d445.s15.p22" e1="DrugDDI.d445.s15.e1" e2="DrugDDI.d445.s15.e11" interaction="false"/><pair id="DrugDDI.d445.s15.p23" e1="DrugDDI.d445.s15.e1" e2="DrugDDI.d445.s15.e12" interaction="false"/><pair id="DrugDDI.d445.s15.p24" e1="DrugDDI.d445.s15.e1" e2="DrugDDI.d445.s15.e13" interaction="false"/><pair id="DrugDDI.d445.s15.p25" e1="DrugDDI.d445.s15.e2" e2="DrugDDI.d445.s15.e3" interaction="false"/><pair id="DrugDDI.d445.s15.p26" e1="DrugDDI.d445.s15.e2" e2="DrugDDI.d445.s15.e4" interaction="false"/><pair id="DrugDDI.d445.s15.p27" e1="DrugDDI.d445.s15.e2" e2="DrugDDI.d445.s15.e5" interaction="false"/><pair id="DrugDDI.d445.s15.p28" e1="DrugDDI.d445.s15.e2" e2="DrugDDI.d445.s15.e6" interaction="false"/><pair id="DrugDDI.d445.s15.p29" e1="DrugDDI.d445.s15.e2" e2="DrugDDI.d445.s15.e7" interaction="false"/><pair id="DrugDDI.d445.s15.p30" e1="DrugDDI.d445.s15.e2" e2="DrugDDI.d445.s15.e8" interaction="false"/><pair id="DrugDDI.d445.s15.p31" e1="DrugDDI.d445.s15.e2" e2="DrugDDI.d445.s15.e9" interaction="false"/><pair id="DrugDDI.d445.s15.p32" e1="DrugDDI.d445.s15.e2" e2="DrugDDI.d445.s15.e10" interaction="false"/><pair id="DrugDDI.d445.s15.p33" e1="DrugDDI.d445.s15.e2" e2="DrugDDI.d445.s15.e11" interaction="false"/><pair id="DrugDDI.d445.s15.p34" e1="DrugDDI.d445.s15.e2" e2="DrugDDI.d445.s15.e12" interaction="false"/><pair id="DrugDDI.d445.s15.p35" e1="DrugDDI.d445.s15.e2" e2="DrugDDI.d445.s15.e13" interaction="false"/><pair id="DrugDDI.d445.s15.p36" e1="DrugDDI.d445.s15.e3" e2="DrugDDI.d445.s15.e4" interaction="false"/><pair id="DrugDDI.d445.s15.p37" e1="DrugDDI.d445.s15.e3" e2="DrugDDI.d445.s15.e5" interaction="false"/><pair id="DrugDDI.d445.s15.p38" e1="DrugDDI.d445.s15.e3" e2="DrugDDI.d445.s15.e6" interaction="false"/><pair id="DrugDDI.d445.s15.p39" e1="DrugDDI.d445.s15.e3" e2="DrugDDI.d445.s15.e7" interaction="false"/><pair id="DrugDDI.d445.s15.p40" e1="DrugDDI.d445.s15.e3" e2="DrugDDI.d445.s15.e8" interaction="false"/><pair id="DrugDDI.d445.s15.p41" e1="DrugDDI.d445.s15.e3" e2="DrugDDI.d445.s15.e9" interaction="false"/><pair id="DrugDDI.d445.s15.p42" e1="DrugDDI.d445.s15.e3" e2="DrugDDI.d445.s15.e10" interaction="false"/><pair id="DrugDDI.d445.s15.p43" e1="DrugDDI.d445.s15.e3" e2="DrugDDI.d445.s15.e11" interaction="false"/><pair id="DrugDDI.d445.s15.p44" e1="DrugDDI.d445.s15.e3" e2="DrugDDI.d445.s15.e12" interaction="false"/><pair id="DrugDDI.d445.s15.p45" e1="DrugDDI.d445.s15.e3" e2="DrugDDI.d445.s15.e13" interaction="false"/><pair id="DrugDDI.d445.s15.p46" e1="DrugDDI.d445.s15.e4" e2="DrugDDI.d445.s15.e5" interaction="false"/><pair id="DrugDDI.d445.s15.p47" e1="DrugDDI.d445.s15.e4" e2="DrugDDI.d445.s15.e6" interaction="false"/><pair id="DrugDDI.d445.s15.p48" e1="DrugDDI.d445.s15.e4" e2="DrugDDI.d445.s15.e7" interaction="false"/><pair id="DrugDDI.d445.s15.p49" e1="DrugDDI.d445.s15.e4" e2="DrugDDI.d445.s15.e8" interaction="false"/><pair id="DrugDDI.d445.s15.p50" e1="DrugDDI.d445.s15.e4" e2="DrugDDI.d445.s15.e9" interaction="false"/><pair id="DrugDDI.d445.s15.p51" e1="DrugDDI.d445.s15.e4" e2="DrugDDI.d445.s15.e10" interaction="false"/><pair id="DrugDDI.d445.s15.p52" e1="DrugDDI.d445.s15.e4" e2="DrugDDI.d445.s15.e11" interaction="false"/><pair id="DrugDDI.d445.s15.p53" e1="DrugDDI.d445.s15.e4" e2="DrugDDI.d445.s15.e12" interaction="false"/><pair id="DrugDDI.d445.s15.p54" e1="DrugDDI.d445.s15.e4" e2="DrugDDI.d445.s15.e13" interaction="false"/><pair id="DrugDDI.d445.s15.p55" e1="DrugDDI.d445.s15.e5" e2="DrugDDI.d445.s15.e6" interaction="false"/><pair id="DrugDDI.d445.s15.p56" e1="DrugDDI.d445.s15.e5" e2="DrugDDI.d445.s15.e7" interaction="false"/><pair id="DrugDDI.d445.s15.p57" e1="DrugDDI.d445.s15.e5" e2="DrugDDI.d445.s15.e8" interaction="false"/><pair id="DrugDDI.d445.s15.p58" e1="DrugDDI.d445.s15.e5" e2="DrugDDI.d445.s15.e9" interaction="false"/><pair id="DrugDDI.d445.s15.p59" e1="DrugDDI.d445.s15.e5" e2="DrugDDI.d445.s15.e10" interaction="false"/><pair id="DrugDDI.d445.s15.p60" e1="DrugDDI.d445.s15.e5" e2="DrugDDI.d445.s15.e11" interaction="false"/><pair id="DrugDDI.d445.s15.p61" e1="DrugDDI.d445.s15.e5" e2="DrugDDI.d445.s15.e12" interaction="false"/><pair id="DrugDDI.d445.s15.p62" e1="DrugDDI.d445.s15.e5" e2="DrugDDI.d445.s15.e13" interaction="false"/><pair id="DrugDDI.d445.s15.p63" e1="DrugDDI.d445.s15.e6" e2="DrugDDI.d445.s15.e7" interaction="false"/><pair id="DrugDDI.d445.s15.p64" e1="DrugDDI.d445.s15.e6" e2="DrugDDI.d445.s15.e8" interaction="false"/><pair id="DrugDDI.d445.s15.p65" e1="DrugDDI.d445.s15.e6" e2="DrugDDI.d445.s15.e9" interaction="false"/><pair id="DrugDDI.d445.s15.p66" e1="DrugDDI.d445.s15.e6" e2="DrugDDI.d445.s15.e10" interaction="false"/><pair id="DrugDDI.d445.s15.p67" e1="DrugDDI.d445.s15.e6" e2="DrugDDI.d445.s15.e11" interaction="false"/><pair id="DrugDDI.d445.s15.p68" e1="DrugDDI.d445.s15.e6" e2="DrugDDI.d445.s15.e12" interaction="false"/><pair id="DrugDDI.d445.s15.p69" e1="DrugDDI.d445.s15.e6" e2="DrugDDI.d445.s15.e13" interaction="false"/><pair id="DrugDDI.d445.s15.p70" e1="DrugDDI.d445.s15.e7" e2="DrugDDI.d445.s15.e8" interaction="false"/><pair id="DrugDDI.d445.s15.p71" e1="DrugDDI.d445.s15.e7" e2="DrugDDI.d445.s15.e9" interaction="false"/><pair id="DrugDDI.d445.s15.p72" e1="DrugDDI.d445.s15.e7" e2="DrugDDI.d445.s15.e10" interaction="false"/><pair id="DrugDDI.d445.s15.p73" e1="DrugDDI.d445.s15.e7" e2="DrugDDI.d445.s15.e11" interaction="false"/><pair id="DrugDDI.d445.s15.p74" e1="DrugDDI.d445.s15.e7" e2="DrugDDI.d445.s15.e12" interaction="false"/><pair id="DrugDDI.d445.s15.p75" e1="DrugDDI.d445.s15.e7" e2="DrugDDI.d445.s15.e13" interaction="false"/><pair id="DrugDDI.d445.s15.p76" e1="DrugDDI.d445.s15.e8" e2="DrugDDI.d445.s15.e9" interaction="false"/><pair id="DrugDDI.d445.s15.p77" e1="DrugDDI.d445.s15.e8" e2="DrugDDI.d445.s15.e10" interaction="false"/><pair id="DrugDDI.d445.s15.p78" e1="DrugDDI.d445.s15.e8" e2="DrugDDI.d445.s15.e11" interaction="false"/><pair id="DrugDDI.d445.s15.p79" e1="DrugDDI.d445.s15.e8" e2="DrugDDI.d445.s15.e12" interaction="false"/><pair id="DrugDDI.d445.s15.p80" e1="DrugDDI.d445.s15.e8" e2="DrugDDI.d445.s15.e13" interaction="false"/><pair id="DrugDDI.d445.s15.p81" e1="DrugDDI.d445.s15.e9" e2="DrugDDI.d445.s15.e10" interaction="false"/><pair id="DrugDDI.d445.s15.p82" e1="DrugDDI.d445.s15.e9" e2="DrugDDI.d445.s15.e11" interaction="false"/><pair id="DrugDDI.d445.s15.p83" e1="DrugDDI.d445.s15.e9" e2="DrugDDI.d445.s15.e12" interaction="false"/><pair id="DrugDDI.d445.s15.p84" e1="DrugDDI.d445.s15.e9" e2="DrugDDI.d445.s15.e13" interaction="false"/><pair id="DrugDDI.d445.s15.p85" e1="DrugDDI.d445.s15.e10" e2="DrugDDI.d445.s15.e11" interaction="false"/><pair id="DrugDDI.d445.s15.p86" e1="DrugDDI.d445.s15.e10" e2="DrugDDI.d445.s15.e12" interaction="false"/><pair id="DrugDDI.d445.s15.p87" e1="DrugDDI.d445.s15.e10" e2="DrugDDI.d445.s15.e13" interaction="false"/><pair id="DrugDDI.d445.s15.p88" e1="DrugDDI.d445.s15.e11" e2="DrugDDI.d445.s15.e12" interaction="false"/><pair id="DrugDDI.d445.s15.p89" e1="DrugDDI.d445.s15.e11" e2="DrugDDI.d445.s15.e13" interaction="false"/><pair id="DrugDDI.d445.s15.p90" e1="DrugDDI.d445.s15.e12" e2="DrugDDI.d445.s15.e13" interaction="false"/></sentence><sentence id="DrugDDI.d445.s16" origId="s16" text="Hepatic Impairment There are currently no clinical studies with SPRYCEL in patients with impaired liver function (clinical studies have excluded patients with ALT and/or AST  2.5 times the upper limit of the normal range and/or total bilirubin  2 times the upper limit of the normal range)."><entity id="DrugDDI.d445.s16.e0" origId="s16.p228" charOffset="170-173" type="drug" text="AST"/><entity id="DrugDDI.d445.s16.e1" origId="s16.p232" charOffset="228-243" type="drug" text="total bilirubin"/><pair id="DrugDDI.d445.s16.p0" e1="DrugDDI.d445.s16.e0" e2="DrugDDI.d445.s16.e1" interaction="false"/></sentence><sentence id="DrugDDI.d445.s17" origId="s17" text="Metabolism of dasatinib is mainly hepatic."/><sentence id="DrugDDI.d445.s18" origId="s18" text="Caution is recommended in patients with hepatic impairment."/><sentence id="DrugDDI.d445.s19" origId="s19" text="Renal Impairment There are currently no clinical studies with SPRYCEL in patients with impaired renal function (clinical studies have excluded patients with serum creatinine concentration  1.5 times the upper limit of the normal range)."><entity id="DrugDDI.d445.s19.e0" origId="s19.p255" charOffset="163-173" type="drug" text="creatinine"/></sentence><sentence id="DrugDDI.d445.s20" origId="s20" text="Dasatinib and its metabolites are minimally excreted via the kidney."><entity id="DrugDDI.d445.s20.e0" origId="s20.p261" charOffset="18-29" type="drug" text="metabolites"/></sentence><sentence id="DrugDDI.d445.s21" origId="s21" text="Since the renal excretion of unchanged dasatinib and its metabolites is  4%, a decrease in total body clearance is not expected in patients with renal insufficiency."><entity id="DrugDDI.d445.s21.e0" origId="s21.p270" charOffset="57-68" type="drug" text="metabolites"/></sentence></document>