<?xml version="1.0" encoding="UTF-8"?>
<document id="DrugDDI.d189" origId="Decamethonium"><sentence id="DrugDDI.d189.s0" origId="s0" text="Potentially fatal drug interactions may occur when coadministered with digoxin, as this may enhance cardiovascular depression and bradyarrhythmias may occur."><entity id="DrugDDI.d189.s0.e0" origId="s0.p5" charOffset="71-78" type="drug" text="digoxin"/></sentence><sentence id="DrugDDI.d189.s1" origId="s1" text="Anticholinesterases (neostgmine, physostigmine), lignocaine, quinine, procainamide can enhance toxicity and cause cardio respiratory depression."><entity id="DrugDDI.d189.s1.e0" origId="s1.p15" charOffset="0-19" type="drug" text="Anticholinesterases"/><entity id="DrugDDI.d189.s1.e1" origId="s1.p18" charOffset="33-46" type="drug" text="physostigmine"/><entity id="DrugDDI.d189.s1.e2" origId="s1.p21" charOffset="49-59" type="drug" text="lignocaine"/><entity id="DrugDDI.d189.s1.e3" origId="s1.p22" charOffset="61-68" type="drug" text="quinine"/><entity id="DrugDDI.d189.s1.e4" origId="s1.p23" charOffset="70-82" type="drug" text="procainamide"/><pair id="DrugDDI.d189.s1.p0" e1="DrugDDI.d189.s1.e0" e2="DrugDDI.d189.s1.e1" interaction="false"/><pair id="DrugDDI.d189.s1.p1" e1="DrugDDI.d189.s1.e0" e2="DrugDDI.d189.s1.e2" interaction="false"/><pair id="DrugDDI.d189.s1.p2" e1="DrugDDI.d189.s1.e0" e2="DrugDDI.d189.s1.e3" interaction="false"/><pair id="DrugDDI.d189.s1.p3" e1="DrugDDI.d189.s1.e0" e2="DrugDDI.d189.s1.e4" interaction="false"/><pair id="DrugDDI.d189.s1.p4" e1="DrugDDI.d189.s1.e1" e2="DrugDDI.d189.s1.e2" interaction="false"/><pair id="DrugDDI.d189.s1.p5" e1="DrugDDI.d189.s1.e1" e2="DrugDDI.d189.s1.e3" interaction="false"/><pair id="DrugDDI.d189.s1.p6" e1="DrugDDI.d189.s1.e1" e2="DrugDDI.d189.s1.e4" interaction="false"/><pair id="DrugDDI.d189.s1.p7" e1="DrugDDI.d189.s1.e2" e2="DrugDDI.d189.s1.e3" interaction="false"/><pair id="DrugDDI.d189.s1.p8" e1="DrugDDI.d189.s1.e2" e2="DrugDDI.d189.s1.e4" interaction="false"/><pair id="DrugDDI.d189.s1.p9" e1="DrugDDI.d189.s1.e3" e2="DrugDDI.d189.s1.e4" interaction="false"/></sentence><sentence id="DrugDDI.d189.s2" origId="s2" text="In addition, neuromuscular blocking action is enhanced by general anesthetics, local anesthetics like lidocaine, procaine, beta-blockers, metaclopramide, lithium carbonate, and terbutaline."><entity id="DrugDDI.d189.s2.e0" origId="s2.p34" charOffset="58-77" type="drug" text="general anesthetics"/><entity id="DrugDDI.d189.s2.e1" origId="s2.p35" charOffset="79-96" type="drug" text="local anesthetics"/><entity id="DrugDDI.d189.s2.e2" origId="s2.p36" charOffset="102-111" type="drug" text="lidocaine"/><entity id="DrugDDI.d189.s2.e3" origId="s2.p37" charOffset="113-121" type="drug" text="procaine"/><entity id="DrugDDI.d189.s2.e4" origId="s2.p38" charOffset="123-137" type="drug" text="beta-blockers"/><entity id="DrugDDI.d189.s2.e5" origId="s2.p39" charOffset="138-152" type="drug" text="metaclopramide"/><entity id="DrugDDI.d189.s2.e6" origId="s2.p40" charOffset="154-171" type="drug" text="lithium carbonate"/><entity id="DrugDDI.d189.s2.e7" origId="s2.p42" charOffset="177-188" type="drug" text="terbutaline"/><pair id="DrugDDI.d189.s2.p0" e1="DrugDDI.d189.s2.e0" e2="DrugDDI.d189.s2.e1" interaction="false"/><pair id="DrugDDI.d189.s2.p1" e1="DrugDDI.d189.s2.e0" e2="DrugDDI.d189.s2.e2" interaction="false"/><pair id="DrugDDI.d189.s2.p2" e1="DrugDDI.d189.s2.e0" e2="DrugDDI.d189.s2.e3" interaction="false"/><pair id="DrugDDI.d189.s2.p3" e1="DrugDDI.d189.s2.e0" e2="DrugDDI.d189.s2.e4" interaction="false"/><pair id="DrugDDI.d189.s2.p4" e1="DrugDDI.d189.s2.e0" e2="DrugDDI.d189.s2.e5" interaction="false"/><pair id="DrugDDI.d189.s2.p5" e1="DrugDDI.d189.s2.e0" e2="DrugDDI.d189.s2.e6" interaction="false"/><pair id="DrugDDI.d189.s2.p6" e1="DrugDDI.d189.s2.e0" e2="DrugDDI.d189.s2.e7" interaction="false"/><pair id="DrugDDI.d189.s2.p7" e1="DrugDDI.d189.s2.e1" e2="DrugDDI.d189.s2.e2" interaction="false"/><pair id="DrugDDI.d189.s2.p8" e1="DrugDDI.d189.s2.e1" e2="DrugDDI.d189.s2.e3" interaction="false"/><pair id="DrugDDI.d189.s2.p9" e1="DrugDDI.d189.s2.e1" e2="DrugDDI.d189.s2.e4" interaction="false"/><pair id="DrugDDI.d189.s2.p10" e1="DrugDDI.d189.s2.e1" e2="DrugDDI.d189.s2.e5" interaction="false"/><pair id="DrugDDI.d189.s2.p11" e1="DrugDDI.d189.s2.e1" e2="DrugDDI.d189.s2.e6" interaction="false"/><pair id="DrugDDI.d189.s2.p12" e1="DrugDDI.d189.s2.e1" e2="DrugDDI.d189.s2.e7" interaction="false"/><pair id="DrugDDI.d189.s2.p13" e1="DrugDDI.d189.s2.e2" e2="DrugDDI.d189.s2.e3" interaction="false"/><pair id="DrugDDI.d189.s2.p14" e1="DrugDDI.d189.s2.e2" e2="DrugDDI.d189.s2.e4" interaction="false"/><pair id="DrugDDI.d189.s2.p15" e1="DrugDDI.d189.s2.e2" e2="DrugDDI.d189.s2.e5" interaction="false"/><pair id="DrugDDI.d189.s2.p16" e1="DrugDDI.d189.s2.e2" e2="DrugDDI.d189.s2.e6" interaction="false"/><pair id="DrugDDI.d189.s2.p17" e1="DrugDDI.d189.s2.e2" e2="DrugDDI.d189.s2.e7" interaction="false"/><pair id="DrugDDI.d189.s2.p18" e1="DrugDDI.d189.s2.e3" e2="DrugDDI.d189.s2.e4" interaction="false"/><pair id="DrugDDI.d189.s2.p19" e1="DrugDDI.d189.s2.e3" e2="DrugDDI.d189.s2.e5" interaction="false"/><pair id="DrugDDI.d189.s2.p20" e1="DrugDDI.d189.s2.e3" e2="DrugDDI.d189.s2.e6" interaction="false"/><pair id="DrugDDI.d189.s2.p21" e1="DrugDDI.d189.s2.e3" e2="DrugDDI.d189.s2.e7" interaction="false"/><pair id="DrugDDI.d189.s2.p22" e1="DrugDDI.d189.s2.e4" e2="DrugDDI.d189.s2.e5" interaction="false"/><pair id="DrugDDI.d189.s2.p23" e1="DrugDDI.d189.s2.e4" e2="DrugDDI.d189.s2.e6" interaction="false"/><pair id="DrugDDI.d189.s2.p24" e1="DrugDDI.d189.s2.e4" e2="DrugDDI.d189.s2.e7" interaction="false"/><pair id="DrugDDI.d189.s2.p25" e1="DrugDDI.d189.s2.e5" e2="DrugDDI.d189.s2.e6" interaction="false"/><pair id="DrugDDI.d189.s2.p26" e1="DrugDDI.d189.s2.e5" e2="DrugDDI.d189.s2.e7" interaction="false"/><pair id="DrugDDI.d189.s2.p27" e1="DrugDDI.d189.s2.e6" e2="DrugDDI.d189.s2.e7" interaction="false"/></sentence></document>