<?xml version="1.0" encoding="UTF-8"?>
<document id="DrugDDI.d50" origId="Delavirdine"><sentence id="DrugDDI.d50.s0" origId="s0" text="Antiacid, clarithromycin, Didanosine, Fluconazole, Fluoxetine, Indanavir, Ketoconazole, Phenytoin, Phenobarbitol, carbamazepine, Rifabutin, Rifampin, Ritanovir, Saquinavir."><entity id="DrugDDI.d50.s0.e0" origId="s0.p1" charOffset="10-24" type="drug" text="clarithromycin"/><entity id="DrugDDI.d50.s0.e1" origId="s0.p2" charOffset="26-36" type="drug" text="Didanosine"/><entity id="DrugDDI.d50.s0.e2" origId="s0.p3" charOffset="38-49" type="drug" text="Fluconazole"/><entity id="DrugDDI.d50.s0.e3" origId="s0.p4" charOffset="51-61" type="drug" text="Fluoxetine"/><entity id="DrugDDI.d50.s0.e4" origId="s0.p6" charOffset="74-86" type="drug" text="Ketoconazole"/><entity id="DrugDDI.d50.s0.e5" origId="s0.p7" charOffset="88-97" type="drug" text="Phenytoin"/><entity id="DrugDDI.d50.s0.e6" origId="s0.p9" charOffset="114-127" type="drug" text="carbamazepine"/><entity id="DrugDDI.d50.s0.e7" origId="s0.p10" charOffset="129-138" type="drug" text="Rifabutin"/><entity id="DrugDDI.d50.s0.e8" origId="s0.p11" charOffset="140-148" type="drug" text="Rifampin"/><entity id="DrugDDI.d50.s0.e9" origId="s0.p13" charOffset="161-171" type="drug" text="Saquinavir"/><pair id="DrugDDI.d50.s0.p0" e1="DrugDDI.d50.s0.e0" e2="DrugDDI.d50.s0.e1" interaction="false"/><pair id="DrugDDI.d50.s0.p1" e1="DrugDDI.d50.s0.e0" e2="DrugDDI.d50.s0.e2" interaction="false"/><pair id="DrugDDI.d50.s0.p2" e1="DrugDDI.d50.s0.e0" e2="DrugDDI.d50.s0.e3" interaction="false"/><pair id="DrugDDI.d50.s0.p3" e1="DrugDDI.d50.s0.e0" e2="DrugDDI.d50.s0.e4" interaction="false"/><pair id="DrugDDI.d50.s0.p4" e1="DrugDDI.d50.s0.e0" e2="DrugDDI.d50.s0.e5" interaction="false"/><pair id="DrugDDI.d50.s0.p5" e1="DrugDDI.d50.s0.e0" e2="DrugDDI.d50.s0.e6" interaction="false"/><pair id="DrugDDI.d50.s0.p6" e1="DrugDDI.d50.s0.e0" e2="DrugDDI.d50.s0.e7" interaction="false"/><pair id="DrugDDI.d50.s0.p7" e1="DrugDDI.d50.s0.e0" e2="DrugDDI.d50.s0.e8" interaction="false"/><pair id="DrugDDI.d50.s0.p8" e1="DrugDDI.d50.s0.e0" e2="DrugDDI.d50.s0.e9" interaction="false"/><pair id="DrugDDI.d50.s0.p9" e1="DrugDDI.d50.s0.e1" e2="DrugDDI.d50.s0.e2" interaction="false"/><pair id="DrugDDI.d50.s0.p10" e1="DrugDDI.d50.s0.e1" e2="DrugDDI.d50.s0.e3" interaction="false"/><pair id="DrugDDI.d50.s0.p11" e1="DrugDDI.d50.s0.e1" e2="DrugDDI.d50.s0.e4" interaction="false"/><pair id="DrugDDI.d50.s0.p12" e1="DrugDDI.d50.s0.e1" e2="DrugDDI.d50.s0.e5" interaction="false"/><pair id="DrugDDI.d50.s0.p13" e1="DrugDDI.d50.s0.e1" e2="DrugDDI.d50.s0.e6" interaction="false"/><pair id="DrugDDI.d50.s0.p14" e1="DrugDDI.d50.s0.e1" e2="DrugDDI.d50.s0.e7" interaction="false"/><pair id="DrugDDI.d50.s0.p15" e1="DrugDDI.d50.s0.e1" e2="DrugDDI.d50.s0.e8" interaction="false"/><pair id="DrugDDI.d50.s0.p16" e1="DrugDDI.d50.s0.e1" e2="DrugDDI.d50.s0.e9" interaction="false"/><pair id="DrugDDI.d50.s0.p17" e1="DrugDDI.d50.s0.e2" e2="DrugDDI.d50.s0.e3" interaction="false"/><pair id="DrugDDI.d50.s0.p18" e1="DrugDDI.d50.s0.e2" e2="DrugDDI.d50.s0.e4" interaction="false"/><pair id="DrugDDI.d50.s0.p19" e1="DrugDDI.d50.s0.e2" e2="DrugDDI.d50.s0.e5" interaction="false"/><pair id="DrugDDI.d50.s0.p20" e1="DrugDDI.d50.s0.e2" e2="DrugDDI.d50.s0.e6" interaction="false"/><pair id="DrugDDI.d50.s0.p21" e1="DrugDDI.d50.s0.e2" e2="DrugDDI.d50.s0.e7" interaction="false"/><pair id="DrugDDI.d50.s0.p22" e1="DrugDDI.d50.s0.e2" e2="DrugDDI.d50.s0.e8" interaction="false"/><pair id="DrugDDI.d50.s0.p23" e1="DrugDDI.d50.s0.e2" e2="DrugDDI.d50.s0.e9" interaction="false"/><pair id="DrugDDI.d50.s0.p24" e1="DrugDDI.d50.s0.e3" e2="DrugDDI.d50.s0.e4" interaction="false"/><pair id="DrugDDI.d50.s0.p25" e1="DrugDDI.d50.s0.e3" e2="DrugDDI.d50.s0.e5" interaction="false"/><pair id="DrugDDI.d50.s0.p26" e1="DrugDDI.d50.s0.e3" e2="DrugDDI.d50.s0.e6" interaction="false"/><pair id="DrugDDI.d50.s0.p27" e1="DrugDDI.d50.s0.e3" e2="DrugDDI.d50.s0.e7" interaction="false"/><pair id="DrugDDI.d50.s0.p28" e1="DrugDDI.d50.s0.e3" e2="DrugDDI.d50.s0.e8" interaction="false"/><pair id="DrugDDI.d50.s0.p29" e1="DrugDDI.d50.s0.e3" e2="DrugDDI.d50.s0.e9" interaction="false"/><pair id="DrugDDI.d50.s0.p30" e1="DrugDDI.d50.s0.e4" e2="DrugDDI.d50.s0.e5" interaction="false"/><pair id="DrugDDI.d50.s0.p31" e1="DrugDDI.d50.s0.e4" e2="DrugDDI.d50.s0.e6" interaction="false"/><pair id="DrugDDI.d50.s0.p32" e1="DrugDDI.d50.s0.e4" e2="DrugDDI.d50.s0.e7" interaction="false"/><pair id="DrugDDI.d50.s0.p33" e1="DrugDDI.d50.s0.e4" e2="DrugDDI.d50.s0.e8" interaction="false"/><pair id="DrugDDI.d50.s0.p34" e1="DrugDDI.d50.s0.e4" e2="DrugDDI.d50.s0.e9" interaction="false"/><pair id="DrugDDI.d50.s0.p35" e1="DrugDDI.d50.s0.e5" e2="DrugDDI.d50.s0.e6" interaction="false"/><pair id="DrugDDI.d50.s0.p36" e1="DrugDDI.d50.s0.e5" e2="DrugDDI.d50.s0.e7" interaction="false"/><pair id="DrugDDI.d50.s0.p37" e1="DrugDDI.d50.s0.e5" e2="DrugDDI.d50.s0.e8" interaction="false"/><pair id="DrugDDI.d50.s0.p38" e1="DrugDDI.d50.s0.e5" e2="DrugDDI.d50.s0.e9" interaction="false"/><pair id="DrugDDI.d50.s0.p39" e1="DrugDDI.d50.s0.e6" e2="DrugDDI.d50.s0.e7" interaction="false"/><pair id="DrugDDI.d50.s0.p40" e1="DrugDDI.d50.s0.e6" e2="DrugDDI.d50.s0.e8" interaction="false"/><pair id="DrugDDI.d50.s0.p41" e1="DrugDDI.d50.s0.e6" e2="DrugDDI.d50.s0.e9" interaction="false"/><pair id="DrugDDI.d50.s0.p42" e1="DrugDDI.d50.s0.e7" e2="DrugDDI.d50.s0.e8" interaction="false"/><pair id="DrugDDI.d50.s0.p43" e1="DrugDDI.d50.s0.e7" e2="DrugDDI.d50.s0.e9" interaction="false"/><pair id="DrugDDI.d50.s0.p44" e1="DrugDDI.d50.s0.e8" e2="DrugDDI.d50.s0.e9" interaction="false"/></sentence></document>