<?xml version="1.0" encoding="UTF-8"?>
<document id="DrugDDI.d145" origId="Demecarium bromide"><sentence id="DrugDDI.d145.s0" origId="s0" text="Possible drug interactions of HUMORSOL with succinylcholine or with other anticholinesterase agents."><entity id="DrugDDI.d145.s0.e0" origId="s0.p1" charOffset="30-38" type="drug" text="HUMORSOL"/><entity id="DrugDDI.d145.s0.e1" origId="s0.p2" charOffset="44-59" type="drug" text="succinylcholine"/><entity id="DrugDDI.d145.s0.e2" origId="s0.p4" charOffset="74-99" type="drug" text="anticholinesterase agents"/><pair id="DrugDDI.d145.s0.p0" e1="DrugDDI.d145.s0.e0" e2="DrugDDI.d145.s0.e1" interaction="true"/><pair id="DrugDDI.d145.s0.p1" e1="DrugDDI.d145.s0.e0" e2="DrugDDI.d145.s0.e2" interaction="true"/><pair id="DrugDDI.d145.s0.p2" e1="DrugDDI.d145.s0.e1" e2="DrugDDI.d145.s0.e2" interaction="false"/></sentence></document>