<?xml version="1.0" encoding="UTF-8"?>
<document id="DrugDDI.d60" origId="Desflurane"><sentence id="DrugDDI.d60.s0" origId="s0" text="No clinically significant adverse interactions with commonly used preanesthetic drugs, or drugs used during anesthesia (muscle relaxants, intravenous agents, and local anesthetic agents) were reported in clinical trials."><entity id="DrugDDI.d60.s0.e0" origId="s0.p3" charOffset="80-85" type="drug" text="drugs"/><entity id="DrugDDI.d60.s0.e1" origId="s0.p5" charOffset="90-95" type="drug" text="drugs"/><entity id="DrugDDI.d60.s0.e2" origId="s0.p9" charOffset="120-136" type="drug" text="muscle relaxants"/><entity id="DrugDDI.d60.s0.e3" origId="s0.p12" charOffset="168-185" type="drug" text="anesthetic agents"/><pair id="DrugDDI.d60.s0.p0" e1="DrugDDI.d60.s0.e0" e2="DrugDDI.d60.s0.e1" interaction="false"/><pair id="DrugDDI.d60.s0.p1" e1="DrugDDI.d60.s0.e0" e2="DrugDDI.d60.s0.e2" interaction="false"/><pair id="DrugDDI.d60.s0.p2" e1="DrugDDI.d60.s0.e0" e2="DrugDDI.d60.s0.e3" interaction="false"/><pair id="DrugDDI.d60.s0.p3" e1="DrugDDI.d60.s0.e1" e2="DrugDDI.d60.s0.e2" interaction="false"/><pair id="DrugDDI.d60.s0.p4" e1="DrugDDI.d60.s0.e1" e2="DrugDDI.d60.s0.e3" interaction="false"/><pair id="DrugDDI.d60.s0.p5" e1="DrugDDI.d60.s0.e2" e2="DrugDDI.d60.s0.e3" interaction="false"/></sentence><sentence id="DrugDDI.d60.s1" origId="s1" text="The effect of desflurane on the disposition of other drugs has not been determined."><entity id="DrugDDI.d60.s1.e0" origId="s1.p18" charOffset="14-24" type="drug" text="desflurane"/><entity id="DrugDDI.d60.s1.e1" origId="s1.p20" charOffset="53-58" type="drug" text="drugs"/><pair id="DrugDDI.d60.s1.p0" e1="DrugDDI.d60.s1.e0" e2="DrugDDI.d60.s1.e1" interaction="false"/></sentence><sentence id="DrugDDI.d60.s2" origId="s2" text="Like isoflurane, desflurane does not predispose to premature ventricular arrhythmias in the presence of exogenously infused epinephrine in swine."><entity id="DrugDDI.d60.s2.e0" origId="s2.p25" charOffset="5-15" type="drug" text="isoflurane"/><entity id="DrugDDI.d60.s2.e1" origId="s2.p26" charOffset="17-27" type="drug" text="desflurane"/><entity id="DrugDDI.d60.s2.e2" origId="s2.p32" charOffset="124-135" type="drug" text="epinephrine"/><pair id="DrugDDI.d60.s2.p0" e1="DrugDDI.d60.s2.e0" e2="DrugDDI.d60.s2.e1" interaction="false"/><pair id="DrugDDI.d60.s2.p1" e1="DrugDDI.d60.s2.e0" e2="DrugDDI.d60.s2.e2" interaction="false"/><pair id="DrugDDI.d60.s2.p2" e1="DrugDDI.d60.s2.e1" e2="DrugDDI.d60.s2.e2" interaction="false"/></sentence></document>