<?xml version="1.0" encoding="UTF-8"?>
<document id="DrugDDI.d340" origId="Desloratadine"><sentence id="DrugDDI.d340.s0" origId="s0" text="In two controlled crossover clinical pharmacology studies in healthy male (n=12 in each study) a nd female (n=12 in each study) volunteers, desloratadine 7.5 mg (1.5 times the daily dose) once daily was coadministered with erythromycin 500 mg every 8 hours or ketoconazole 200 mg every 12 hours for 10 days."><entity id="DrugDDI.d340.s0.e0" origId="s0.p7" charOffset="97-107" type="drug" text="nd female"/><entity id="DrugDDI.d340.s0.e1" origId="s0.p13" charOffset="140-156" type="drug" text="desloratadine 7"/><entity id="DrugDDI.d340.s0.e2" origId="s0.p22" charOffset="223-242" type="drug" text="erythromycin 500 mg"/><entity id="DrugDDI.d340.s0.e3" origId="s0.p24" charOffset="260-279" type="drug" text="ketoconazole 200 mg"/><pair id="DrugDDI.d340.s0.p0" e1="DrugDDI.d340.s0.e0" e2="DrugDDI.d340.s0.e1" interaction="false"/><pair id="DrugDDI.d340.s0.p1" e1="DrugDDI.d340.s0.e0" e2="DrugDDI.d340.s0.e2" interaction="false"/><pair id="DrugDDI.d340.s0.p2" e1="DrugDDI.d340.s0.e0" e2="DrugDDI.d340.s0.e3" interaction="false"/><pair id="DrugDDI.d340.s0.p3" e1="DrugDDI.d340.s0.e1" e2="DrugDDI.d340.s0.e2" interaction="false"/><pair id="DrugDDI.d340.s0.p4" e1="DrugDDI.d340.s0.e1" e2="DrugDDI.d340.s0.e3" interaction="false"/><pair id="DrugDDI.d340.s0.p5" e1="DrugDDI.d340.s0.e2" e2="DrugDDI.d340.s0.e3" interaction="false"/></sentence><sentence id="DrugDDI.d340.s1" origId="s1" text="In three separate controlled, parallel group clinical pharmacology studies, desloratadine at the clinical dose of 5 mg has been coadministered with azithromycin 500 mg followed by 250 mg once daily for 4 days (n=18) or with fluoxetine 20 mg once daily for 7 days after a 23 day pretreatment period with fluoxetine (n=18) or with cimetidine 600 mg every 12 hours for 14 days (n=18) under steady state conditions to normal healthy male and female volunteers."><entity id="DrugDDI.d340.s1.e0" origId="s1.p27" charOffset="76-89" type="drug" text="desloratadine"/><entity id="DrugDDI.d340.s1.e1" origId="s1.p33" charOffset="148-167" type="drug" text="azithromycin 500 mg"/><entity id="DrugDDI.d340.s1.e2" origId="s1.p42" charOffset="224-240" type="drug" text="fluoxetine 20 mg"/><entity id="DrugDDI.d340.s1.e3" origId="s1.p46" charOffset="303-313" type="drug" text="fluoxetine"/><entity id="DrugDDI.d340.s1.e4" origId="s1.p51" charOffset="329-346" type="drug" text="cimetidine 600 mg"/><pair id="DrugDDI.d340.s1.p0" e1="DrugDDI.d340.s1.e0" e2="DrugDDI.d340.s1.e1" interaction="false"/><pair id="DrugDDI.d340.s1.p1" e1="DrugDDI.d340.s1.e0" e2="DrugDDI.d340.s1.e2" interaction="false"/><pair id="DrugDDI.d340.s1.p2" e1="DrugDDI.d340.s1.e0" e2="DrugDDI.d340.s1.e3" interaction="false"/><pair id="DrugDDI.d340.s1.p3" e1="DrugDDI.d340.s1.e0" e2="DrugDDI.d340.s1.e4" interaction="false"/><pair id="DrugDDI.d340.s1.p4" e1="DrugDDI.d340.s1.e1" e2="DrugDDI.d340.s1.e2" interaction="false"/><pair id="DrugDDI.d340.s1.p5" e1="DrugDDI.d340.s1.e1" e2="DrugDDI.d340.s1.e3" interaction="false"/><pair id="DrugDDI.d340.s1.p6" e1="DrugDDI.d340.s1.e1" e2="DrugDDI.d340.s1.e4" interaction="false"/><pair id="DrugDDI.d340.s1.p7" e1="DrugDDI.d340.s1.e2" e2="DrugDDI.d340.s1.e3" interaction="false"/><pair id="DrugDDI.d340.s1.p8" e1="DrugDDI.d340.s1.e2" e2="DrugDDI.d340.s1.e4" interaction="false"/><pair id="DrugDDI.d340.s1.p9" e1="DrugDDI.d340.s1.e3" e2="DrugDDI.d340.s1.e4" interaction="false"/></sentence><sentence id="DrugDDI.d340.s2" origId="s2" text="Although increased plasma concentrations (C max and AUC 0-24 hrs) of desloratadine and 3-hydroxydesloratadine were observed , there were no clinically relevant changes in the safety profile of desloratadine, as assessed by electrocardiographic parameters (including the corrected QT interval), clinical laboratory tests, vital signs, and adverse events."><entity id="DrugDDI.d340.s2.e0" origId="s2.p64" charOffset="44-47" type="drug" text="max"/><entity id="DrugDDI.d340.s2.e1" origId="s2.p68" charOffset="69-82" type="drug" text="desloratadine"/><entity id="DrugDDI.d340.s2.e2" origId="s2.p78" charOffset="193-206" type="drug" text="desloratadine"/><pair id="DrugDDI.d340.s2.p0" e1="DrugDDI.d340.s2.e0" e2="DrugDDI.d340.s2.e1" interaction="false"/><pair id="DrugDDI.d340.s2.p1" e1="DrugDDI.d340.s2.e0" e2="DrugDDI.d340.s2.e2" interaction="false"/><pair id="DrugDDI.d340.s2.p2" e1="DrugDDI.d340.s2.e1" e2="DrugDDI.d340.s2.e2" interaction="false"/></sentence><sentence id="DrugDDI.d340.s3" origId="s3" text="Table 1 Changes in Desloratadine and 3-Hydroxydesloratadine Pharmacokinetics in Healthy Male and Female Volunteers"><entity id="DrugDDI.d340.s3.e0" origId="s3.p92" charOffset="19-32" type="drug" text="Desloratadine"/></sentence><sentence id="DrugDDI.d340.s4" origId="s4" text="?"/><sentence id="DrugDDI.d340.s5" origId="s5" text="Desloratadine 3-Hydroxydesloratadine"><entity id="DrugDDI.d340.s5.e0" origId="s5.p99" charOffset="0-13" type="drug" text="Desloratadine"/></sentence><sentence id="DrugDDI.d340.s6" origId="s6" text="?"/><sentence id="DrugDDI.d340.s7" origId="s7" text="C max AUC 0-24 hrs C max AUC 0-24 hrs"/><sentence id="DrugDDI.d340.s8" origId="s8" text="Erythromycin"><entity id="DrugDDI.d340.s8.e0" origId="s8.p102" charOffset="0-12" type="drug" text="Erythromycin"/></sentence><sentence id="DrugDDI.d340.s9" origId="s9" text="(500 mg Q8h)"/><sentence id="DrugDDI.d340.s10" origId="s10" text="+24% +14% +43% +40%"/><sentence id="DrugDDI.d340.s11" origId="s11" text="Ketoconazole"><entity id="DrugDDI.d340.s11.e0" origId="s11.p107" charOffset="0-12" type="drug" text="Ketoconazole"/></sentence><sentence id="DrugDDI.d340.s12" origId="s12" text="(200 mg Q12h)"/><sentence id="DrugDDI.d340.s13" origId="s13" text="+45% +39% +43% +72%"/><sentence id="DrugDDI.d340.s14" origId="s14" text="Azithromycin"><entity id="DrugDDI.d340.s14.e0" origId="s14.p112" charOffset="0-12" type="drug" text="Azithromycin"/></sentence><sentence id="DrugDDI.d340.s15" origId="s15" text="(500 mg day 1, 250 mg QD ? 4 days)"><entity id="DrugDDI.d340.s15.e0" origId="s15.p115" charOffset="15-19" type="drug" text="250"/></sentence><sentence id="DrugDDI.d340.s16" origId="s16" text="+15% +5% +15% +4%"/><sentence id="DrugDDI.d340.s17" origId="s17" text="Fluoxetine"><entity id="DrugDDI.d340.s17.e0" origId="s17.p118" charOffset="0-10" type="drug" text="Fluoxetine"/></sentence><sentence id="DrugDDI.d340.s18" origId="s18" text="(20 mg QD)"/><sentence id="DrugDDI.d340.s19" origId="s19" text="+15% +0% +17% +13%"/><sentence id="DrugDDI.d340.s20" origId="s20" text="Cimetidine"><entity id="DrugDDI.d340.s20.e0" origId="s20.p123" charOffset="0-10" type="drug" text="Cimetidine"/></sentence><sentence id="DrugDDI.d340.s21" origId="s21" text="(600 mg Q12h)"/><sentence id="DrugDDI.d340.s22" origId="s22" text="+12% +19% -11% ?-3%"/></document>