<?xml version="1.0" encoding="UTF-8"?>
<document id="DrugDDI.d560" origId="Desmopressin"><sentence id="DrugDDI.d560.s0" origId="s0" text="Although the pressor activity of Desmopressin is very low compared to its antidiuretic activity, large doses of Desmopressin Tablets should be used with other pressor agents only with careful patient monitoring."><entity id="DrugDDI.d560.s0.e0" origId="s0.p1" charOffset="13-21" type="drug" text="pressor"/><entity id="DrugDDI.d560.s0.e1" origId="s0.p2" charOffset="33-45" type="drug" text="Desmopressin"/><entity id="DrugDDI.d560.s0.e2" origId="s0.p6" charOffset="74-86" type="drug" text="antidiuretic"/><entity id="DrugDDI.d560.s0.e3" origId="s0.p8" charOffset="112-124" type="drug" text="Desmopressin"/><entity id="DrugDDI.d560.s0.e4" origId="s0.p12" charOffset="159-173" type="drug" text="pressor agents"/><pair id="DrugDDI.d560.s0.p0" e1="DrugDDI.d560.s0.e0" e2="DrugDDI.d560.s0.e1" interaction="false"/><pair id="DrugDDI.d560.s0.p1" e1="DrugDDI.d560.s0.e0" e2="DrugDDI.d560.s0.e2" interaction="false"/><pair id="DrugDDI.d560.s0.p2" e1="DrugDDI.d560.s0.e0" e2="DrugDDI.d560.s0.e3" interaction="false"/><pair id="DrugDDI.d560.s0.p3" e1="DrugDDI.d560.s0.e0" e2="DrugDDI.d560.s0.e4" interaction="false"/><pair id="DrugDDI.d560.s0.p4" e1="DrugDDI.d560.s0.e1" e2="DrugDDI.d560.s0.e2" interaction="false"/><pair id="DrugDDI.d560.s0.p5" e1="DrugDDI.d560.s0.e1" e2="DrugDDI.d560.s0.e3" interaction="false"/><pair id="DrugDDI.d560.s0.p6" e1="DrugDDI.d560.s0.e1" e2="DrugDDI.d560.s0.e4" interaction="false"/><pair id="DrugDDI.d560.s0.p7" e1="DrugDDI.d560.s0.e2" e2="DrugDDI.d560.s0.e3" interaction="false"/><pair id="DrugDDI.d560.s0.p8" e1="DrugDDI.d560.s0.e2" e2="DrugDDI.d560.s0.e4" interaction="false"/><pair id="DrugDDI.d560.s0.p9" e1="DrugDDI.d560.s0.e3" e2="DrugDDI.d560.s0.e4" interaction="false"/></sentence></document>