<?xml version="1.0" encoding="UTF-8"?>
<document id="DrugDDI.d552" origId="Desogestrel"><sentence id="DrugDDI.d552.s0" origId="s0" text="Reduced efficacy and increased incidence of breakthrough bleeding and menstrual irregularities have been associated with concomitant use of rifampin."><entity id="DrugDDI.d552.s0.e0" origId="s0.p10" charOffset="140-148" type="drug" text="rifampin"/></sentence><sentence id="DrugDDI.d552.s1" origId="s1" text="A similar association, though less marked, has been suggested with barbiturates, phenyl-butazone, phenytoin sodium, carbamazepine and possibly with griseofulvin, ampicillin, and tetracyclines (72)"><entity id="DrugDDI.d552.s1.e0" origId="s1.p19" charOffset="67-79" type="drug" text="barbiturates"/><entity id="DrugDDI.d552.s1.e1" origId="s1.p20" charOffset="81-87" type="drug" text="phenyl"/><entity id="DrugDDI.d552.s1.e2" origId="s1.p21" charOffset="98-114" type="drug" text="phenytoin sodium"/><entity id="DrugDDI.d552.s1.e3" origId="s1.p22" charOffset="116-129" type="drug" text="carbamazepine"/><entity id="DrugDDI.d552.s1.e4" origId="s1.p25" charOffset="148-160" type="drug" text="griseofulvin"/><entity id="DrugDDI.d552.s1.e5" origId="s1.p26" charOffset="162-172" type="drug" text="ampicillin"/><entity id="DrugDDI.d552.s1.e6" origId="s1.p28" charOffset="178-191" type="drug" text="tetracyclines"/><pair id="DrugDDI.d552.s1.p0" e1="DrugDDI.d552.s1.e0" e2="DrugDDI.d552.s1.e1" interaction="false"/><pair id="DrugDDI.d552.s1.p1" e1="DrugDDI.d552.s1.e0" e2="DrugDDI.d552.s1.e2" interaction="false"/><pair id="DrugDDI.d552.s1.p2" e1="DrugDDI.d552.s1.e0" e2="DrugDDI.d552.s1.e3" interaction="false"/><pair id="DrugDDI.d552.s1.p3" e1="DrugDDI.d552.s1.e0" e2="DrugDDI.d552.s1.e4" interaction="false"/><pair id="DrugDDI.d552.s1.p4" e1="DrugDDI.d552.s1.e0" e2="DrugDDI.d552.s1.e5" interaction="false"/><pair id="DrugDDI.d552.s1.p5" e1="DrugDDI.d552.s1.e0" e2="DrugDDI.d552.s1.e6" interaction="false"/><pair id="DrugDDI.d552.s1.p6" e1="DrugDDI.d552.s1.e1" e2="DrugDDI.d552.s1.e2" interaction="false"/><pair id="DrugDDI.d552.s1.p7" e1="DrugDDI.d552.s1.e1" e2="DrugDDI.d552.s1.e3" interaction="false"/><pair id="DrugDDI.d552.s1.p8" e1="DrugDDI.d552.s1.e1" e2="DrugDDI.d552.s1.e4" interaction="false"/><pair id="DrugDDI.d552.s1.p9" e1="DrugDDI.d552.s1.e1" e2="DrugDDI.d552.s1.e5" interaction="false"/><pair id="DrugDDI.d552.s1.p10" e1="DrugDDI.d552.s1.e1" e2="DrugDDI.d552.s1.e6" interaction="false"/><pair id="DrugDDI.d552.s1.p11" e1="DrugDDI.d552.s1.e2" e2="DrugDDI.d552.s1.e3" interaction="false"/><pair id="DrugDDI.d552.s1.p12" e1="DrugDDI.d552.s1.e2" e2="DrugDDI.d552.s1.e4" interaction="false"/><pair id="DrugDDI.d552.s1.p13" e1="DrugDDI.d552.s1.e2" e2="DrugDDI.d552.s1.e5" interaction="false"/><pair id="DrugDDI.d552.s1.p14" e1="DrugDDI.d552.s1.e2" e2="DrugDDI.d552.s1.e6" interaction="false"/><pair id="DrugDDI.d552.s1.p15" e1="DrugDDI.d552.s1.e3" e2="DrugDDI.d552.s1.e4" interaction="false"/><pair id="DrugDDI.d552.s1.p16" e1="DrugDDI.d552.s1.e3" e2="DrugDDI.d552.s1.e5" interaction="false"/><pair id="DrugDDI.d552.s1.p17" e1="DrugDDI.d552.s1.e3" e2="DrugDDI.d552.s1.e6" interaction="false"/><pair id="DrugDDI.d552.s1.p18" e1="DrugDDI.d552.s1.e4" e2="DrugDDI.d552.s1.e5" interaction="false"/><pair id="DrugDDI.d552.s1.p19" e1="DrugDDI.d552.s1.e4" e2="DrugDDI.d552.s1.e6" interaction="false"/><pair id="DrugDDI.d552.s1.p20" e1="DrugDDI.d552.s1.e5" e2="DrugDDI.d552.s1.e6" interaction="false"/></sentence><sentence id="DrugDDI.d552.s2" origId="s2" text="."/><sentence id="DrugDDI.d552.s3" origId="s3" text="?"/><sentence id="DrugDDI.d552.s4" origId="s4" text="?"/></document>