<?xml version="1.0" encoding="UTF-8"?>
<document id="DrugDDI.d39" origId="Dexfenfluramine"><sentence id="DrugDDI.d39.s0" origId="s0" text="In patients receiving nonselective monoamine oxidase inhibitors (MAOIs) (e.g., selegiline hydrochloride) in combination with serotoninergic agents (e.g., fluoxetine, fluvoxamine, paroxetine, sertraline, venlafaxine), there have been reports of serious, sometimes fatal, reactions."><entity id="DrugDDI.d39.s0.e0" origId="s0.p2" charOffset="35-63" type="drug" text="monoamine oxidase inhibitors"/><entity id="DrugDDI.d39.s0.e1" origId="s0.p8" charOffset="79-103" type="drug" text="selegiline hydrochloride"/><entity id="DrugDDI.d39.s0.e2" origId="s0.p14" charOffset="154-164" type="drug" text="fluoxetine"/><entity id="DrugDDI.d39.s0.e3" origId="s0.p15" charOffset="166-177" type="drug" text="fluvoxamine"/><entity id="DrugDDI.d39.s0.e4" origId="s0.p16" charOffset="179-189" type="drug" text="paroxetine"/><entity id="DrugDDI.d39.s0.e5" origId="s0.p17" charOffset="191-201" type="drug" text="sertraline"/><entity id="DrugDDI.d39.s0.e6" origId="s0.p18" charOffset="203-214" type="drug" text="venlafaxine"/><pair id="DrugDDI.d39.s0.p0" e1="DrugDDI.d39.s0.e0" e2="DrugDDI.d39.s0.e1" interaction="false"/><pair id="DrugDDI.d39.s0.p1" e1="DrugDDI.d39.s0.e0" e2="DrugDDI.d39.s0.e2" interaction="false"/><pair id="DrugDDI.d39.s0.p2" e1="DrugDDI.d39.s0.e0" e2="DrugDDI.d39.s0.e3" interaction="false"/><pair id="DrugDDI.d39.s0.p3" e1="DrugDDI.d39.s0.e0" e2="DrugDDI.d39.s0.e4" interaction="false"/><pair id="DrugDDI.d39.s0.p4" e1="DrugDDI.d39.s0.e0" e2="DrugDDI.d39.s0.e5" interaction="false"/><pair id="DrugDDI.d39.s0.p5" e1="DrugDDI.d39.s0.e0" e2="DrugDDI.d39.s0.e6" interaction="false"/><pair id="DrugDDI.d39.s0.p6" e1="DrugDDI.d39.s0.e1" e2="DrugDDI.d39.s0.e2" interaction="false"/><pair id="DrugDDI.d39.s0.p7" e1="DrugDDI.d39.s0.e1" e2="DrugDDI.d39.s0.e3" interaction="false"/><pair id="DrugDDI.d39.s0.p8" e1="DrugDDI.d39.s0.e1" e2="DrugDDI.d39.s0.e4" interaction="false"/><pair id="DrugDDI.d39.s0.p9" e1="DrugDDI.d39.s0.e1" e2="DrugDDI.d39.s0.e5" interaction="false"/><pair id="DrugDDI.d39.s0.p10" e1="DrugDDI.d39.s0.e1" e2="DrugDDI.d39.s0.e6" interaction="false"/><pair id="DrugDDI.d39.s0.p11" e1="DrugDDI.d39.s0.e2" e2="DrugDDI.d39.s0.e3" interaction="false"/><pair id="DrugDDI.d39.s0.p12" e1="DrugDDI.d39.s0.e2" e2="DrugDDI.d39.s0.e4" interaction="false"/><pair id="DrugDDI.d39.s0.p13" e1="DrugDDI.d39.s0.e2" e2="DrugDDI.d39.s0.e5" interaction="false"/><pair id="DrugDDI.d39.s0.p14" e1="DrugDDI.d39.s0.e2" e2="DrugDDI.d39.s0.e6" interaction="false"/><pair id="DrugDDI.d39.s0.p15" e1="DrugDDI.d39.s0.e3" e2="DrugDDI.d39.s0.e4" interaction="false"/><pair id="DrugDDI.d39.s0.p16" e1="DrugDDI.d39.s0.e3" e2="DrugDDI.d39.s0.e5" interaction="false"/><pair id="DrugDDI.d39.s0.p17" e1="DrugDDI.d39.s0.e3" e2="DrugDDI.d39.s0.e6" interaction="false"/><pair id="DrugDDI.d39.s0.p18" e1="DrugDDI.d39.s0.e4" e2="DrugDDI.d39.s0.e5" interaction="false"/><pair id="DrugDDI.d39.s0.p19" e1="DrugDDI.d39.s0.e4" e2="DrugDDI.d39.s0.e6" interaction="false"/><pair id="DrugDDI.d39.s0.p20" e1="DrugDDI.d39.s0.e5" e2="DrugDDI.d39.s0.e6" interaction="false"/></sentence><sentence id="DrugDDI.d39.s1" origId="s1" text="Because dexfenfluramine is a serotonin releaser and reuptake inhibitor, dexfenfluramine should not be used concomitantly with a MAO inhibitor."><entity id="DrugDDI.d39.s1.e0" origId="s1.p27" charOffset="8-23" type="drug" text="dexfenfluramine"/><entity id="DrugDDI.d39.s1.e1" origId="s1.p31" charOffset="52-70" type="drug" text="reuptake inhibitor"/><entity id="DrugDDI.d39.s1.e2" origId="s1.p32" charOffset="72-87" type="drug" text="dexfenfluramine"/><entity id="DrugDDI.d39.s1.e3" origId="s1.p38" charOffset="128-141" type="drug" text="MAO inhibitor"/><pair id="DrugDDI.d39.s1.p0" e1="DrugDDI.d39.s1.e0" e2="DrugDDI.d39.s1.e1" interaction="false"/><pair id="DrugDDI.d39.s1.p1" e1="DrugDDI.d39.s1.e0" e2="DrugDDI.d39.s1.e2" interaction="false"/><pair id="DrugDDI.d39.s1.p2" e1="DrugDDI.d39.s1.e0" e2="DrugDDI.d39.s1.e3" interaction="false"/><pair id="DrugDDI.d39.s1.p3" e1="DrugDDI.d39.s1.e1" e2="DrugDDI.d39.s1.e2" interaction="false"/><pair id="DrugDDI.d39.s1.p4" e1="DrugDDI.d39.s1.e1" e2="DrugDDI.d39.s1.e3" interaction="false"/><pair id="DrugDDI.d39.s1.p5" e1="DrugDDI.d39.s1.e2" e2="DrugDDI.d39.s1.e3" interaction="false"/></sentence><sentence id="DrugDDI.d39.s2" origId="s2" text="At least 14 days should elapse between discontinuation of a MAO inhibitor and initiation of treatment with dexfenfluramine."><entity id="DrugDDI.d39.s2.e0" origId="s2.p43" charOffset="60-73" type="drug" text="MAO inhibitor"/><entity id="DrugDDI.d39.s2.e1" origId="s2.p47" charOffset="107-122" type="drug" text="dexfenfluramine"/><pair id="DrugDDI.d39.s2.p0" e1="DrugDDI.d39.s2.e0" e2="DrugDDI.d39.s2.e1" interaction="false"/></sentence><sentence id="DrugDDI.d39.s3" origId="s3" text="At least 3 weeks should elapse between discontinuation of dexfenfluramine and initiation of treatment with a MAO inhibitor."><entity id="DrugDDI.d39.s3.e0" origId="s3.p52" charOffset="58-73" type="drug" text="dexfenfluramine"/><entity id="DrugDDI.d39.s3.e1" origId="s3.p56" charOffset="109-122" type="drug" text="MAO inhibitor"/><pair id="DrugDDI.d39.s3.p0" e1="DrugDDI.d39.s3.e0" e2="DrugDDI.d39.s3.e1" interaction="false"/></sentence><sentence id="DrugDDI.d39.s4" origId="s4" text="A rare, but serious, constellation of symptoms, termed serotonin syndrome, has been reported with the concomitant use of selective serotonin reuptake inhibitors (SSRIs) and agents for migraine therapy, such as Imitrex (sumatriptan succinate) and dihydroergotamine."><entity id="DrugDDI.d39.s4.e0" origId="s4.p67" charOffset="131-160" type="drug" text="serotonin reuptake inhibitors"/><entity id="DrugDDI.d39.s4.e1" origId="s4.p74" charOffset="210-217" type="drug" text="Imitrex"/><entity id="DrugDDI.d39.s4.e2" origId="s4.p76" charOffset="219-240" type="drug" text="sumatriptan succinate"/><entity id="DrugDDI.d39.s4.e3" origId="s4.p79" charOffset="246-263" type="drug" text="dihydroergotamine"/><pair id="DrugDDI.d39.s4.p0" e1="DrugDDI.d39.s4.e0" e2="DrugDDI.d39.s4.e1" interaction="false"/><pair id="DrugDDI.d39.s4.p1" e1="DrugDDI.d39.s4.e0" e2="DrugDDI.d39.s4.e2" interaction="false"/><pair id="DrugDDI.d39.s4.p2" e1="DrugDDI.d39.s4.e0" e2="DrugDDI.d39.s4.e3" interaction="false"/><pair id="DrugDDI.d39.s4.p3" e1="DrugDDI.d39.s4.e1" e2="DrugDDI.d39.s4.e2" interaction="false"/><pair id="DrugDDI.d39.s4.p4" e1="DrugDDI.d39.s4.e1" e2="DrugDDI.d39.s4.e3" interaction="false"/><pair id="DrugDDI.d39.s4.p5" e1="DrugDDI.d39.s4.e2" e2="DrugDDI.d39.s4.e3" interaction="false"/></sentence><sentence id="DrugDDI.d39.s5" origId="s5" text="The syndrome requires immediate medical attention and may include one or more of the following symptoms: excitement, hypomania, restlessness, loss of consciousness, confusion, disorientation, anxiety, agitation, motor weakness, myoclonus, tremor, hemiballismus, hyperreflexia, ataxia, dysarthria, incoordination, hyperthermia, shivering, pupillary dilation, diaphoresis, emesis, and tachycardia."/><sentence id="DrugDDI.d39.s6" origId="s6" text="Dexfenfluramine should not be administered with other serotoninergic agents."><entity id="DrugDDI.d39.s6.e0" origId="s6.p115" charOffset="0-15" type="drug" text="Dexfenfluramine"/></sentence><sentence id="DrugDDI.d39.s7" origId="s7" text="The appropriate interval between administration of these agents and dexfenfluramine has not been established."><entity id="DrugDDI.d39.s7.e0" origId="s7.p125" charOffset="68-83" type="drug" text="dexfenfluramine"/></sentence><sentence id="DrugDDI.d39.s8" origId="s8" text="The use of dexfenfluramine with other CNS-active drugs has not been systematically evaluated;"><entity id="DrugDDI.d39.s8.e0" origId="s8.p131" charOffset="11-26" type="drug" text="dexfenfluramine"/><entity id="DrugDDI.d39.s8.e1" origId="s8.p132" charOffset="38-54" type="drug" text="cns-active drugs"/><pair id="DrugDDI.d39.s8.p0" e1="DrugDDI.d39.s8.e0" e2="DrugDDI.d39.s8.e1" interaction="false"/></sentence><sentence id="DrugDDI.d39.s9" origId="s9" text="consequently, caution is advised if dexfenfluramine and such drugs are prescribed concurrently."><entity id="DrugDDI.d39.s9.e0" origId="s9.p143" charOffset="36-51" type="drug" text="dexfenfluramine"/><entity id="DrugDDI.d39.s9.e1" origId="s9.p145" charOffset="61-66" type="drug" text="drugs"/><pair id="DrugDDI.d39.s9.p0" e1="DrugDDI.d39.s9.e0" e2="DrugDDI.d39.s9.e1" interaction="false"/></sentence></document>