<?xml version="1.0" encoding="UTF-8"?>
<document id="DrugDDI.d72" origId="Dexrazoxane"><sentence id="DrugDDI.d72.s0" origId="s0" text="ZINECARD does not influence the pharmacokinetics of doxorubicin."><entity id="DrugDDI.d72.s0.e0" origId="s0.p0" charOffset="0-8" type="drug" text="ZINECARD"/><entity id="DrugDDI.d72.s0.e1" origId="s0.p5" charOffset="52-63" type="drug" text="doxorubicin"/><pair id="DrugDDI.d72.s0.p0" e1="DrugDDI.d72.s0.e0" e2="DrugDDI.d72.s0.e1" interaction="false"/></sentence><sentence id="DrugDDI.d72.s1" origId="s1" text="Carcinogenesis, Mutagenesis, Impairment of Fertility No long-term carcinogenicity studies have been carried out with dexrazoxane in animals."><entity id="DrugDDI.d72.s1.e0" origId="s1.p14" charOffset="117-128" type="drug" text="dexrazoxane"/></sentence><sentence id="DrugDDI.d72.s2" origId="s2" text="Dexrazoxane was not mutagenic in the Ames test but was found to be clastogenic to human lymphocytes in vitro and to mouse bone marrow erythrocytes in vivo (micronucleus test)."><entity id="DrugDDI.d72.s2.e0" origId="s2.p16" charOffset="0-11" type="drug" text="Dexrazoxane"/><entity id="DrugDDI.d72.s2.e1" origId="s2.p19" charOffset="37-40" type="drug" text="Ame"/><pair id="DrugDDI.d72.s2.p0" e1="DrugDDI.d72.s2.e0" e2="DrugDDI.d72.s2.e1" interaction="false"/></sentence><sentence id="DrugDDI.d72.s3" origId="s3" text="The possible adverse effects of ZINECARD on the fertility of humans and experimental animals, male or female, have not been adequately studied."><entity id="DrugDDI.d72.s3.e0" origId="s3.p33" charOffset="32-40" type="drug" text="ZINECARD"/></sentence><sentence id="DrugDDI.d72.s4" origId="s4" text="Testicular atrophy was seen with dexrazoxane administration at doses as low as 30 mg/kg weekly for 6 weeks in rats (1/3 the human dose on a mg/m 2 basis) and as low as 20 mg/kg weekly for 13 weeks in dogs (approximately equal to the human dose on a mg/m 2 basis)."><entity id="DrugDDI.d72.s4.e0" origId="s4.p49" charOffset="33-44" type="drug" text="dexrazoxane"/></sentence></document>