<?xml version="1.0" encoding="UTF-8"?>
<document id="DrugDDI.d377" origId="Dextroamphetamine"><sentence id="DrugDDI.d377.s0" origId="s0" text="Acidifying agents: Gastrointestinal acidifying agents (guanethidine, reserpine, glutamic acid HCl, ascorbic acid, fruit juices, etc.) lower absorption of amphetamines."><entity id="DrugDDI.d377.s0.e0" origId="s0.p0" charOffset="0-17" type="drug" text="Acidifying agents"/><entity id="DrugDDI.d377.s0.e1" origId="s0.p2" charOffset="19-53" type="drug" text="gastrointestinal acidifying agents"/><entity id="DrugDDI.d377.s0.e2" origId="s0.p4" charOffset="55-67" type="drug" text="guanethidine"/><entity id="DrugDDI.d377.s0.e3" origId="s0.p5" charOffset="69-78" type="drug" text="reserpine"/><entity id="DrugDDI.d377.s0.e4" origId="s0.p6" charOffset="80-97" type="drug" text="glutamic acid HCl"/><entity id="DrugDDI.d377.s0.e5" origId="s0.p7" charOffset="99-112" type="drug" text="ascorbic acid"/><entity id="DrugDDI.d377.s0.e6" origId="s0.p12" charOffset="154-166" type="drug" text="amphetamines"/><pair id="DrugDDI.d377.s0.p0" e1="DrugDDI.d377.s0.e0" e2="DrugDDI.d377.s0.e1" interaction="false"/><pair id="DrugDDI.d377.s0.p1" e1="DrugDDI.d377.s0.e0" e2="DrugDDI.d377.s0.e2" interaction="false"/><pair id="DrugDDI.d377.s0.p2" e1="DrugDDI.d377.s0.e0" e2="DrugDDI.d377.s0.e3" interaction="false"/><pair id="DrugDDI.d377.s0.p3" e1="DrugDDI.d377.s0.e0" e2="DrugDDI.d377.s0.e4" interaction="false"/><pair id="DrugDDI.d377.s0.p4" e1="DrugDDI.d377.s0.e0" e2="DrugDDI.d377.s0.e5" interaction="false"/><pair id="DrugDDI.d377.s0.p5" e1="DrugDDI.d377.s0.e0" e2="DrugDDI.d377.s0.e6" interaction="false"/><pair id="DrugDDI.d377.s0.p6" e1="DrugDDI.d377.s0.e1" e2="DrugDDI.d377.s0.e2" interaction="false"/><pair id="DrugDDI.d377.s0.p7" e1="DrugDDI.d377.s0.e1" e2="DrugDDI.d377.s0.e3" interaction="false"/><pair id="DrugDDI.d377.s0.p8" e1="DrugDDI.d377.s0.e1" e2="DrugDDI.d377.s0.e4" interaction="false"/><pair id="DrugDDI.d377.s0.p9" e1="DrugDDI.d377.s0.e1" e2="DrugDDI.d377.s0.e5" interaction="false"/><pair id="DrugDDI.d377.s0.p10" e1="DrugDDI.d377.s0.e1" e2="DrugDDI.d377.s0.e6" interaction="true"/><pair id="DrugDDI.d377.s0.p11" e1="DrugDDI.d377.s0.e2" e2="DrugDDI.d377.s0.e3" interaction="false"/><pair id="DrugDDI.d377.s0.p12" e1="DrugDDI.d377.s0.e2" e2="DrugDDI.d377.s0.e4" interaction="false"/><pair id="DrugDDI.d377.s0.p13" e1="DrugDDI.d377.s0.e2" e2="DrugDDI.d377.s0.e5" interaction="false"/><pair id="DrugDDI.d377.s0.p14" e1="DrugDDI.d377.s0.e2" e2="DrugDDI.d377.s0.e6" interaction="true"/><pair id="DrugDDI.d377.s0.p15" e1="DrugDDI.d377.s0.e3" e2="DrugDDI.d377.s0.e4" interaction="false"/><pair id="DrugDDI.d377.s0.p16" e1="DrugDDI.d377.s0.e3" e2="DrugDDI.d377.s0.e5" interaction="false"/><pair id="DrugDDI.d377.s0.p17" e1="DrugDDI.d377.s0.e3" e2="DrugDDI.d377.s0.e6" interaction="true"/><pair id="DrugDDI.d377.s0.p18" e1="DrugDDI.d377.s0.e4" e2="DrugDDI.d377.s0.e5" interaction="false"/><pair id="DrugDDI.d377.s0.p19" e1="DrugDDI.d377.s0.e4" e2="DrugDDI.d377.s0.e6" interaction="true"/><pair id="DrugDDI.d377.s0.p20" e1="DrugDDI.d377.s0.e5" e2="DrugDDI.d377.s0.e6" interaction="true"/></sentence><sentence id="DrugDDI.d377.s1" origId="s1" text="Urinary acidifying agents (ammonium chloride, sodium acid phosphate, etc.) increase the concentration of the ionized species of the amphetamine molecule, thereby increasing urinary excretion."><entity id="DrugDDI.d377.s1.e0" origId="s1.p13" charOffset="8-25" type="drug" text="acidifying agents"/><entity id="DrugDDI.d377.s1.e1" origId="s1.p15" charOffset="27-44" type="drug" text="ammonium chloride"/><entity id="DrugDDI.d377.s1.e2" origId="s1.p16" charOffset="46-67" type="drug" text="sodium acid phosphate"/><entity id="DrugDDI.d377.s1.e3" origId="s1.p22" charOffset="132-144" type="drug" text="amphetamine"/><pair id="DrugDDI.d377.s1.p0" e1="DrugDDI.d377.s1.e0" e2="DrugDDI.d377.s1.e1" interaction="false"/><pair id="DrugDDI.d377.s1.p1" e1="DrugDDI.d377.s1.e0" e2="DrugDDI.d377.s1.e2" interaction="false"/><pair id="DrugDDI.d377.s1.p2" e1="DrugDDI.d377.s1.e0" e2="DrugDDI.d377.s1.e3" interaction="true"/><pair id="DrugDDI.d377.s1.p3" e1="DrugDDI.d377.s1.e1" e2="DrugDDI.d377.s1.e2" interaction="false"/><pair id="DrugDDI.d377.s1.p4" e1="DrugDDI.d377.s1.e1" e2="DrugDDI.d377.s1.e3" interaction="true"/><pair id="DrugDDI.d377.s1.p5" e1="DrugDDI.d377.s1.e2" e2="DrugDDI.d377.s1.e3" interaction="true"/></sentence><sentence id="DrugDDI.d377.s2" origId="s2" text="Both groups of agents lower blood levels and efficacy of amphetamines."><entity id="DrugDDI.d377.s2.e0" origId="s2.p33" charOffset="57-69" type="drug" text="amphetamines"/></sentence><sentence id="DrugDDI.d377.s3" origId="s3" text="Adrenergic blockers: Adrenergic blockers are inhibited by amphetamines."><entity id="DrugDDI.d377.s3.e0" origId="s3.p34" charOffset="0-19" type="drug" text="Adrenergic blockers"/><entity id="DrugDDI.d377.s3.e1" origId="s3.p36" charOffset="21-40" type="drug" text="Adrenergic blockers"/><entity id="DrugDDI.d377.s3.e2" origId="s3.p39" charOffset="58-70" type="drug" text="amphetamines"/><pair id="DrugDDI.d377.s3.p0" e1="DrugDDI.d377.s3.e0" e2="DrugDDI.d377.s3.e1" interaction="false"/><pair id="DrugDDI.d377.s3.p1" e1="DrugDDI.d377.s3.e0" e2="DrugDDI.d377.s3.e2" interaction="false"/><pair id="DrugDDI.d377.s3.p2" e1="DrugDDI.d377.s3.e1" e2="DrugDDI.d377.s3.e2" interaction="true"/></sentence><sentence id="DrugDDI.d377.s4" origId="s4" text="Alkalinizing agents: Gastrointestinal alkalinizing agents (sodium bicarbonate, etc.) increase absorption of amphetamines."><entity id="DrugDDI.d377.s4.e0" origId="s4.p40" charOffset="0-19" type="drug" text="Alkalinizing agents"/><entity id="DrugDDI.d377.s4.e1" origId="s4.p42" charOffset="21-57" type="drug" text="gastrointestinal alkalinizing agents"/><entity id="DrugDDI.d377.s4.e2" origId="s4.p44" charOffset="59-77" type="drug" text="sodium bicarbonate"/><entity id="DrugDDI.d377.s4.e3" origId="s4.p49" charOffset="108-120" type="drug" text="amphetamines"/><pair id="DrugDDI.d377.s4.p0" e1="DrugDDI.d377.s4.e0" e2="DrugDDI.d377.s4.e1" interaction="false"/><pair id="DrugDDI.d377.s4.p1" e1="DrugDDI.d377.s4.e0" e2="DrugDDI.d377.s4.e2" interaction="false"/><pair id="DrugDDI.d377.s4.p2" e1="DrugDDI.d377.s4.e0" e2="DrugDDI.d377.s4.e3" interaction="false"/><pair id="DrugDDI.d377.s4.p3" e1="DrugDDI.d377.s4.e1" e2="DrugDDI.d377.s4.e2" interaction="false"/><pair id="DrugDDI.d377.s4.p4" e1="DrugDDI.d377.s4.e1" e2="DrugDDI.d377.s4.e3" interaction="true"/><pair id="DrugDDI.d377.s4.p5" e1="DrugDDI.d377.s4.e2" e2="DrugDDI.d377.s4.e3" interaction="true"/></sentence><sentence id="DrugDDI.d377.s5" origId="s5" text="Urinary alkalinizing agents (acetazolamide, some thiazides) increase the concentration of the non-ionized species of the amphetamine molecule, thereby decreasing urinary excretion."><entity id="DrugDDI.d377.s5.e0" origId="s5.p50" charOffset="8-27" type="drug" text="alkalinizing agents"/><entity id="DrugDDI.d377.s5.e1" origId="s5.p52" charOffset="29-42" type="drug" text="acetazolamide"/><entity id="DrugDDI.d377.s5.e2" origId="s5.p53" charOffset="49-58" type="drug" text="thiazides"/><entity id="DrugDDI.d377.s5.e3" origId="s5.p58" charOffset="121-133" type="drug" text="amphetamine"/><pair id="DrugDDI.d377.s5.p0" e1="DrugDDI.d377.s5.e0" e2="DrugDDI.d377.s5.e1" interaction="false"/><pair id="DrugDDI.d377.s5.p1" e1="DrugDDI.d377.s5.e0" e2="DrugDDI.d377.s5.e2" interaction="false"/><pair id="DrugDDI.d377.s5.p2" e1="DrugDDI.d377.s5.e0" e2="DrugDDI.d377.s5.e3" interaction="true"/><pair id="DrugDDI.d377.s5.p3" e1="DrugDDI.d377.s5.e1" e2="DrugDDI.d377.s5.e2" interaction="false"/><pair id="DrugDDI.d377.s5.p4" e1="DrugDDI.d377.s5.e1" e2="DrugDDI.d377.s5.e3" interaction="true"/><pair id="DrugDDI.d377.s5.p5" e1="DrugDDI.d377.s5.e2" e2="DrugDDI.d377.s5.e3" interaction="true"/></sentence><sentence id="DrugDDI.d377.s6" origId="s6" text="Both groups of agents increase blood levels and therefore potentiate the actions of amphetamines."><entity id="DrugDDI.d377.s6.e0" origId="s6.p71" charOffset="84-96" type="drug" text="amphetamines"/></sentence><sentence id="DrugDDI.d377.s7" origId="s7" text="Antidepressants, tricyclic: Amphetamines may enhance the activity of tricyclic or sympathomimetic agents;"><entity id="DrugDDI.d377.s7.e0" origId="s7.p72" charOffset="0-15" type="drug" text="Antidepressants"/><entity id="DrugDDI.d377.s7.e1" origId="s7.p75" charOffset="28-40" type="drug" text="Amphetamines"/><entity id="DrugDDI.d377.s7.e2" origId="s7.p81" charOffset="82-104" type="drug" text="sympathomimetic agents"/><pair id="DrugDDI.d377.s7.p0" e1="DrugDDI.d377.s7.e0" e2="DrugDDI.d377.s7.e1" interaction="false"/><pair id="DrugDDI.d377.s7.p1" e1="DrugDDI.d377.s7.e0" e2="DrugDDI.d377.s7.e2" interaction="false"/><pair id="DrugDDI.d377.s7.p2" e1="DrugDDI.d377.s7.e1" e2="DrugDDI.d377.s7.e2" interaction="true"/></sentence><sentence id="DrugDDI.d377.s8" origId="s8" text="d-amphetamine with desipramine or protriptyline and possibly other tricyclics cause striking and sustained increases in the concentration of d-amphetamine in the brain;"><entity id="DrugDDI.d377.s8.e0" origId="s8.p83" charOffset="0-13" type="drug" text="d-amphetamine"/><entity id="DrugDDI.d377.s8.e1" origId="s8.p84" charOffset="19-30" type="drug" text="desipramine"/><entity id="DrugDDI.d377.s8.e2" origId="s8.p86" charOffset="34-47" type="drug" text="protriptyline"/><entity id="DrugDDI.d377.s8.e3" origId="s8.p88" charOffset="67-77" type="drug" text="tricyclics"/><entity id="DrugDDI.d377.s8.e4" origId="s8.p94" charOffset="141-155" type="drug" text="d-amphetamine"/><pair id="DrugDDI.d377.s8.p0" e1="DrugDDI.d377.s8.e0" e2="DrugDDI.d377.s8.e1" interaction="true"/><pair id="DrugDDI.d377.s8.p1" e1="DrugDDI.d377.s8.e0" e2="DrugDDI.d377.s8.e2" interaction="true"/><pair id="DrugDDI.d377.s8.p2" e1="DrugDDI.d377.s8.e0" e2="DrugDDI.d377.s8.e3" interaction="true"/><pair id="DrugDDI.d377.s8.p3" e1="DrugDDI.d377.s8.e0" e2="DrugDDI.d377.s8.e4" interaction="false"/><pair id="DrugDDI.d377.s8.p4" e1="DrugDDI.d377.s8.e1" e2="DrugDDI.d377.s8.e2" interaction="false"/><pair id="DrugDDI.d377.s8.p5" e1="DrugDDI.d377.s8.e1" e2="DrugDDI.d377.s8.e3" interaction="false"/><pair id="DrugDDI.d377.s8.p6" e1="DrugDDI.d377.s8.e1" e2="DrugDDI.d377.s8.e4" interaction="false"/><pair id="DrugDDI.d377.s8.p7" e1="DrugDDI.d377.s8.e2" e2="DrugDDI.d377.s8.e3" interaction="false"/><pair id="DrugDDI.d377.s8.p8" e1="DrugDDI.d377.s8.e2" e2="DrugDDI.d377.s8.e4" interaction="false"/><pair id="DrugDDI.d377.s8.p9" e1="DrugDDI.d377.s8.e3" e2="DrugDDI.d377.s8.e4" interaction="false"/></sentence><sentence id="DrugDDI.d377.s9" origId="s9" text="cardiovascular effects can be potentiated."/><sentence id="DrugDDI.d377.s10" origId="s10" text="MAO inhibitors: MAOI antidepressants, as well as a metabolite of furazolidone, slow amphetamine metabolism."><entity id="DrugDDI.d377.s10.e0" origId="s10.p101" charOffset="0-14" type="drug" text="MAO inhibitors"/><entity id="DrugDDI.d377.s10.e1" origId="s10.p103" charOffset="21-36" type="drug" text="antidepressants"/><entity id="DrugDDI.d377.s10.e2" origId="s10.p105" charOffset="51-61" type="drug" text="metabolite"/><entity id="DrugDDI.d377.s10.e3" origId="s10.p106" charOffset="65-77" type="drug" text="furazolidone"/><entity id="DrugDDI.d377.s10.e4" origId="s10.p107" charOffset="84-96" type="drug" text="amphetamine"/><pair id="DrugDDI.d377.s10.p0" e1="DrugDDI.d377.s10.e0" e2="DrugDDI.d377.s10.e1" interaction="false"/><pair id="DrugDDI.d377.s10.p1" e1="DrugDDI.d377.s10.e0" e2="DrugDDI.d377.s10.e2" interaction="false"/><pair id="DrugDDI.d377.s10.p2" e1="DrugDDI.d377.s10.e0" e2="DrugDDI.d377.s10.e3" interaction="false"/><pair id="DrugDDI.d377.s10.p3" e1="DrugDDI.d377.s10.e0" e2="DrugDDI.d377.s10.e4" interaction="false"/><pair id="DrugDDI.d377.s10.p4" e1="DrugDDI.d377.s10.e1" e2="DrugDDI.d377.s10.e2" interaction="false"/><pair id="DrugDDI.d377.s10.p5" e1="DrugDDI.d377.s10.e1" e2="DrugDDI.d377.s10.e3" interaction="false"/><pair id="DrugDDI.d377.s10.p6" e1="DrugDDI.d377.s10.e1" e2="DrugDDI.d377.s10.e4" interaction="true"/><pair id="DrugDDI.d377.s10.p7" e1="DrugDDI.d377.s10.e2" e2="DrugDDI.d377.s10.e3" interaction="false"/><pair id="DrugDDI.d377.s10.p8" e1="DrugDDI.d377.s10.e2" e2="DrugDDI.d377.s10.e4" interaction="false"/><pair id="DrugDDI.d377.s10.p9" e1="DrugDDI.d377.s10.e3" e2="DrugDDI.d377.s10.e4" interaction="true"/></sentence><sentence id="DrugDDI.d377.s11" origId="s11" text="This slowing potentiates amphetamines, increasing their effect on the release of norepinephrine and other monoamines from adrenergic nerve endings;"><entity id="DrugDDI.d377.s11.e0" origId="s11.p110" charOffset="25-37" type="drug" text="amphetamines"/><entity id="DrugDDI.d377.s11.e1" origId="s11.p114" charOffset="81-95" type="drug" text="norepinephrine"/><pair id="DrugDDI.d377.s11.p0" e1="DrugDDI.d377.s11.e0" e2="DrugDDI.d377.s11.e1" interaction="true"/></sentence><sentence id="DrugDDI.d377.s12" origId="s12" text="this can cause headaches and other signs of hypertensive crisis."/><sentence id="DrugDDI.d377.s13" origId="s13" text="A variety of neurological toxic effects and malignant hyperpyrexia can occur, sometimes with fatal results."/><sentence id="DrugDDI.d377.s14" origId="s14" text="Antihistamines: Amphetamines may counteract the sedative effect of antihistamines."><entity id="DrugDDI.d377.s14.e0" origId="s14.p135" charOffset="0-14" type="drug" text="Antihistamines"/><entity id="DrugDDI.d377.s14.e1" origId="s14.p137" charOffset="16-28" type="drug" text="Amphetamines"/><entity id="DrugDDI.d377.s14.e2" origId="s14.p140" charOffset="48-56" type="drug" text="sedative"/><entity id="DrugDDI.d377.s14.e3" origId="s14.p141" charOffset="67-81" type="drug" text="antihistamines"/><pair id="DrugDDI.d377.s14.p0" e1="DrugDDI.d377.s14.e0" e2="DrugDDI.d377.s14.e1" interaction="false"/><pair id="DrugDDI.d377.s14.p1" e1="DrugDDI.d377.s14.e0" e2="DrugDDI.d377.s14.e2" interaction="false"/><pair id="DrugDDI.d377.s14.p2" e1="DrugDDI.d377.s14.e0" e2="DrugDDI.d377.s14.e3" interaction="false"/><pair id="DrugDDI.d377.s14.p3" e1="DrugDDI.d377.s14.e1" e2="DrugDDI.d377.s14.e2" interaction="false"/><pair id="DrugDDI.d377.s14.p4" e1="DrugDDI.d377.s14.e1" e2="DrugDDI.d377.s14.e3" interaction="true"/><pair id="DrugDDI.d377.s14.p5" e1="DrugDDI.d377.s14.e2" e2="DrugDDI.d377.s14.e3" interaction="false"/></sentence><sentence id="DrugDDI.d377.s15" origId="s15" text="Antihypertensives: Amphetamines may antagonize the hypotensive effects of antihypertensives."><entity id="DrugDDI.d377.s15.e0" origId="s15.p142" charOffset="0-17" type="drug" text="Antihypertensives"/><entity id="DrugDDI.d377.s15.e1" origId="s15.p144" charOffset="19-31" type="drug" text="Amphetamines"/><entity id="DrugDDI.d377.s15.e2" origId="s15.p148" charOffset="74-91" type="drug" text="antihypertensives"/><pair id="DrugDDI.d377.s15.p0" e1="DrugDDI.d377.s15.e0" e2="DrugDDI.d377.s15.e1" interaction="false"/><pair id="DrugDDI.d377.s15.p1" e1="DrugDDI.d377.s15.e0" e2="DrugDDI.d377.s15.e2" interaction="false"/><pair id="DrugDDI.d377.s15.p2" e1="DrugDDI.d377.s15.e1" e2="DrugDDI.d377.s15.e2" interaction="true"/></sentence><sentence id="DrugDDI.d377.s16" origId="s16" text="Chlorpromazine: Chlorpromazine blocks dopamine and norepinephrine reuptake, thus inhibiting the central stimulant effects of amphetamines, and can be used to treat amphetamine poisoning."><entity id="DrugDDI.d377.s16.e0" origId="s16.p149" charOffset="0-14" type="drug" text="Chlorpromazine"/><entity id="DrugDDI.d377.s16.e1" origId="s16.p151" charOffset="16-30" type="drug" text="Chlorpromazine"/><entity id="DrugDDI.d377.s16.e2" origId="s16.p153" charOffset="38-46" type="drug" text="dopamine"/><entity id="DrugDDI.d377.s16.e3" origId="s16.p155" charOffset="51-65" type="drug" text="norepinephrine"/><entity id="DrugDDI.d377.s16.e4" origId="s16.p158" charOffset="96-113" type="drug" text="central stimulant"/><entity id="DrugDDI.d377.s16.e5" origId="s16.p159" charOffset="125-137" type="drug" text="amphetamines"/><pair id="DrugDDI.d377.s16.p0" e1="DrugDDI.d377.s16.e0" e2="DrugDDI.d377.s16.e1" interaction="false"/><pair id="DrugDDI.d377.s16.p1" e1="DrugDDI.d377.s16.e0" e2="DrugDDI.d377.s16.e2" interaction="false"/><pair id="DrugDDI.d377.s16.p2" e1="DrugDDI.d377.s16.e0" e2="DrugDDI.d377.s16.e3" interaction="false"/><pair id="DrugDDI.d377.s16.p3" e1="DrugDDI.d377.s16.e0" e2="DrugDDI.d377.s16.e4" interaction="false"/><pair id="DrugDDI.d377.s16.p4" e1="DrugDDI.d377.s16.e0" e2="DrugDDI.d377.s16.e5" interaction="false"/><pair id="DrugDDI.d377.s16.p5" e1="DrugDDI.d377.s16.e1" e2="DrugDDI.d377.s16.e2" interaction="true"/><pair id="DrugDDI.d377.s16.p6" e1="DrugDDI.d377.s16.e1" e2="DrugDDI.d377.s16.e3" interaction="true"/><pair id="DrugDDI.d377.s16.p7" e1="DrugDDI.d377.s16.e1" e2="DrugDDI.d377.s16.e4" interaction="false"/><pair id="DrugDDI.d377.s16.p8" e1="DrugDDI.d377.s16.e1" e2="DrugDDI.d377.s16.e5" interaction="true"/><pair id="DrugDDI.d377.s16.p9" e1="DrugDDI.d377.s16.e2" e2="DrugDDI.d377.s16.e3" interaction="false"/><pair id="DrugDDI.d377.s16.p10" e1="DrugDDI.d377.s16.e2" e2="DrugDDI.d377.s16.e4" interaction="false"/><pair id="DrugDDI.d377.s16.p11" e1="DrugDDI.d377.s16.e2" e2="DrugDDI.d377.s16.e5" interaction="false"/><pair id="DrugDDI.d377.s16.p12" e1="DrugDDI.d377.s16.e3" e2="DrugDDI.d377.s16.e4" interaction="false"/><pair id="DrugDDI.d377.s16.p13" e1="DrugDDI.d377.s16.e3" e2="DrugDDI.d377.s16.e5" interaction="false"/><pair id="DrugDDI.d377.s16.p14" e1="DrugDDI.d377.s16.e4" e2="DrugDDI.d377.s16.e5" interaction="false"/></sentence><sentence id="DrugDDI.d377.s17" origId="s17" text="Ethosuximide: Amphetamines may delay intestinal absorption of ethosuximide."><entity id="DrugDDI.d377.s17.e0" origId="s17.p167" charOffset="0-12" type="drug" text="Ethosuximide"/><entity id="DrugDDI.d377.s17.e1" origId="s17.p169" charOffset="14-26" type="drug" text="Amphetamines"/><entity id="DrugDDI.d377.s17.e2" origId="s17.p173" charOffset="62-74" type="drug" text="ethosuximide"/><pair id="DrugDDI.d377.s17.p0" e1="DrugDDI.d377.s17.e0" e2="DrugDDI.d377.s17.e1" interaction="false"/><pair id="DrugDDI.d377.s17.p1" e1="DrugDDI.d377.s17.e0" e2="DrugDDI.d377.s17.e2" interaction="false"/><pair id="DrugDDI.d377.s17.p2" e1="DrugDDI.d377.s17.e1" e2="DrugDDI.d377.s17.e2" interaction="true"/></sentence><sentence id="DrugDDI.d377.s18" origId="s18" text="Haloperidol: Haloperidol blocks dopamine and norepinephrine reuptake, thus inhibiting the central stimulant effects of amphetamines."><entity id="DrugDDI.d377.s18.e0" origId="s18.p174" charOffset="0-11" type="drug" text="Haloperidol"/><entity id="DrugDDI.d377.s18.e1" origId="s18.p176" charOffset="13-24" type="drug" text="Haloperidol"/><entity id="DrugDDI.d377.s18.e2" origId="s18.p178" charOffset="32-40" type="drug" text="dopamine"/><entity id="DrugDDI.d377.s18.e3" origId="s18.p180" charOffset="45-59" type="drug" text="norepinephrine"/><entity id="DrugDDI.d377.s18.e4" origId="s18.p183" charOffset="90-107" type="drug" text="central stimulant"/><entity id="DrugDDI.d377.s18.e5" origId="s18.p184" charOffset="119-131" type="drug" text="amphetamines"/><pair id="DrugDDI.d377.s18.p0" e1="DrugDDI.d377.s18.e0" e2="DrugDDI.d377.s18.e1" interaction="false"/><pair id="DrugDDI.d377.s18.p1" e1="DrugDDI.d377.s18.e0" e2="DrugDDI.d377.s18.e2" interaction="false"/><pair id="DrugDDI.d377.s18.p2" e1="DrugDDI.d377.s18.e0" e2="DrugDDI.d377.s18.e3" interaction="false"/><pair id="DrugDDI.d377.s18.p3" e1="DrugDDI.d377.s18.e0" e2="DrugDDI.d377.s18.e4" interaction="false"/><pair id="DrugDDI.d377.s18.p4" e1="DrugDDI.d377.s18.e0" e2="DrugDDI.d377.s18.e5" interaction="false"/><pair id="DrugDDI.d377.s18.p5" e1="DrugDDI.d377.s18.e1" e2="DrugDDI.d377.s18.e2" interaction="true"/><pair id="DrugDDI.d377.s18.p6" e1="DrugDDI.d377.s18.e1" e2="DrugDDI.d377.s18.e3" interaction="true"/><pair id="DrugDDI.d377.s18.p7" e1="DrugDDI.d377.s18.e1" e2="DrugDDI.d377.s18.e4" interaction="false"/><pair id="DrugDDI.d377.s18.p8" e1="DrugDDI.d377.s18.e1" e2="DrugDDI.d377.s18.e5" interaction="true"/><pair id="DrugDDI.d377.s18.p9" e1="DrugDDI.d377.s18.e2" e2="DrugDDI.d377.s18.e3" interaction="false"/><pair id="DrugDDI.d377.s18.p10" e1="DrugDDI.d377.s18.e2" e2="DrugDDI.d377.s18.e4" interaction="false"/><pair id="DrugDDI.d377.s18.p11" e1="DrugDDI.d377.s18.e2" e2="DrugDDI.d377.s18.e5" interaction="false"/><pair id="DrugDDI.d377.s18.p12" e1="DrugDDI.d377.s18.e3" e2="DrugDDI.d377.s18.e4" interaction="false"/><pair id="DrugDDI.d377.s18.p13" e1="DrugDDI.d377.s18.e3" e2="DrugDDI.d377.s18.e5" interaction="false"/><pair id="DrugDDI.d377.s18.p14" e1="DrugDDI.d377.s18.e4" e2="DrugDDI.d377.s18.e5" interaction="false"/></sentence><sentence id="DrugDDI.d377.s19" origId="s19" text="Lithium carbonate: The stimulatory effects of amphetamines may be inhibited by lithium carbonate."><entity id="DrugDDI.d377.s19.e0" origId="s19.p185" charOffset="0-17" type="drug" text="Lithium carbonate"/><entity id="DrugDDI.d377.s19.e1" origId="s19.p188" charOffset="46-58" type="drug" text="amphetamines"/><entity id="DrugDDI.d377.s19.e2" origId="s19.p192" charOffset="79-96" type="drug" text="lithium carbonate"/><pair id="DrugDDI.d377.s19.p0" e1="DrugDDI.d377.s19.e0" e2="DrugDDI.d377.s19.e1" interaction="false"/><pair id="DrugDDI.d377.s19.p1" e1="DrugDDI.d377.s19.e0" e2="DrugDDI.d377.s19.e2" interaction="false"/><pair id="DrugDDI.d377.s19.p2" e1="DrugDDI.d377.s19.e1" e2="DrugDDI.d377.s19.e2" interaction="true"/></sentence><sentence id="DrugDDI.d377.s20" origId="s20" text="Meperidine: Amphetamines potentiate the analgesic effect of meperidine."><entity id="DrugDDI.d377.s20.e0" origId="s20.p193" charOffset="0-10" type="drug" text="Meperidine"/><entity id="DrugDDI.d377.s20.e1" origId="s20.p195" charOffset="12-24" type="drug" text="Amphetamines"/><entity id="DrugDDI.d377.s20.e2" origId="s20.p198" charOffset="60-70" type="drug" text="meperidine"/><pair id="DrugDDI.d377.s20.p0" e1="DrugDDI.d377.s20.e0" e2="DrugDDI.d377.s20.e1" interaction="false"/><pair id="DrugDDI.d377.s20.p1" e1="DrugDDI.d377.s20.e0" e2="DrugDDI.d377.s20.e2" interaction="false"/><pair id="DrugDDI.d377.s20.p2" e1="DrugDDI.d377.s20.e1" e2="DrugDDI.d377.s20.e2" interaction="true"/></sentence><sentence id="DrugDDI.d377.s21" origId="s21" text="Methenamine therapy: Urinary excretion of amphetamines is increased, and efficacy is reduced, by acidifying agents used in methenamine therapy."><entity id="DrugDDI.d377.s21.e0" origId="s21.p199" charOffset="0-11" type="drug" text="Methenamine"/><entity id="DrugDDI.d377.s21.e1" origId="s21.p203" charOffset="42-54" type="drug" text="amphetamines"/><entity id="DrugDDI.d377.s21.e2" origId="s21.p212" charOffset="97-114" type="drug" text="acidifying agents"/><entity id="DrugDDI.d377.s21.e3" origId="s21.p214" charOffset="123-134" type="drug" text="methenamine"/><pair id="DrugDDI.d377.s21.p0" e1="DrugDDI.d377.s21.e0" e2="DrugDDI.d377.s21.e1" interaction="false"/><pair id="DrugDDI.d377.s21.p1" e1="DrugDDI.d377.s21.e0" e2="DrugDDI.d377.s21.e2" interaction="false"/><pair id="DrugDDI.d377.s21.p2" e1="DrugDDI.d377.s21.e0" e2="DrugDDI.d377.s21.e3" interaction="false"/><pair id="DrugDDI.d377.s21.p3" e1="DrugDDI.d377.s21.e1" e2="DrugDDI.d377.s21.e2" interaction="true"/><pair id="DrugDDI.d377.s21.p4" e1="DrugDDI.d377.s21.e1" e2="DrugDDI.d377.s21.e3" interaction="false"/><pair id="DrugDDI.d377.s21.p5" e1="DrugDDI.d377.s21.e2" e2="DrugDDI.d377.s21.e3" interaction="false"/></sentence><sentence id="DrugDDI.d377.s22" origId="s22" text="Norepinephrine: Amphetamines enhance the adrenergic effect of norepinephrine."><entity id="DrugDDI.d377.s22.e0" origId="s22.p215" charOffset="0-14" type="drug" text="Norepinephrine"/><entity id="DrugDDI.d377.s22.e1" origId="s22.p217" charOffset="16-28" type="drug" text="Amphetamines"/><entity id="DrugDDI.d377.s22.e2" origId="s22.p220" charOffset="62-76" type="drug" text="norepinephrine"/><pair id="DrugDDI.d377.s22.p0" e1="DrugDDI.d377.s22.e0" e2="DrugDDI.d377.s22.e1" interaction="false"/><pair id="DrugDDI.d377.s22.p1" e1="DrugDDI.d377.s22.e0" e2="DrugDDI.d377.s22.e2" interaction="false"/><pair id="DrugDDI.d377.s22.p2" e1="DrugDDI.d377.s22.e1" e2="DrugDDI.d377.s22.e2" interaction="true"/></sentence><sentence id="DrugDDI.d377.s23" origId="s23" text="Phenobarbital: Amphetamines may delay intestinal absorption of phenobarbital;"><entity id="DrugDDI.d377.s23.e0" origId="s23.p221" charOffset="0-13" type="drug" text="Phenobarbital"/><entity id="DrugDDI.d377.s23.e1" origId="s23.p223" charOffset="15-27" type="drug" text="Amphetamines"/><entity id="DrugDDI.d377.s23.e2" origId="s23.p227" charOffset="63-76" type="drug" text="phenobarbital"/><pair id="DrugDDI.d377.s23.p0" e1="DrugDDI.d377.s23.e0" e2="DrugDDI.d377.s23.e1" interaction="false"/><pair id="DrugDDI.d377.s23.p1" e1="DrugDDI.d377.s23.e0" e2="DrugDDI.d377.s23.e2" interaction="false"/><pair id="DrugDDI.d377.s23.p2" e1="DrugDDI.d377.s23.e1" e2="DrugDDI.d377.s23.e2" interaction="true"/></sentence><sentence id="DrugDDI.d377.s24" origId="s24" text="co-administration of phenobarbital may produce a synergistic anticonvulsant action."><entity id="DrugDDI.d377.s24.e0" origId="s24.p230" charOffset="21-34" type="drug" text="phenobarbital"/><entity id="DrugDDI.d377.s24.e1" origId="s24.p233" charOffset="61-75" type="drug" text="anticonvulsant"/><pair id="DrugDDI.d377.s24.p0" e1="DrugDDI.d377.s24.e0" e2="DrugDDI.d377.s24.e1" interaction="false"/></sentence><sentence id="DrugDDI.d377.s25" origId="s25" text="Phenytoin: Amphetamines may delay intestinal absorption of phenytoin;"><entity id="DrugDDI.d377.s25.e0" origId="s25.p234" charOffset="0-9" type="drug" text="Phenytoin"/><entity id="DrugDDI.d377.s25.e1" origId="s25.p236" charOffset="11-23" type="drug" text="Amphetamines"/><entity id="DrugDDI.d377.s25.e2" origId="s25.p240" charOffset="59-68" type="drug" text="phenytoin"/><pair id="DrugDDI.d377.s25.p0" e1="DrugDDI.d377.s25.e0" e2="DrugDDI.d377.s25.e1" interaction="false"/><pair id="DrugDDI.d377.s25.p1" e1="DrugDDI.d377.s25.e0" e2="DrugDDI.d377.s25.e2" interaction="false"/><pair id="DrugDDI.d377.s25.p2" e1="DrugDDI.d377.s25.e1" e2="DrugDDI.d377.s25.e2" interaction="true"/></sentence><sentence id="DrugDDI.d377.s26" origId="s26" text="co-administration of phenytoin may produce a synergistic anticonvulsant action."><entity id="DrugDDI.d377.s26.e0" origId="s26.p243" charOffset="21-30" type="drug" text="phenytoin"/><entity id="DrugDDI.d377.s26.e1" origId="s26.p246" charOffset="57-71" type="drug" text="anticonvulsant"/><pair id="DrugDDI.d377.s26.p0" e1="DrugDDI.d377.s26.e0" e2="DrugDDI.d377.s26.e1" interaction="false"/></sentence><sentence id="DrugDDI.d377.s27" origId="s27" text="Propoxyphene: In cases of propoxyphene overdosage, amphetamine CNS stimulation is potentiated and fatal convulsions can occur."><entity id="DrugDDI.d377.s27.e0" origId="s27.p247" charOffset="0-12" type="drug" text="Propoxyphene"/><entity id="DrugDDI.d377.s27.e1" origId="s27.p250" charOffset="26-38" type="drug" text="propoxyphene"/><entity id="DrugDDI.d377.s27.e2" origId="s27.p251" charOffset="51-67" type="drug" text="amphetamine CNS"/><pair id="DrugDDI.d377.s27.p0" e1="DrugDDI.d377.s27.e0" e2="DrugDDI.d377.s27.e1" interaction="false"/><pair id="DrugDDI.d377.s27.p1" e1="DrugDDI.d377.s27.e0" e2="DrugDDI.d377.s27.e2" interaction="false"/><pair id="DrugDDI.d377.s27.p2" e1="DrugDDI.d377.s27.e1" e2="DrugDDI.d377.s27.e2" interaction="true"/></sentence><sentence id="DrugDDI.d377.s28" origId="s28" text="Veratrum alkaloids: Amphetamines inhibit the hypotensive effect of veratrum alkaloids."><entity id="DrugDDI.d377.s28.e0" origId="s28.p258" charOffset="0-18" type="drug" text="Veratrum alkaloids"/><entity id="DrugDDI.d377.s28.e1" origId="s28.p260" charOffset="20-32" type="drug" text="Amphetamines"/><entity id="DrugDDI.d377.s28.e2" origId="s28.p263" charOffset="67-85" type="drug" text="veratrum alkaloids"/><pair id="DrugDDI.d377.s28.p0" e1="DrugDDI.d377.s28.e0" e2="DrugDDI.d377.s28.e1" interaction="false"/><pair id="DrugDDI.d377.s28.p1" e1="DrugDDI.d377.s28.e0" e2="DrugDDI.d377.s28.e2" interaction="false"/><pair id="DrugDDI.d377.s28.p2" e1="DrugDDI.d377.s28.e1" e2="DrugDDI.d377.s28.e2" interaction="true"/></sentence><sentence id="DrugDDI.d377.s29" origId="s29" text="Drug/Laboratory Test Interactions: Amphetamines can cause a significant elevation in plasma corticosteroid levels."><entity id="DrugDDI.d377.s29.e0" origId="s29.p264" charOffset="0-4" type="drug" text="Drug"/><entity id="DrugDDI.d377.s29.e1" origId="s29.p267" charOffset="35-47" type="drug" text="Amphetamines"/><entity id="DrugDDI.d377.s29.e2" origId="s29.p271" charOffset="92-106" type="drug" text="corticosteroid"/><pair id="DrugDDI.d377.s29.p0" e1="DrugDDI.d377.s29.e0" e2="DrugDDI.d377.s29.e1" interaction="false"/><pair id="DrugDDI.d377.s29.p1" e1="DrugDDI.d377.s29.e0" e2="DrugDDI.d377.s29.e2" interaction="false"/><pair id="DrugDDI.d377.s29.p2" e1="DrugDDI.d377.s29.e1" e2="DrugDDI.d377.s29.e2" interaction="true"/></sentence><sentence id="DrugDDI.d377.s30" origId="s30" text="This increase is greatest in the evening."/><sentence id="DrugDDI.d377.s31" origId="s31" text="Amphetamines may interfere with urinary steroid determinations."><entity id="DrugDDI.d377.s31.e0" origId="s31.p276" charOffset="0-12" type="drug" text="Amphetamines"/></sentence></document>