<?xml version="1.0" encoding="UTF-8"?>
<document id="DrugDDI.d352" origId="Dezocine"><sentence id="DrugDDI.d352.s0" origId="s0" text="Additive depressant effect when used with general anesthetics, sedatives, antianxiety drugs, hypnotics, alcohol, and other opiate analgesics."><entity id="DrugDDI.d352.s0.e0" origId="s0.p3" charOffset="42-61" type="drug" text="general anesthetics"/><entity id="DrugDDI.d352.s0.e1" origId="s0.p4" charOffset="63-72" type="drug" text="sedatives"/><entity id="DrugDDI.d352.s0.e2" origId="s0.p5" charOffset="74-91" type="drug" text="antianxiety drugs"/><entity id="DrugDDI.d352.s0.e3" origId="s0.p6" charOffset="93-102" type="drug" text="hypnotics"/><entity id="DrugDDI.d352.s0.e4" origId="s0.p7" charOffset="104-111" type="drug" text="alcohol"/><entity id="DrugDDI.d352.s0.e5" origId="s0.p9" charOffset="123-129" type="drug" text="opiate"/><pair id="DrugDDI.d352.s0.p0" e1="DrugDDI.d352.s0.e0" e2="DrugDDI.d352.s0.e1" interaction="false"/><pair id="DrugDDI.d352.s0.p1" e1="DrugDDI.d352.s0.e0" e2="DrugDDI.d352.s0.e2" interaction="false"/><pair id="DrugDDI.d352.s0.p2" e1="DrugDDI.d352.s0.e0" e2="DrugDDI.d352.s0.e3" interaction="false"/><pair id="DrugDDI.d352.s0.p3" e1="DrugDDI.d352.s0.e0" e2="DrugDDI.d352.s0.e4" interaction="false"/><pair id="DrugDDI.d352.s0.p4" e1="DrugDDI.d352.s0.e0" e2="DrugDDI.d352.s0.e5" interaction="false"/><pair id="DrugDDI.d352.s0.p5" e1="DrugDDI.d352.s0.e1" e2="DrugDDI.d352.s0.e2" interaction="false"/><pair id="DrugDDI.d352.s0.p6" e1="DrugDDI.d352.s0.e1" e2="DrugDDI.d352.s0.e3" interaction="false"/><pair id="DrugDDI.d352.s0.p7" e1="DrugDDI.d352.s0.e1" e2="DrugDDI.d352.s0.e4" interaction="false"/><pair id="DrugDDI.d352.s0.p8" e1="DrugDDI.d352.s0.e1" e2="DrugDDI.d352.s0.e5" interaction="false"/><pair id="DrugDDI.d352.s0.p9" e1="DrugDDI.d352.s0.e2" e2="DrugDDI.d352.s0.e3" interaction="false"/><pair id="DrugDDI.d352.s0.p10" e1="DrugDDI.d352.s0.e2" e2="DrugDDI.d352.s0.e4" interaction="false"/><pair id="DrugDDI.d352.s0.p11" e1="DrugDDI.d352.s0.e2" e2="DrugDDI.d352.s0.e5" interaction="false"/><pair id="DrugDDI.d352.s0.p12" e1="DrugDDI.d352.s0.e3" e2="DrugDDI.d352.s0.e4" interaction="false"/><pair id="DrugDDI.d352.s0.p13" e1="DrugDDI.d352.s0.e3" e2="DrugDDI.d352.s0.e5" interaction="false"/><pair id="DrugDDI.d352.s0.p14" e1="DrugDDI.d352.s0.e4" e2="DrugDDI.d352.s0.e5" interaction="false"/></sentence></document>