<?xml version="1.0" encoding="UTF-8"?>
<document id="DrugDDI.d152" origId="Diatrizoate"><sentence id="DrugDDI.d152.s0" origId="s0" text="May interact with thyroid medication (e.g., levothyroxine), iodine-containing products, antacids, H2-antagonists (e.g., famotidine, ranitidine), and proton pump inhibitors (e.g., lansoprazole, omeprazole)."><entity id="DrugDDI.d152.s0.e0" origId="s0.p2" charOffset="18-36" type="drug" text="thyroid medication"/><entity id="DrugDDI.d152.s0.e1" origId="s0.p5" charOffset="44-57" type="drug" text="levothyroxine"/><entity id="DrugDDI.d152.s0.e2" origId="s0.p8" charOffset="60-78" type="drug" text="iodine-containing"/><entity id="DrugDDI.d152.s0.e3" origId="s0.p9" charOffset="88-96" type="drug" text="antacids"/><entity id="DrugDDI.d152.s0.e4" origId="s0.p13" charOffset="120-130" type="drug" text="famotidine"/><entity id="DrugDDI.d152.s0.e5" origId="s0.p14" charOffset="132-142" type="drug" text="ranitidine"/><entity id="DrugDDI.d152.s0.e6" origId="s0.p18" charOffset="149-171" type="drug" text="proton pump inhibitors"/><entity id="DrugDDI.d152.s0.e7" origId="s0.p21" charOffset="179-191" type="drug" text="lansoprazole"/><entity id="DrugDDI.d152.s0.e8" origId="s0.p22" charOffset="193-203" type="drug" text="omeprazole"/><pair id="DrugDDI.d152.s0.p0" e1="DrugDDI.d152.s0.e0" e2="DrugDDI.d152.s0.e1" interaction="false"/><pair id="DrugDDI.d152.s0.p1" e1="DrugDDI.d152.s0.e0" e2="DrugDDI.d152.s0.e2" interaction="false"/><pair id="DrugDDI.d152.s0.p2" e1="DrugDDI.d152.s0.e0" e2="DrugDDI.d152.s0.e3" interaction="false"/><pair id="DrugDDI.d152.s0.p3" e1="DrugDDI.d152.s0.e0" e2="DrugDDI.d152.s0.e4" interaction="false"/><pair id="DrugDDI.d152.s0.p4" e1="DrugDDI.d152.s0.e0" e2="DrugDDI.d152.s0.e5" interaction="false"/><pair id="DrugDDI.d152.s0.p5" e1="DrugDDI.d152.s0.e0" e2="DrugDDI.d152.s0.e6" interaction="false"/><pair id="DrugDDI.d152.s0.p6" e1="DrugDDI.d152.s0.e0" e2="DrugDDI.d152.s0.e7" interaction="false"/><pair id="DrugDDI.d152.s0.p7" e1="DrugDDI.d152.s0.e0" e2="DrugDDI.d152.s0.e8" interaction="false"/><pair id="DrugDDI.d152.s0.p8" e1="DrugDDI.d152.s0.e1" e2="DrugDDI.d152.s0.e2" interaction="false"/><pair id="DrugDDI.d152.s0.p9" e1="DrugDDI.d152.s0.e1" e2="DrugDDI.d152.s0.e3" interaction="false"/><pair id="DrugDDI.d152.s0.p10" e1="DrugDDI.d152.s0.e1" e2="DrugDDI.d152.s0.e4" interaction="false"/><pair id="DrugDDI.d152.s0.p11" e1="DrugDDI.d152.s0.e1" e2="DrugDDI.d152.s0.e5" interaction="false"/><pair id="DrugDDI.d152.s0.p12" e1="DrugDDI.d152.s0.e1" e2="DrugDDI.d152.s0.e6" interaction="false"/><pair id="DrugDDI.d152.s0.p13" e1="DrugDDI.d152.s0.e1" e2="DrugDDI.d152.s0.e7" interaction="false"/><pair id="DrugDDI.d152.s0.p14" e1="DrugDDI.d152.s0.e1" e2="DrugDDI.d152.s0.e8" interaction="false"/><pair id="DrugDDI.d152.s0.p15" e1="DrugDDI.d152.s0.e2" e2="DrugDDI.d152.s0.e3" interaction="false"/><pair id="DrugDDI.d152.s0.p16" e1="DrugDDI.d152.s0.e2" e2="DrugDDI.d152.s0.e4" interaction="false"/><pair id="DrugDDI.d152.s0.p17" e1="DrugDDI.d152.s0.e2" e2="DrugDDI.d152.s0.e5" interaction="false"/><pair id="DrugDDI.d152.s0.p18" e1="DrugDDI.d152.s0.e2" e2="DrugDDI.d152.s0.e6" interaction="false"/><pair id="DrugDDI.d152.s0.p19" e1="DrugDDI.d152.s0.e2" e2="DrugDDI.d152.s0.e7" interaction="false"/><pair id="DrugDDI.d152.s0.p20" e1="DrugDDI.d152.s0.e2" e2="DrugDDI.d152.s0.e8" interaction="false"/><pair id="DrugDDI.d152.s0.p21" e1="DrugDDI.d152.s0.e3" e2="DrugDDI.d152.s0.e4" interaction="false"/><pair id="DrugDDI.d152.s0.p22" e1="DrugDDI.d152.s0.e3" e2="DrugDDI.d152.s0.e5" interaction="false"/><pair id="DrugDDI.d152.s0.p23" e1="DrugDDI.d152.s0.e3" e2="DrugDDI.d152.s0.e6" interaction="false"/><pair id="DrugDDI.d152.s0.p24" e1="DrugDDI.d152.s0.e3" e2="DrugDDI.d152.s0.e7" interaction="false"/><pair id="DrugDDI.d152.s0.p25" e1="DrugDDI.d152.s0.e3" e2="DrugDDI.d152.s0.e8" interaction="false"/><pair id="DrugDDI.d152.s0.p26" e1="DrugDDI.d152.s0.e4" e2="DrugDDI.d152.s0.e5" interaction="false"/><pair id="DrugDDI.d152.s0.p27" e1="DrugDDI.d152.s0.e4" e2="DrugDDI.d152.s0.e6" interaction="false"/><pair id="DrugDDI.d152.s0.p28" e1="DrugDDI.d152.s0.e4" e2="DrugDDI.d152.s0.e7" interaction="false"/><pair id="DrugDDI.d152.s0.p29" e1="DrugDDI.d152.s0.e4" e2="DrugDDI.d152.s0.e8" interaction="false"/><pair id="DrugDDI.d152.s0.p30" e1="DrugDDI.d152.s0.e5" e2="DrugDDI.d152.s0.e6" interaction="false"/><pair id="DrugDDI.d152.s0.p31" e1="DrugDDI.d152.s0.e5" e2="DrugDDI.d152.s0.e7" interaction="false"/><pair id="DrugDDI.d152.s0.p32" e1="DrugDDI.d152.s0.e5" e2="DrugDDI.d152.s0.e8" interaction="false"/><pair id="DrugDDI.d152.s0.p33" e1="DrugDDI.d152.s0.e6" e2="DrugDDI.d152.s0.e7" interaction="false"/><pair id="DrugDDI.d152.s0.p34" e1="DrugDDI.d152.s0.e6" e2="DrugDDI.d152.s0.e8" interaction="false"/><pair id="DrugDDI.d152.s0.p35" e1="DrugDDI.d152.s0.e7" e2="DrugDDI.d152.s0.e8" interaction="false"/></sentence><sentence id="DrugDDI.d152.s1" origId="s1" text="This product can affect the results of certain lab tests."/></document>