<?xml version="1.0" encoding="UTF-8"?>
<document id="DrugDDI.d186" origId="Diclofenac"><sentence id="DrugDDI.d186.s0" origId="s0" text="Aspirin: Concomitant administration of diclofenac and aspirin is not recommended because diclofenac is displaced from its binding sites during the concomitant administration of aspirin, resulting in lower plasma concentrations, peak plasma levels, and AUC values."><entity id="DrugDDI.d186.s0.e0" origId="s0.p0" charOffset="0-7" type="drug" text="Aspirin"/><entity id="DrugDDI.d186.s0.e1" origId="s0.p3" charOffset="39-49" type="drug" text="diclofenac"/><entity id="DrugDDI.d186.s0.e2" origId="s0.p5" charOffset="54-61" type="drug" text="aspirin"/><entity id="DrugDDI.d186.s0.e3" origId="s0.p10" charOffset="89-99" type="drug" text="diclofenac"/><entity id="DrugDDI.d186.s0.e4" origId="s0.p15" charOffset="177-184" type="drug" text="aspirin"/><pair id="DrugDDI.d186.s0.p0" e1="DrugDDI.d186.s0.e0" e2="DrugDDI.d186.s0.e1" interaction="false"/><pair id="DrugDDI.d186.s0.p1" e1="DrugDDI.d186.s0.e0" e2="DrugDDI.d186.s0.e2" interaction="false"/><pair id="DrugDDI.d186.s0.p2" e1="DrugDDI.d186.s0.e0" e2="DrugDDI.d186.s0.e3" interaction="false"/><pair id="DrugDDI.d186.s0.p3" e1="DrugDDI.d186.s0.e0" e2="DrugDDI.d186.s0.e4" interaction="false"/><pair id="DrugDDI.d186.s0.p4" e1="DrugDDI.d186.s0.e1" e2="DrugDDI.d186.s0.e2" interaction="true"/><pair id="DrugDDI.d186.s0.p5" e1="DrugDDI.d186.s0.e1" e2="DrugDDI.d186.s0.e3" interaction="false"/><pair id="DrugDDI.d186.s0.p6" e1="DrugDDI.d186.s0.e1" e2="DrugDDI.d186.s0.e4" interaction="false"/><pair id="DrugDDI.d186.s0.p7" e1="DrugDDI.d186.s0.e2" e2="DrugDDI.d186.s0.e3" interaction="false"/><pair id="DrugDDI.d186.s0.p8" e1="DrugDDI.d186.s0.e2" e2="DrugDDI.d186.s0.e4" interaction="false"/><pair id="DrugDDI.d186.s0.p9" e1="DrugDDI.d186.s0.e3" e2="DrugDDI.d186.s0.e4" interaction="false"/></sentence><sentence id="DrugDDI.d186.s1" origId="s1" text="Anticoagulants: While studies have not shown diclofenac to interact with anticoagulants of the warfarin type, caution should be exercised, nonetheless, since interactions have been seen with other NSAIDs."><entity id="DrugDDI.d186.s1.e0" origId="s1.p21" charOffset="0-14" type="drug" text="Anticoagulants"/><entity id="DrugDDI.d186.s1.e1" origId="s1.p28" charOffset="45-55" type="drug" text="diclofenac"/><entity id="DrugDDI.d186.s1.e2" origId="s1.p30" charOffset="73-87" type="drug" text="anticoagulants"/><entity id="DrugDDI.d186.s1.e3" origId="s1.p31" charOffset="95-103" type="drug" text="warfarin"/><entity id="DrugDDI.d186.s1.e4" origId="s1.p43" charOffset="197-203" type="drug" text="NSAIDs"/><pair id="DrugDDI.d186.s1.p0" e1="DrugDDI.d186.s1.e0" e2="DrugDDI.d186.s1.e1" interaction="false"/><pair id="DrugDDI.d186.s1.p1" e1="DrugDDI.d186.s1.e0" e2="DrugDDI.d186.s1.e2" interaction="false"/><pair id="DrugDDI.d186.s1.p2" e1="DrugDDI.d186.s1.e0" e2="DrugDDI.d186.s1.e3" interaction="false"/><pair id="DrugDDI.d186.s1.p3" e1="DrugDDI.d186.s1.e0" e2="DrugDDI.d186.s1.e4" interaction="false"/><pair id="DrugDDI.d186.s1.p4" e1="DrugDDI.d186.s1.e1" e2="DrugDDI.d186.s1.e2" interaction="false"/><pair id="DrugDDI.d186.s1.p5" e1="DrugDDI.d186.s1.e1" e2="DrugDDI.d186.s1.e3" interaction="false"/><pair id="DrugDDI.d186.s1.p6" e1="DrugDDI.d186.s1.e1" e2="DrugDDI.d186.s1.e4" interaction="true"/><pair id="DrugDDI.d186.s1.p7" e1="DrugDDI.d186.s1.e2" e2="DrugDDI.d186.s1.e3" interaction="false"/><pair id="DrugDDI.d186.s1.p8" e1="DrugDDI.d186.s1.e2" e2="DrugDDI.d186.s1.e4" interaction="false"/><pair id="DrugDDI.d186.s1.p9" e1="DrugDDI.d186.s1.e3" e2="DrugDDI.d186.s1.e4" interaction="false"/></sentence><sentence id="DrugDDI.d186.s2" origId="s2" text="Because prostaglandins play an important role in hemostasis, and NSAIDs affect platelet function as well, concurrent therapy with all NSAIDs, including diclofenac, and warfarin requires close monitoring of patients to be certain that no change in their anticoagulant dosage is required."><entity id="DrugDDI.d186.s2.e0" origId="s2.p45" charOffset="8-22" type="drug" text="prostaglandins"/><entity id="DrugDDI.d186.s2.e1" origId="s2.p50" charOffset="65-71" type="drug" text="NSAIDs"/><entity id="DrugDDI.d186.s2.e2" origId="s2.p55" charOffset="134-140" type="drug" text="NSAIDs"/><entity id="DrugDDI.d186.s2.e3" origId="s2.p57" charOffset="152-162" type="drug" text="diclofenac"/><entity id="DrugDDI.d186.s2.e4" origId="s2.p59" charOffset="168-176" type="drug" text="warfarin"/><entity id="DrugDDI.d186.s2.e5" origId="s2.p66" charOffset="253-266" type="drug" text="anticoagulant"/><pair id="DrugDDI.d186.s2.p0" e1="DrugDDI.d186.s2.e0" e2="DrugDDI.d186.s2.e1" interaction="false"/><pair id="DrugDDI.d186.s2.p1" e1="DrugDDI.d186.s2.e0" e2="DrugDDI.d186.s2.e2" interaction="false"/><pair id="DrugDDI.d186.s2.p2" e1="DrugDDI.d186.s2.e0" e2="DrugDDI.d186.s2.e3" interaction="false"/><pair id="DrugDDI.d186.s2.p3" e1="DrugDDI.d186.s2.e0" e2="DrugDDI.d186.s2.e4" interaction="false"/><pair id="DrugDDI.d186.s2.p4" e1="DrugDDI.d186.s2.e0" e2="DrugDDI.d186.s2.e5" interaction="false"/><pair id="DrugDDI.d186.s2.p5" e1="DrugDDI.d186.s2.e1" e2="DrugDDI.d186.s2.e2" interaction="false"/><pair id="DrugDDI.d186.s2.p6" e1="DrugDDI.d186.s2.e1" e2="DrugDDI.d186.s2.e3" interaction="false"/><pair id="DrugDDI.d186.s2.p7" e1="DrugDDI.d186.s2.e1" e2="DrugDDI.d186.s2.e4" interaction="false"/><pair id="DrugDDI.d186.s2.p8" e1="DrugDDI.d186.s2.e1" e2="DrugDDI.d186.s2.e5" interaction="false"/><pair id="DrugDDI.d186.s2.p9" e1="DrugDDI.d186.s2.e2" e2="DrugDDI.d186.s2.e3" interaction="false"/><pair id="DrugDDI.d186.s2.p10" e1="DrugDDI.d186.s2.e2" e2="DrugDDI.d186.s2.e4" interaction="false"/><pair id="DrugDDI.d186.s2.p11" e1="DrugDDI.d186.s2.e2" e2="DrugDDI.d186.s2.e5" interaction="false"/><pair id="DrugDDI.d186.s2.p12" e1="DrugDDI.d186.s2.e3" e2="DrugDDI.d186.s2.e4" interaction="false"/><pair id="DrugDDI.d186.s2.p13" e1="DrugDDI.d186.s2.e3" e2="DrugDDI.d186.s2.e5" interaction="false"/><pair id="DrugDDI.d186.s2.p14" e1="DrugDDI.d186.s2.e4" e2="DrugDDI.d186.s2.e5" interaction="false"/></sentence><sentence id="DrugDDI.d186.s3" origId="s3" text="Digoxin, Methotrexate, Cyclosporine: Diclofenac, like other NSAIDs, may affect renal prostaglandins and increase the toxicity of certain drugs."><entity id="DrugDDI.d186.s3.e0" origId="s3.p69" charOffset="0-7" type="drug" text="Digoxin"/><entity id="DrugDDI.d186.s3.e1" origId="s3.p70" charOffset="9-21" type="drug" text="Methotrexate"/><entity id="DrugDDI.d186.s3.e2" origId="s3.p71" charOffset="23-35" type="drug" text="Cyclosporine"/><entity id="DrugDDI.d186.s3.e3" origId="s3.p73" charOffset="37-47" type="drug" text="Diclofenac"/><entity id="DrugDDI.d186.s3.e4" origId="s3.p74" charOffset="60-66" type="drug" text="NSAIDs"/><entity id="DrugDDI.d186.s3.e5" origId="s3.p77" charOffset="85-99" type="drug" text="prostaglandins"/><entity id="DrugDDI.d186.s3.e6" origId="s3.p81" charOffset="137-142" type="drug" text="drugs"/><pair id="DrugDDI.d186.s3.p0" e1="DrugDDI.d186.s3.e0" e2="DrugDDI.d186.s3.e1" interaction="false"/><pair id="DrugDDI.d186.s3.p1" e1="DrugDDI.d186.s3.e0" e2="DrugDDI.d186.s3.e2" interaction="false"/><pair id="DrugDDI.d186.s3.p2" e1="DrugDDI.d186.s3.e0" e2="DrugDDI.d186.s3.e3" interaction="false"/><pair id="DrugDDI.d186.s3.p3" e1="DrugDDI.d186.s3.e0" e2="DrugDDI.d186.s3.e4" interaction="false"/><pair id="DrugDDI.d186.s3.p4" e1="DrugDDI.d186.s3.e0" e2="DrugDDI.d186.s3.e5" interaction="false"/><pair id="DrugDDI.d186.s3.p5" e1="DrugDDI.d186.s3.e0" e2="DrugDDI.d186.s3.e6" interaction="false"/><pair id="DrugDDI.d186.s3.p6" e1="DrugDDI.d186.s3.e1" e2="DrugDDI.d186.s3.e2" interaction="false"/><pair id="DrugDDI.d186.s3.p7" e1="DrugDDI.d186.s3.e1" e2="DrugDDI.d186.s3.e3" interaction="false"/><pair id="DrugDDI.d186.s3.p8" e1="DrugDDI.d186.s3.e1" e2="DrugDDI.d186.s3.e4" interaction="false"/><pair id="DrugDDI.d186.s3.p9" e1="DrugDDI.d186.s3.e1" e2="DrugDDI.d186.s3.e5" interaction="false"/><pair id="DrugDDI.d186.s3.p10" e1="DrugDDI.d186.s3.e1" e2="DrugDDI.d186.s3.e6" interaction="false"/><pair id="DrugDDI.d186.s3.p11" e1="DrugDDI.d186.s3.e2" e2="DrugDDI.d186.s3.e3" interaction="false"/><pair id="DrugDDI.d186.s3.p12" e1="DrugDDI.d186.s3.e2" e2="DrugDDI.d186.s3.e4" interaction="false"/><pair id="DrugDDI.d186.s3.p13" e1="DrugDDI.d186.s3.e2" e2="DrugDDI.d186.s3.e5" interaction="false"/><pair id="DrugDDI.d186.s3.p14" e1="DrugDDI.d186.s3.e2" e2="DrugDDI.d186.s3.e6" interaction="false"/><pair id="DrugDDI.d186.s3.p15" e1="DrugDDI.d186.s3.e3" e2="DrugDDI.d186.s3.e4" interaction="false"/><pair id="DrugDDI.d186.s3.p16" e1="DrugDDI.d186.s3.e3" e2="DrugDDI.d186.s3.e5" interaction="true"/><pair id="DrugDDI.d186.s3.p17" e1="DrugDDI.d186.s3.e3" e2="DrugDDI.d186.s3.e6" interaction="true"/><pair id="DrugDDI.d186.s3.p18" e1="DrugDDI.d186.s3.e4" e2="DrugDDI.d186.s3.e5" interaction="true"/><pair id="DrugDDI.d186.s3.p19" e1="DrugDDI.d186.s3.e4" e2="DrugDDI.d186.s3.e6" interaction="true"/><pair id="DrugDDI.d186.s3.p20" e1="DrugDDI.d186.s3.e5" e2="DrugDDI.d186.s3.e6" interaction="false"/></sentence><sentence id="DrugDDI.d186.s4" origId="s4" text="Ingestion of diclofenac may increase serum concentrations of digoxin and methotrexate and increase cyclosporine?s nephrotoxicity."><entity id="DrugDDI.d186.s4.e0" origId="s4.p83" charOffset="13-23" type="drug" text="diclofenac"/><entity id="DrugDDI.d186.s4.e1" origId="s4.p87" charOffset="61-68" type="drug" text="digoxin"/><entity id="DrugDDI.d186.s4.e2" origId="s4.p89" charOffset="73-85" type="drug" text="methotrexate"/><pair id="DrugDDI.d186.s4.p0" e1="DrugDDI.d186.s4.e0" e2="DrugDDI.d186.s4.e1" interaction="true"/><pair id="DrugDDI.d186.s4.p1" e1="DrugDDI.d186.s4.e0" e2="DrugDDI.d186.s4.e2" interaction="true"/><pair id="DrugDDI.d186.s4.p2" e1="DrugDDI.d186.s4.e1" e2="DrugDDI.d186.s4.e2" interaction="false"/></sentence><sentence id="DrugDDI.d186.s5" origId="s5" text="Patients who begin taking diclofenac or who increase their diclofenac dose or any other NSAID while taking digoxin, methotrexate, or cyclosporine may develop toxicity characteristics for these drugs."><entity id="DrugDDI.d186.s5.e0" origId="s5.p96" charOffset="26-36" type="drug" text="diclofenac"/><entity id="DrugDDI.d186.s5.e1" origId="s5.p100" charOffset="59-69" type="drug" text="diclofenac"/><entity id="DrugDDI.d186.s5.e2" origId="s5.p102" charOffset="88-93" type="drug" text="NSAID"/><entity id="DrugDDI.d186.s5.e3" origId="s5.p104" charOffset="107-114" type="drug" text="digoxin"/><entity id="DrugDDI.d186.s5.e4" origId="s5.p105" charOffset="116-128" type="drug" text="methotrexate"/><entity id="DrugDDI.d186.s5.e5" origId="s5.p107" charOffset="133-145" type="drug" text="cyclosporine"/><entity id="DrugDDI.d186.s5.e6" origId="s5.p111" charOffset="193-198" type="drug" text="drugs"/><pair id="DrugDDI.d186.s5.p0" e1="DrugDDI.d186.s5.e0" e2="DrugDDI.d186.s5.e1" interaction="false"/><pair id="DrugDDI.d186.s5.p1" e1="DrugDDI.d186.s5.e0" e2="DrugDDI.d186.s5.e2" interaction="false"/><pair id="DrugDDI.d186.s5.p2" e1="DrugDDI.d186.s5.e0" e2="DrugDDI.d186.s5.e3" interaction="true"/><pair id="DrugDDI.d186.s5.p3" e1="DrugDDI.d186.s5.e0" e2="DrugDDI.d186.s5.e4" interaction="true"/><pair id="DrugDDI.d186.s5.p4" e1="DrugDDI.d186.s5.e0" e2="DrugDDI.d186.s5.e5" interaction="true"/><pair id="DrugDDI.d186.s5.p5" e1="DrugDDI.d186.s5.e0" e2="DrugDDI.d186.s5.e6" interaction="false"/><pair id="DrugDDI.d186.s5.p6" e1="DrugDDI.d186.s5.e1" e2="DrugDDI.d186.s5.e2" interaction="false"/><pair id="DrugDDI.d186.s5.p7" e1="DrugDDI.d186.s5.e1" e2="DrugDDI.d186.s5.e3" interaction="false"/><pair id="DrugDDI.d186.s5.p8" e1="DrugDDI.d186.s5.e1" e2="DrugDDI.d186.s5.e4" interaction="false"/><pair id="DrugDDI.d186.s5.p9" e1="DrugDDI.d186.s5.e1" e2="DrugDDI.d186.s5.e5" interaction="false"/><pair id="DrugDDI.d186.s5.p10" e1="DrugDDI.d186.s5.e1" e2="DrugDDI.d186.s5.e6" interaction="false"/><pair id="DrugDDI.d186.s5.p11" e1="DrugDDI.d186.s5.e2" e2="DrugDDI.d186.s5.e3" interaction="true"/><pair id="DrugDDI.d186.s5.p12" e1="DrugDDI.d186.s5.e2" e2="DrugDDI.d186.s5.e4" interaction="true"/><pair id="DrugDDI.d186.s5.p13" e1="DrugDDI.d186.s5.e2" e2="DrugDDI.d186.s5.e5" interaction="true"/><pair id="DrugDDI.d186.s5.p14" e1="DrugDDI.d186.s5.e2" e2="DrugDDI.d186.s5.e6" interaction="false"/><pair id="DrugDDI.d186.s5.p15" e1="DrugDDI.d186.s5.e3" e2="DrugDDI.d186.s5.e4" interaction="false"/><pair id="DrugDDI.d186.s5.p16" e1="DrugDDI.d186.s5.e3" e2="DrugDDI.d186.s5.e5" interaction="false"/><pair id="DrugDDI.d186.s5.p17" e1="DrugDDI.d186.s5.e3" e2="DrugDDI.d186.s5.e6" interaction="false"/><pair id="DrugDDI.d186.s5.p18" e1="DrugDDI.d186.s5.e4" e2="DrugDDI.d186.s5.e5" interaction="false"/><pair id="DrugDDI.d186.s5.p19" e1="DrugDDI.d186.s5.e4" e2="DrugDDI.d186.s5.e6" interaction="false"/><pair id="DrugDDI.d186.s5.p20" e1="DrugDDI.d186.s5.e5" e2="DrugDDI.d186.s5.e6" interaction="false"/></sentence><sentence id="DrugDDI.d186.s6" origId="s6" text="They should be observed closely, particularly if renal function is impaired."/><sentence id="DrugDDI.d186.s7" origId="s7" text="In the case of digoxin, serum levels should be monitored."><entity id="DrugDDI.d186.s7.e0" origId="s7.p123" charOffset="15-22" type="drug" text="digoxin"/></sentence><sentence id="DrugDDI.d186.s8" origId="s8" text="Lithium: Diclofenac decreases lithium renal clearance and increases lithium plasma levels."><entity id="DrugDDI.d186.s8.e0" origId="s8.p128" charOffset="0-7" type="drug" text="Lithium"/><entity id="DrugDDI.d186.s8.e1" origId="s8.p130" charOffset="9-19" type="drug" text="Diclofenac"/><pair id="DrugDDI.d186.s8.p0" e1="DrugDDI.d186.s8.e0" e2="DrugDDI.d186.s8.e1" interaction="false"/></sentence><sentence id="DrugDDI.d186.s9" origId="s9" text="In patients taking diclofenac and lithium concomitantly, lithium toxicity may develop."><entity id="DrugDDI.d186.s9.e0" origId="s9.p138" charOffset="19-29" type="drug" text="diclofenac"/><entity id="DrugDDI.d186.s9.e1" origId="s9.p140" charOffset="34-41" type="drug" text="lithium"/><pair id="DrugDDI.d186.s9.p0" e1="DrugDDI.d186.s9.e0" e2="DrugDDI.d186.s9.e1" interaction="true"/></sentence><sentence id="DrugDDI.d186.s10" origId="s10" text="Oral Hypoglycemics: Diclofenac does not alter glucose metabolism in normal subjects nor does it alter the effects of oral hypoglycemic agents."><entity id="DrugDDI.d186.s10.e0" origId="s10.p144" charOffset="0-18" type="drug" text="oral hypoglycemics"/><entity id="DrugDDI.d186.s10.e1" origId="s10.p146" charOffset="20-30" type="drug" text="Diclofenac"/><entity id="DrugDDI.d186.s10.e2" origId="s10.p157" charOffset="122-141" type="drug" text="hypoglycemic agents"/><pair id="DrugDDI.d186.s10.p0" e1="DrugDDI.d186.s10.e0" e2="DrugDDI.d186.s10.e1" interaction="false"/><pair id="DrugDDI.d186.s10.p1" e1="DrugDDI.d186.s10.e0" e2="DrugDDI.d186.s10.e2" interaction="false"/><pair id="DrugDDI.d186.s10.p2" e1="DrugDDI.d186.s10.e1" e2="DrugDDI.d186.s10.e2" interaction="false"/></sentence><sentence id="DrugDDI.d186.s11" origId="s11" text="There are rare reports, however, from marketing experiences, of changes in effects of insulin or oral hypoglycemic agents in the presence of diclofenac that necessitated changes in the doses of such agents."><entity id="DrugDDI.d186.s11.e0" origId="s11.p165" charOffset="86-93" type="drug" text="insulin"/><entity id="DrugDDI.d186.s11.e1" origId="s11.p167" charOffset="102-121" type="drug" text="hypoglycemic agents"/><entity id="DrugDDI.d186.s11.e2" origId="s11.p169" charOffset="141-151" type="drug" text="diclofenac"/><pair id="DrugDDI.d186.s11.p0" e1="DrugDDI.d186.s11.e0" e2="DrugDDI.d186.s11.e1" interaction="false"/><pair id="DrugDDI.d186.s11.p1" e1="DrugDDI.d186.s11.e0" e2="DrugDDI.d186.s11.e2" interaction="true"/><pair id="DrugDDI.d186.s11.p2" e1="DrugDDI.d186.s11.e1" e2="DrugDDI.d186.s11.e2" interaction="true"/></sentence><sentence id="DrugDDI.d186.s12" origId="s12" text="Both hypo- and hyperglycemic effects have been reported."/><sentence id="DrugDDI.d186.s13" origId="s13" text="A direct causal relationship has not been established, but physicians should consider the possibility that diclofenac may alter a diabetic patient?s response to insulin or oral hypoglycemic agents."><entity id="DrugDDI.d186.s13.e0" origId="s13.p191" charOffset="107-117" type="drug" text="diclofenac"/><entity id="DrugDDI.d186.s13.e1" origId="s13.p195" charOffset="161-168" type="drug" text="insulin"/><entity id="DrugDDI.d186.s13.e2" origId="s13.p197" charOffset="177-196" type="drug" text="hypoglycemic agents"/><pair id="DrugDDI.d186.s13.p0" e1="DrugDDI.d186.s13.e0" e2="DrugDDI.d186.s13.e1" interaction="true"/><pair id="DrugDDI.d186.s13.p1" e1="DrugDDI.d186.s13.e0" e2="DrugDDI.d186.s13.e2" interaction="true"/><pair id="DrugDDI.d186.s13.p2" e1="DrugDDI.d186.s13.e1" e2="DrugDDI.d186.s13.e2" interaction="false"/></sentence><sentence id="DrugDDI.d186.s14" origId="s14" text="Diuretics: Diclofenac and other NSAIDs can inhibit the activity of diuretics."><entity id="DrugDDI.d186.s14.e0" origId="s14.p198" charOffset="0-9" type="drug" text="Diuretics"/><entity id="DrugDDI.d186.s14.e1" origId="s14.p200" charOffset="11-21" type="drug" text="Diclofenac"/><entity id="DrugDDI.d186.s14.e2" origId="s14.p202" charOffset="32-38" type="drug" text="NSAIDs"/><entity id="DrugDDI.d186.s14.e3" origId="s14.p206" charOffset="67-76" type="drug" text="diuretics"/><pair id="DrugDDI.d186.s14.p0" e1="DrugDDI.d186.s14.e0" e2="DrugDDI.d186.s14.e1" interaction="false"/><pair id="DrugDDI.d186.s14.p1" e1="DrugDDI.d186.s14.e0" e2="DrugDDI.d186.s14.e2" interaction="false"/><pair id="DrugDDI.d186.s14.p2" e1="DrugDDI.d186.s14.e0" e2="DrugDDI.d186.s14.e3" interaction="false"/><pair id="DrugDDI.d186.s14.p3" e1="DrugDDI.d186.s14.e1" e2="DrugDDI.d186.s14.e2" interaction="false"/><pair id="DrugDDI.d186.s14.p4" e1="DrugDDI.d186.s14.e1" e2="DrugDDI.d186.s14.e3" interaction="true"/><pair id="DrugDDI.d186.s14.p5" e1="DrugDDI.d186.s14.e2" e2="DrugDDI.d186.s14.e3" interaction="true"/></sentence><sentence id="DrugDDI.d186.s15" origId="s15" text="Concomitant treatment with potassium-sparing diuretics may be associated with increased serum potassium levels."><entity id="DrugDDI.d186.s15.e0" origId="s15.p208" charOffset="27-54" type="drug" text="potassium-sparing diuretics"/></sentence><sentence id="DrugDDI.d186.s16" origId="s16" text="Other Drugs: In small groups of patients (7-10/interaction study), the concomitant administration of azathioprine, gold, chloroquine, D-penicillamine, prednisolone, doxycycline, or digitoxin did not significantly affect the peak levels and AUC values of diclofenac."><entity id="DrugDDI.d186.s16.e0" origId="s16.p213" charOffset="6-11" type="drug" text="Drugs"/><entity id="DrugDDI.d186.s16.e1" origId="s16.p222" charOffset="101-113" type="drug" text="azathioprine"/><entity id="DrugDDI.d186.s16.e2" origId="s16.p223" charOffset="115-119" type="drug" text="gold"/><entity id="DrugDDI.d186.s16.e3" origId="s16.p224" charOffset="121-132" type="drug" text="chloroquine"/><entity id="DrugDDI.d186.s16.e4" origId="s16.p225" charOffset="134-149" type="drug" text="D-penicillamine"/><entity id="DrugDDI.d186.s16.e5" origId="s16.p226" charOffset="151-163" type="drug" text="prednisolone"/><entity id="DrugDDI.d186.s16.e6" origId="s16.p227" charOffset="165-176" type="drug" text="doxycycline"/><entity id="DrugDDI.d186.s16.e7" origId="s16.p229" charOffset="181-190" type="drug" text="digitoxin"/><entity id="DrugDDI.d186.s16.e8" origId="s16.p236" charOffset="254-264" type="drug" text="diclofenac"/><pair id="DrugDDI.d186.s16.p0" e1="DrugDDI.d186.s16.e0" e2="DrugDDI.d186.s16.e1" interaction="false"/><pair id="DrugDDI.d186.s16.p1" e1="DrugDDI.d186.s16.e0" e2="DrugDDI.d186.s16.e2" interaction="false"/><pair id="DrugDDI.d186.s16.p2" e1="DrugDDI.d186.s16.e0" e2="DrugDDI.d186.s16.e3" interaction="false"/><pair id="DrugDDI.d186.s16.p3" e1="DrugDDI.d186.s16.e0" e2="DrugDDI.d186.s16.e4" interaction="false"/><pair id="DrugDDI.d186.s16.p4" e1="DrugDDI.d186.s16.e0" e2="DrugDDI.d186.s16.e5" interaction="false"/><pair id="DrugDDI.d186.s16.p5" e1="DrugDDI.d186.s16.e0" e2="DrugDDI.d186.s16.e6" interaction="false"/><pair id="DrugDDI.d186.s16.p6" e1="DrugDDI.d186.s16.e0" e2="DrugDDI.d186.s16.e7" interaction="false"/><pair id="DrugDDI.d186.s16.p7" e1="DrugDDI.d186.s16.e0" e2="DrugDDI.d186.s16.e8" interaction="false"/><pair id="DrugDDI.d186.s16.p8" e1="DrugDDI.d186.s16.e1" e2="DrugDDI.d186.s16.e2" interaction="false"/><pair id="DrugDDI.d186.s16.p9" e1="DrugDDI.d186.s16.e1" e2="DrugDDI.d186.s16.e3" interaction="false"/><pair id="DrugDDI.d186.s16.p10" e1="DrugDDI.d186.s16.e1" e2="DrugDDI.d186.s16.e4" interaction="false"/><pair id="DrugDDI.d186.s16.p11" e1="DrugDDI.d186.s16.e1" e2="DrugDDI.d186.s16.e5" interaction="false"/><pair id="DrugDDI.d186.s16.p12" e1="DrugDDI.d186.s16.e1" e2="DrugDDI.d186.s16.e6" interaction="false"/><pair id="DrugDDI.d186.s16.p13" e1="DrugDDI.d186.s16.e1" e2="DrugDDI.d186.s16.e7" interaction="false"/><pair id="DrugDDI.d186.s16.p14" e1="DrugDDI.d186.s16.e1" e2="DrugDDI.d186.s16.e8" interaction="false"/><pair id="DrugDDI.d186.s16.p15" e1="DrugDDI.d186.s16.e2" e2="DrugDDI.d186.s16.e3" interaction="false"/><pair id="DrugDDI.d186.s16.p16" e1="DrugDDI.d186.s16.e2" e2="DrugDDI.d186.s16.e4" interaction="false"/><pair id="DrugDDI.d186.s16.p17" e1="DrugDDI.d186.s16.e2" e2="DrugDDI.d186.s16.e5" interaction="false"/><pair id="DrugDDI.d186.s16.p18" e1="DrugDDI.d186.s16.e2" e2="DrugDDI.d186.s16.e6" interaction="false"/><pair id="DrugDDI.d186.s16.p19" e1="DrugDDI.d186.s16.e2" e2="DrugDDI.d186.s16.e7" interaction="false"/><pair id="DrugDDI.d186.s16.p20" e1="DrugDDI.d186.s16.e2" e2="DrugDDI.d186.s16.e8" interaction="false"/><pair id="DrugDDI.d186.s16.p21" e1="DrugDDI.d186.s16.e3" e2="DrugDDI.d186.s16.e4" interaction="false"/><pair id="DrugDDI.d186.s16.p22" e1="DrugDDI.d186.s16.e3" e2="DrugDDI.d186.s16.e5" interaction="false"/><pair id="DrugDDI.d186.s16.p23" e1="DrugDDI.d186.s16.e3" e2="DrugDDI.d186.s16.e6" interaction="false"/><pair id="DrugDDI.d186.s16.p24" e1="DrugDDI.d186.s16.e3" e2="DrugDDI.d186.s16.e7" interaction="false"/><pair id="DrugDDI.d186.s16.p25" e1="DrugDDI.d186.s16.e3" e2="DrugDDI.d186.s16.e8" interaction="false"/><pair id="DrugDDI.d186.s16.p26" e1="DrugDDI.d186.s16.e4" e2="DrugDDI.d186.s16.e5" interaction="false"/><pair id="DrugDDI.d186.s16.p27" e1="DrugDDI.d186.s16.e4" e2="DrugDDI.d186.s16.e6" interaction="false"/><pair id="DrugDDI.d186.s16.p28" e1="DrugDDI.d186.s16.e4" e2="DrugDDI.d186.s16.e7" interaction="false"/><pair id="DrugDDI.d186.s16.p29" e1="DrugDDI.d186.s16.e4" e2="DrugDDI.d186.s16.e8" interaction="false"/><pair id="DrugDDI.d186.s16.p30" e1="DrugDDI.d186.s16.e5" e2="DrugDDI.d186.s16.e6" interaction="false"/><pair id="DrugDDI.d186.s16.p31" e1="DrugDDI.d186.s16.e5" e2="DrugDDI.d186.s16.e7" interaction="false"/><pair id="DrugDDI.d186.s16.p32" e1="DrugDDI.d186.s16.e5" e2="DrugDDI.d186.s16.e8" interaction="false"/><pair id="DrugDDI.d186.s16.p33" e1="DrugDDI.d186.s16.e6" e2="DrugDDI.d186.s16.e7" interaction="false"/><pair id="DrugDDI.d186.s16.p34" e1="DrugDDI.d186.s16.e6" e2="DrugDDI.d186.s16.e8" interaction="false"/><pair id="DrugDDI.d186.s16.p35" e1="DrugDDI.d186.s16.e7" e2="DrugDDI.d186.s16.e8" interaction="false"/></sentence><sentence id="DrugDDI.d186.s17" origId="s17" text="Phenobarbital toxicity has been reported to have occurred in a patient on chronic phenobarbital treatment following the initiation of diclofenac therapy."><entity id="DrugDDI.d186.s17.e0" origId="s17.p248" charOffset="134-144" type="drug" text="diclofenac"/></sentence><sentence id="DrugDDI.d186.s18" origId="s18" text="Protein Binding In vitro, diclofenac interferes minimally or not at all with the protein binding of salicylic acid (20% decrease in binding), tolbutamide, prednisolone (10% decrease in binding), or warfarin."><entity id="DrugDDI.d186.s18.e0" origId="s18.p249" charOffset="26-36" type="drug" text="diclofenac"/><entity id="DrugDDI.d186.s18.e1" origId="s18.p256" charOffset="100-114" type="drug" text="salicylic acid"/><entity id="DrugDDI.d186.s18.e2" origId="s18.p262" charOffset="142-153" type="drug" text="tolbutamide"/><entity id="DrugDDI.d186.s18.e3" origId="s18.p263" charOffset="155-167" type="drug" text="prednisolone"/><entity id="DrugDDI.d186.s18.e4" origId="s18.p270" charOffset="198-206" type="drug" text="warfarin"/><pair id="DrugDDI.d186.s18.p0" e1="DrugDDI.d186.s18.e0" e2="DrugDDI.d186.s18.e1" interaction="true"/><pair id="DrugDDI.d186.s18.p1" e1="DrugDDI.d186.s18.e0" e2="DrugDDI.d186.s18.e2" interaction="true"/><pair id="DrugDDI.d186.s18.p2" e1="DrugDDI.d186.s18.e0" e2="DrugDDI.d186.s18.e3" interaction="true"/><pair id="DrugDDI.d186.s18.p3" e1="DrugDDI.d186.s18.e0" e2="DrugDDI.d186.s18.e4" interaction="true"/><pair id="DrugDDI.d186.s18.p4" e1="DrugDDI.d186.s18.e1" e2="DrugDDI.d186.s18.e2" interaction="false"/><pair id="DrugDDI.d186.s18.p5" e1="DrugDDI.d186.s18.e1" e2="DrugDDI.d186.s18.e3" interaction="false"/><pair id="DrugDDI.d186.s18.p6" e1="DrugDDI.d186.s18.e1" e2="DrugDDI.d186.s18.e4" interaction="false"/><pair id="DrugDDI.d186.s18.p7" e1="DrugDDI.d186.s18.e2" e2="DrugDDI.d186.s18.e3" interaction="false"/><pair id="DrugDDI.d186.s18.p8" e1="DrugDDI.d186.s18.e2" e2="DrugDDI.d186.s18.e4" interaction="false"/><pair id="DrugDDI.d186.s18.p9" e1="DrugDDI.d186.s18.e3" e2="DrugDDI.d186.s18.e4" interaction="false"/></sentence><sentence id="DrugDDI.d186.s19" origId="s19" text="Benzylpenicillin, ampicillin, oxacillin, chlortetracycline, doxycycline, cephalothin, erythromycin, and sulfamethoxazole have no influence in vitro on the protein binding of diclofenac in human serum."><entity id="DrugDDI.d186.s19.e0" origId="s19.p271" charOffset="0-16" type="drug" text="Benzylpenicillin"/><entity id="DrugDDI.d186.s19.e1" origId="s19.p272" charOffset="18-28" type="drug" text="ampicillin"/><entity id="DrugDDI.d186.s19.e2" origId="s19.p273" charOffset="30-39" type="drug" text="oxacillin"/><entity id="DrugDDI.d186.s19.e3" origId="s19.p274" charOffset="41-58" type="drug" text="chlortetracycline"/><entity id="DrugDDI.d186.s19.e4" origId="s19.p275" charOffset="60-71" type="drug" text="doxycycline"/><entity id="DrugDDI.d186.s19.e5" origId="s19.p276" charOffset="73-84" type="drug" text="cephalothin"/><entity id="DrugDDI.d186.s19.e6" origId="s19.p277" charOffset="86-98" type="drug" text="erythromycin"/><entity id="DrugDDI.d186.s19.e7" origId="s19.p279" charOffset="104-120" type="drug" text="sulfamethoxazole"/><entity id="DrugDDI.d186.s19.e8" origId="s19.p283" charOffset="174-184" type="drug" text="diclofenac"/><pair id="DrugDDI.d186.s19.p0" e1="DrugDDI.d186.s19.e0" e2="DrugDDI.d186.s19.e1" interaction="false"/><pair id="DrugDDI.d186.s19.p1" e1="DrugDDI.d186.s19.e0" e2="DrugDDI.d186.s19.e2" interaction="false"/><pair id="DrugDDI.d186.s19.p2" e1="DrugDDI.d186.s19.e0" e2="DrugDDI.d186.s19.e3" interaction="false"/><pair id="DrugDDI.d186.s19.p3" e1="DrugDDI.d186.s19.e0" e2="DrugDDI.d186.s19.e4" interaction="false"/><pair id="DrugDDI.d186.s19.p4" e1="DrugDDI.d186.s19.e0" e2="DrugDDI.d186.s19.e5" interaction="false"/><pair id="DrugDDI.d186.s19.p5" e1="DrugDDI.d186.s19.e0" e2="DrugDDI.d186.s19.e6" interaction="false"/><pair id="DrugDDI.d186.s19.p6" e1="DrugDDI.d186.s19.e0" e2="DrugDDI.d186.s19.e7" interaction="false"/><pair id="DrugDDI.d186.s19.p7" e1="DrugDDI.d186.s19.e0" e2="DrugDDI.d186.s19.e8" interaction="false"/><pair id="DrugDDI.d186.s19.p8" e1="DrugDDI.d186.s19.e1" e2="DrugDDI.d186.s19.e2" interaction="false"/><pair id="DrugDDI.d186.s19.p9" e1="DrugDDI.d186.s19.e1" e2="DrugDDI.d186.s19.e3" interaction="false"/><pair id="DrugDDI.d186.s19.p10" e1="DrugDDI.d186.s19.e1" e2="DrugDDI.d186.s19.e4" interaction="false"/><pair id="DrugDDI.d186.s19.p11" e1="DrugDDI.d186.s19.e1" e2="DrugDDI.d186.s19.e5" interaction="false"/><pair id="DrugDDI.d186.s19.p12" e1="DrugDDI.d186.s19.e1" e2="DrugDDI.d186.s19.e6" interaction="false"/><pair id="DrugDDI.d186.s19.p13" e1="DrugDDI.d186.s19.e1" e2="DrugDDI.d186.s19.e7" interaction="false"/><pair id="DrugDDI.d186.s19.p14" e1="DrugDDI.d186.s19.e1" e2="DrugDDI.d186.s19.e8" interaction="false"/><pair id="DrugDDI.d186.s19.p15" e1="DrugDDI.d186.s19.e2" e2="DrugDDI.d186.s19.e3" interaction="false"/><pair id="DrugDDI.d186.s19.p16" e1="DrugDDI.d186.s19.e2" e2="DrugDDI.d186.s19.e4" interaction="false"/><pair id="DrugDDI.d186.s19.p17" e1="DrugDDI.d186.s19.e2" e2="DrugDDI.d186.s19.e5" interaction="false"/><pair id="DrugDDI.d186.s19.p18" e1="DrugDDI.d186.s19.e2" e2="DrugDDI.d186.s19.e6" interaction="false"/><pair id="DrugDDI.d186.s19.p19" e1="DrugDDI.d186.s19.e2" e2="DrugDDI.d186.s19.e7" interaction="false"/><pair id="DrugDDI.d186.s19.p20" e1="DrugDDI.d186.s19.e2" e2="DrugDDI.d186.s19.e8" interaction="false"/><pair id="DrugDDI.d186.s19.p21" e1="DrugDDI.d186.s19.e3" e2="DrugDDI.d186.s19.e4" interaction="false"/><pair id="DrugDDI.d186.s19.p22" e1="DrugDDI.d186.s19.e3" e2="DrugDDI.d186.s19.e5" interaction="false"/><pair id="DrugDDI.d186.s19.p23" e1="DrugDDI.d186.s19.e3" e2="DrugDDI.d186.s19.e6" interaction="false"/><pair id="DrugDDI.d186.s19.p24" e1="DrugDDI.d186.s19.e3" e2="DrugDDI.d186.s19.e7" interaction="false"/><pair id="DrugDDI.d186.s19.p25" e1="DrugDDI.d186.s19.e3" e2="DrugDDI.d186.s19.e8" interaction="false"/><pair id="DrugDDI.d186.s19.p26" e1="DrugDDI.d186.s19.e4" e2="DrugDDI.d186.s19.e5" interaction="false"/><pair id="DrugDDI.d186.s19.p27" e1="DrugDDI.d186.s19.e4" e2="DrugDDI.d186.s19.e6" interaction="false"/><pair id="DrugDDI.d186.s19.p28" e1="DrugDDI.d186.s19.e4" e2="DrugDDI.d186.s19.e7" interaction="false"/><pair id="DrugDDI.d186.s19.p29" e1="DrugDDI.d186.s19.e4" e2="DrugDDI.d186.s19.e8" interaction="false"/><pair id="DrugDDI.d186.s19.p30" e1="DrugDDI.d186.s19.e5" e2="DrugDDI.d186.s19.e6" interaction="false"/><pair id="DrugDDI.d186.s19.p31" e1="DrugDDI.d186.s19.e5" e2="DrugDDI.d186.s19.e7" interaction="false"/><pair id="DrugDDI.d186.s19.p32" e1="DrugDDI.d186.s19.e5" e2="DrugDDI.d186.s19.e8" interaction="false"/><pair id="DrugDDI.d186.s19.p33" e1="DrugDDI.d186.s19.e6" e2="DrugDDI.d186.s19.e7" interaction="false"/><pair id="DrugDDI.d186.s19.p34" e1="DrugDDI.d186.s19.e6" e2="DrugDDI.d186.s19.e8" interaction="false"/><pair id="DrugDDI.d186.s19.p35" e1="DrugDDI.d186.s19.e7" e2="DrugDDI.d186.s19.e8" interaction="false"/></sentence><sentence id="DrugDDI.d186.s20" origId="s20" text="Drug/Laboratory Test Interactions Effect on Blood Coagulation: Diclofenac increases platelet aggregation time but does not affect bleeding time, plasma thrombin clotting time, plasma fibrinogen, or factors V and VII to XII."><entity id="DrugDDI.d186.s20.e0" origId="s20.p285" charOffset="0-4" type="drug" text="Drug"/><entity id="DrugDDI.d186.s20.e1" origId="s20.p289" charOffset="63-73" type="drug" text="Diclofenac"/><entity id="DrugDDI.d186.s20.e2" origId="s20.p300" charOffset="198-208" type="drug" text="factors V"/><pair id="DrugDDI.d186.s20.p0" e1="DrugDDI.d186.s20.e0" e2="DrugDDI.d186.s20.e1" interaction="false"/><pair id="DrugDDI.d186.s20.p1" e1="DrugDDI.d186.s20.e0" e2="DrugDDI.d186.s20.e2" interaction="false"/><pair id="DrugDDI.d186.s20.p2" e1="DrugDDI.d186.s20.e1" e2="DrugDDI.d186.s20.e2" interaction="false"/></sentence><sentence id="DrugDDI.d186.s21" origId="s21" text="Statistically significant changes in prothrombin and partial thromboplastin times have been reported in normal volunteers."><entity id="DrugDDI.d186.s21.e0" origId="s21.p305" charOffset="37-48" type="drug" text="prothrombin"/></sentence><sentence id="DrugDDI.d186.s22" origId="s22" text="The mean changes were observed to be less than 1 second in both instances, however, and are unlikely to be clinically important."/><sentence id="DrugDDI.d186.s23" origId="s23" text="Diclofenac is a prostaglandin synthetase inhibitor, however, and all drugs that inhibit prostaglandin synthesis interfere with platelet function to some degree;"><entity id="DrugDDI.d186.s23.e0" origId="s23.p328" charOffset="0-10" type="drug" text="Diclofenac"/><entity id="DrugDDI.d186.s23.e1" origId="s23.p330" charOffset="16-50" type="drug" text="prostaglandin synthetase inhibitor"/><entity id="DrugDDI.d186.s23.e2" origId="s23.p333" charOffset="69-74" type="drug" text="drugs"/><entity id="DrugDDI.d186.s23.e3" origId="s23.p336" charOffset="88-101" type="drug" text="prostaglandin"/><pair id="DrugDDI.d186.s23.p0" e1="DrugDDI.d186.s23.e0" e2="DrugDDI.d186.s23.e1" interaction="false"/><pair id="DrugDDI.d186.s23.p1" e1="DrugDDI.d186.s23.e0" e2="DrugDDI.d186.s23.e2" interaction="false"/><pair id="DrugDDI.d186.s23.p2" e1="DrugDDI.d186.s23.e0" e2="DrugDDI.d186.s23.e3" interaction="false"/><pair id="DrugDDI.d186.s23.p3" e1="DrugDDI.d186.s23.e1" e2="DrugDDI.d186.s23.e2" interaction="false"/><pair id="DrugDDI.d186.s23.p4" e1="DrugDDI.d186.s23.e1" e2="DrugDDI.d186.s23.e3" interaction="false"/><pair id="DrugDDI.d186.s23.p5" e1="DrugDDI.d186.s23.e2" e2="DrugDDI.d186.s23.e3" interaction="false"/></sentence><sentence id="DrugDDI.d186.s24" origId="s24" text="therefore, patients who may be adversely affected by such an action should be carefully observed."/></document>