<?xml version="1.0" encoding="UTF-8"?>
<document id="DrugDDI.d548" origId="Dicloxacillin"><sentence id="DrugDDI.d548.s0" origId="s0" text="Tetracycline, a bacteriostatic antibiotic, may antagonize the bactercidal effect of penicillin and concurrent use of these drugs should be avoided."><entity id="DrugDDI.d548.s0.e0" origId="s0.p0" charOffset="0-12" type="drug" text="Tetracycline"/><entity id="DrugDDI.d548.s0.e1" origId="s0.p1" charOffset="16-28" type="drug" text="bacteriostat"/><entity id="DrugDDI.d548.s0.e2" origId="s0.p5" charOffset="84-94" type="drug" text="penicillin"/><entity id="DrugDDI.d548.s0.e3" origId="s0.p8" charOffset="123-128" type="drug" text="drugs"/><pair id="DrugDDI.d548.s0.p0" e1="DrugDDI.d548.s0.e0" e2="DrugDDI.d548.s0.e1" interaction="true"/><pair id="DrugDDI.d548.s0.p1" e1="DrugDDI.d548.s0.e0" e2="DrugDDI.d548.s0.e2" interaction="true"/><pair id="DrugDDI.d548.s0.p2" e1="DrugDDI.d548.s0.e0" e2="DrugDDI.d548.s0.e3" interaction="false"/><pair id="DrugDDI.d548.s0.p3" e1="DrugDDI.d548.s0.e1" e2="DrugDDI.d548.s0.e2" interaction="false"/><pair id="DrugDDI.d548.s0.p4" e1="DrugDDI.d548.s0.e1" e2="DrugDDI.d548.s0.e3" interaction="false"/><pair id="DrugDDI.d548.s0.p5" e1="DrugDDI.d548.s0.e2" e2="DrugDDI.d548.s0.e3" interaction="false"/></sentence></document>