<?xml version="1.0" encoding="UTF-8"?>
<document id="DrugDDI.d503" origId="Dicyclomine"><sentence id="DrugDDI.d503.s0" origId="s0" text="The following agents may increase certain actions or side effects of anticholinergic drugs. amantadine antiarrhythmic agents of class (e.g. quinidine), antihistamines antipsychotic agents (e.g. phenothiazines), benzodiazepines."><entity id="DrugDDI.d503.s0.e0" origId="s0.p6" charOffset="69-90" type="drug" text="anticholinergic drugs"/><entity id="DrugDDI.d503.s0.e1" origId="s0.p7" charOffset="92-102" type="drug" text="amantadine"/><entity id="DrugDDI.d503.s0.e2" origId="s0.p10" charOffset="140-149" type="drug" text="quinidine"/><entity id="DrugDDI.d503.s0.e3" origId="s0.p13" charOffset="152-166" type="drug" text="antihistamines"/><entity id="DrugDDI.d503.s0.e4" origId="s0.p14" charOffset="167-187" type="drug" text="antipsychotic agents"/><entity id="DrugDDI.d503.s0.e5" origId="s0.p16" charOffset="194-208" type="drug" text="phenothiazines"/><entity id="DrugDDI.d503.s0.e6" origId="s0.p19" charOffset="211-226" type="drug" text="benzodiazepines"/><pair id="DrugDDI.d503.s0.p0" e1="DrugDDI.d503.s0.e0" e2="DrugDDI.d503.s0.e1" interaction="true"/><pair id="DrugDDI.d503.s0.p1" e1="DrugDDI.d503.s0.e0" e2="DrugDDI.d503.s0.e2" interaction="true"/><pair id="DrugDDI.d503.s0.p2" e1="DrugDDI.d503.s0.e0" e2="DrugDDI.d503.s0.e3" interaction="true"/><pair id="DrugDDI.d503.s0.p3" e1="DrugDDI.d503.s0.e0" e2="DrugDDI.d503.s0.e4" interaction="false"/><pair id="DrugDDI.d503.s0.p4" e1="DrugDDI.d503.s0.e0" e2="DrugDDI.d503.s0.e5" interaction="true"/><pair id="DrugDDI.d503.s0.p5" e1="DrugDDI.d503.s0.e0" e2="DrugDDI.d503.s0.e6" interaction="true"/><pair id="DrugDDI.d503.s0.p6" e1="DrugDDI.d503.s0.e1" e2="DrugDDI.d503.s0.e2" interaction="false"/><pair id="DrugDDI.d503.s0.p7" e1="DrugDDI.d503.s0.e1" e2="DrugDDI.d503.s0.e3" interaction="false"/><pair id="DrugDDI.d503.s0.p8" e1="DrugDDI.d503.s0.e1" e2="DrugDDI.d503.s0.e4" interaction="false"/><pair id="DrugDDI.d503.s0.p9" e1="DrugDDI.d503.s0.e1" e2="DrugDDI.d503.s0.e5" interaction="false"/><pair id="DrugDDI.d503.s0.p10" e1="DrugDDI.d503.s0.e1" e2="DrugDDI.d503.s0.e6" interaction="false"/><pair id="DrugDDI.d503.s0.p11" e1="DrugDDI.d503.s0.e2" e2="DrugDDI.d503.s0.e3" interaction="false"/><pair id="DrugDDI.d503.s0.p12" e1="DrugDDI.d503.s0.e2" e2="DrugDDI.d503.s0.e4" interaction="false"/><pair id="DrugDDI.d503.s0.p13" e1="DrugDDI.d503.s0.e2" e2="DrugDDI.d503.s0.e5" interaction="false"/><pair id="DrugDDI.d503.s0.p14" e1="DrugDDI.d503.s0.e2" e2="DrugDDI.d503.s0.e6" interaction="false"/><pair id="DrugDDI.d503.s0.p15" e1="DrugDDI.d503.s0.e3" e2="DrugDDI.d503.s0.e4" interaction="false"/><pair id="DrugDDI.d503.s0.p16" e1="DrugDDI.d503.s0.e3" e2="DrugDDI.d503.s0.e5" interaction="false"/><pair id="DrugDDI.d503.s0.p17" e1="DrugDDI.d503.s0.e3" e2="DrugDDI.d503.s0.e6" interaction="false"/><pair id="DrugDDI.d503.s0.p18" e1="DrugDDI.d503.s0.e4" e2="DrugDDI.d503.s0.e5" interaction="false"/><pair id="DrugDDI.d503.s0.p19" e1="DrugDDI.d503.s0.e4" e2="DrugDDI.d503.s0.e6" interaction="false"/><pair id="DrugDDI.d503.s0.p20" e1="DrugDDI.d503.s0.e5" e2="DrugDDI.d503.s0.e6" interaction="false"/></sentence><sentence id="DrugDDI.d503.s1" origId="s1" text="MAO inhibitors, narcotic analgesics (e.g., meperidine), nitrates and nitrites, sympathomimetic agents, tricyclic antidepressants, and other drugs having anticholinergic activity."><entity id="DrugDDI.d503.s1.e0" origId="s1.p20" charOffset="0-14" type="drug" text="MAO inhibitors"/><entity id="DrugDDI.d503.s1.e1" origId="s1.p21" charOffset="16-35" type="drug" text="narcotic analgesics"/><entity id="DrugDDI.d503.s1.e2" origId="s1.p24" charOffset="43-53" type="drug" text="meperidine"/><entity id="DrugDDI.d503.s1.e3" origId="s1.p27" charOffset="56-64" type="drug" text="nitrates"/><entity id="DrugDDI.d503.s1.e4" origId="s1.p29" charOffset="69-77" type="drug" text="nitrites"/><entity id="DrugDDI.d503.s1.e5" origId="s1.p30" charOffset="79-101" type="drug" text="sympathomimetic agents"/><entity id="DrugDDI.d503.s1.e6" origId="s1.p31" charOffset="103-128" type="drug" text="tricyclic antidepressants"/><entity id="DrugDDI.d503.s1.e7" origId="s1.p33" charOffset="140-145" type="drug" text="drugs"/><entity id="DrugDDI.d503.s1.e8" origId="s1.p35" charOffset="153-168" type="drug" text="anticholinergic"/><pair id="DrugDDI.d503.s1.p0" e1="DrugDDI.d503.s1.e0" e2="DrugDDI.d503.s1.e1" interaction="false"/><pair id="DrugDDI.d503.s1.p1" e1="DrugDDI.d503.s1.e0" e2="DrugDDI.d503.s1.e2" interaction="false"/><pair id="DrugDDI.d503.s1.p2" e1="DrugDDI.d503.s1.e0" e2="DrugDDI.d503.s1.e3" interaction="false"/><pair id="DrugDDI.d503.s1.p3" e1="DrugDDI.d503.s1.e0" e2="DrugDDI.d503.s1.e4" interaction="false"/><pair id="DrugDDI.d503.s1.p4" e1="DrugDDI.d503.s1.e0" e2="DrugDDI.d503.s1.e5" interaction="false"/><pair id="DrugDDI.d503.s1.p5" e1="DrugDDI.d503.s1.e0" e2="DrugDDI.d503.s1.e6" interaction="false"/><pair id="DrugDDI.d503.s1.p6" e1="DrugDDI.d503.s1.e0" e2="DrugDDI.d503.s1.e7" interaction="false"/><pair id="DrugDDI.d503.s1.p7" e1="DrugDDI.d503.s1.e0" e2="DrugDDI.d503.s1.e8" interaction="false"/><pair id="DrugDDI.d503.s1.p8" e1="DrugDDI.d503.s1.e1" e2="DrugDDI.d503.s1.e2" interaction="false"/><pair id="DrugDDI.d503.s1.p9" e1="DrugDDI.d503.s1.e1" e2="DrugDDI.d503.s1.e3" interaction="false"/><pair id="DrugDDI.d503.s1.p10" e1="DrugDDI.d503.s1.e1" e2="DrugDDI.d503.s1.e4" interaction="false"/><pair id="DrugDDI.d503.s1.p11" e1="DrugDDI.d503.s1.e1" e2="DrugDDI.d503.s1.e5" interaction="false"/><pair id="DrugDDI.d503.s1.p12" e1="DrugDDI.d503.s1.e1" e2="DrugDDI.d503.s1.e6" interaction="false"/><pair id="DrugDDI.d503.s1.p13" e1="DrugDDI.d503.s1.e1" e2="DrugDDI.d503.s1.e7" interaction="false"/><pair id="DrugDDI.d503.s1.p14" e1="DrugDDI.d503.s1.e1" e2="DrugDDI.d503.s1.e8" interaction="false"/><pair id="DrugDDI.d503.s1.p15" e1="DrugDDI.d503.s1.e2" e2="DrugDDI.d503.s1.e3" interaction="false"/><pair id="DrugDDI.d503.s1.p16" e1="DrugDDI.d503.s1.e2" e2="DrugDDI.d503.s1.e4" interaction="false"/><pair id="DrugDDI.d503.s1.p17" e1="DrugDDI.d503.s1.e2" e2="DrugDDI.d503.s1.e5" interaction="false"/><pair id="DrugDDI.d503.s1.p18" e1="DrugDDI.d503.s1.e2" e2="DrugDDI.d503.s1.e6" interaction="false"/><pair id="DrugDDI.d503.s1.p19" e1="DrugDDI.d503.s1.e2" e2="DrugDDI.d503.s1.e7" interaction="false"/><pair id="DrugDDI.d503.s1.p20" e1="DrugDDI.d503.s1.e2" e2="DrugDDI.d503.s1.e8" interaction="false"/><pair id="DrugDDI.d503.s1.p21" e1="DrugDDI.d503.s1.e3" e2="DrugDDI.d503.s1.e4" interaction="false"/><pair id="DrugDDI.d503.s1.p22" e1="DrugDDI.d503.s1.e3" e2="DrugDDI.d503.s1.e5" interaction="false"/><pair id="DrugDDI.d503.s1.p23" e1="DrugDDI.d503.s1.e3" e2="DrugDDI.d503.s1.e6" interaction="false"/><pair id="DrugDDI.d503.s1.p24" e1="DrugDDI.d503.s1.e3" e2="DrugDDI.d503.s1.e7" interaction="false"/><pair id="DrugDDI.d503.s1.p25" e1="DrugDDI.d503.s1.e3" e2="DrugDDI.d503.s1.e8" interaction="false"/><pair id="DrugDDI.d503.s1.p26" e1="DrugDDI.d503.s1.e4" e2="DrugDDI.d503.s1.e5" interaction="false"/><pair id="DrugDDI.d503.s1.p27" e1="DrugDDI.d503.s1.e4" e2="DrugDDI.d503.s1.e6" interaction="false"/><pair id="DrugDDI.d503.s1.p28" e1="DrugDDI.d503.s1.e4" e2="DrugDDI.d503.s1.e7" interaction="false"/><pair id="DrugDDI.d503.s1.p29" e1="DrugDDI.d503.s1.e4" e2="DrugDDI.d503.s1.e8" interaction="false"/><pair id="DrugDDI.d503.s1.p30" e1="DrugDDI.d503.s1.e5" e2="DrugDDI.d503.s1.e6" interaction="false"/><pair id="DrugDDI.d503.s1.p31" e1="DrugDDI.d503.s1.e5" e2="DrugDDI.d503.s1.e7" interaction="false"/><pair id="DrugDDI.d503.s1.p32" e1="DrugDDI.d503.s1.e5" e2="DrugDDI.d503.s1.e8" interaction="false"/><pair id="DrugDDI.d503.s1.p33" e1="DrugDDI.d503.s1.e6" e2="DrugDDI.d503.s1.e7" interaction="false"/><pair id="DrugDDI.d503.s1.p34" e1="DrugDDI.d503.s1.e6" e2="DrugDDI.d503.s1.e8" interaction="false"/><pair id="DrugDDI.d503.s1.p35" e1="DrugDDI.d503.s1.e7" e2="DrugDDI.d503.s1.e8" interaction="false"/></sentence><sentence id="DrugDDI.d503.s2" origId="s2" text="Anticholinergics antagonize the effects of antiglaucoma agents."><entity id="DrugDDI.d503.s2.e0" origId="s2.p36" charOffset="0-16" type="drug" text="Anticholinergics"/></sentence><sentence id="DrugDDI.d503.s3" origId="s3" text="Anticholinergic drugs in the presence of increased intraocular pressure may be hazardous when taken concurrently with agents such as corti costeroids.."><entity id="DrugDDI.d503.s3.e0" origId="s3.p40" charOffset="0-21" type="drug" text="Anticholinergic drugs"/></sentence><sentence id="DrugDDI.d503.s4" origId="s4" text="Anticholinergic agents may affect gastrointestinal absorption of various drugs, such as slowly dissolving dosage forms of digoxin;"><entity id="DrugDDI.d503.s4.e0" origId="s4.p51" charOffset="0-22" type="drug" text="Anticholinergic agents"/><entity id="DrugDDI.d503.s4.e1" origId="s4.p55" charOffset="73-78" type="drug" text="drugs"/><entity id="DrugDDI.d503.s4.e2" origId="s4.p60" charOffset="122-129" type="drug" text="digoxin"/><pair id="DrugDDI.d503.s4.p0" e1="DrugDDI.d503.s4.e0" e2="DrugDDI.d503.s4.e1" interaction="true"/><pair id="DrugDDI.d503.s4.p1" e1="DrugDDI.d503.s4.e0" e2="DrugDDI.d503.s4.e2" interaction="true"/><pair id="DrugDDI.d503.s4.p2" e1="DrugDDI.d503.s4.e1" e2="DrugDDI.d503.s4.e2" interaction="false"/></sentence><sentence id="DrugDDI.d503.s5" origId="s5" text="increased serum digoxin concentrations may result."><entity id="DrugDDI.d503.s5.e0" origId="s5.p62" charOffset="16-23" type="drug" text="digoxin"/></sentence><sentence id="DrugDDI.d503.s6" origId="s6" text="Anticholinergic drugs may antagonize the effects of the drugs that alter gastrointestinal motility, such as metoclopramide."><entity id="DrugDDI.d503.s6.e0" origId="s6.p65" charOffset="0-21" type="drug" text="Anticholinergic drugs"/><entity id="DrugDDI.d503.s6.e1" origId="s6.p69" charOffset="56-61" type="drug" text="drugs"/><entity id="DrugDDI.d503.s6.e2" origId="s6.p73" charOffset="108-123" type="drug" text="metoclopramide"/><pair id="DrugDDI.d503.s6.p0" e1="DrugDDI.d503.s6.e0" e2="DrugDDI.d503.s6.e1" interaction="true"/><pair id="DrugDDI.d503.s6.p1" e1="DrugDDI.d503.s6.e0" e2="DrugDDI.d503.s6.e2" interaction="true"/><pair id="DrugDDI.d503.s6.p2" e1="DrugDDI.d503.s6.e1" e2="DrugDDI.d503.s6.e2" interaction="false"/></sentence><sentence id="DrugDDI.d503.s7" origId="s7" text="Because antacids may interfere with the absorption of anticholinergic agents, simultaneous use of these drugs should be avoided."><entity id="DrugDDI.d503.s7.e0" origId="s7.p75" charOffset="8-16" type="drug" text="antacids"/><entity id="DrugDDI.d503.s7.e1" origId="s7.p79" charOffset="54-76" type="drug" text="anticholinergic agents"/><entity id="DrugDDI.d503.s7.e2" origId="s7.p81" charOffset="104-109" type="drug" text="drugs"/><pair id="DrugDDI.d503.s7.p0" e1="DrugDDI.d503.s7.e0" e2="DrugDDI.d503.s7.e1" interaction="true"/><pair id="DrugDDI.d503.s7.p1" e1="DrugDDI.d503.s7.e0" e2="DrugDDI.d503.s7.e2" interaction="false"/><pair id="DrugDDI.d503.s7.p2" e1="DrugDDI.d503.s7.e1" e2="DrugDDI.d503.s7.e2" interaction="false"/></sentence><sentence id="DrugDDI.d503.s8" origId="s8" text="The inhibiting effects of anticholinergic drugs on gastric hydrochloric acid secretion are antagonized by agents used to treat achlorhydria and those used to test gastric secretion."><entity id="DrugDDI.d503.s8.e0" origId="s8.p86" charOffset="26-47" type="drug" text="anticholinergic drugs"/></sentence></document>