<?xml version="1.0" encoding="UTF-8"?>
<document id="DrugDDI.d496" origId="Didanosine"><sentence id="DrugDDI.d496.s0" origId="s0" text="Coadministration of VIDEX with drugs that are known to cause pancreatitis may increase the risk of this toxicity (see WARNINGS) and should be done with extreme caution, only if other alternatives are not available, and only if clearly indicated."><entity id="DrugDDI.d496.s0.e0" origId="s0.p1" charOffset="20-25" type="drug" text="VIDEX"/><entity id="DrugDDI.d496.s0.e1" origId="s0.p2" charOffset="31-36" type="drug" text="drugs"/><pair id="DrugDDI.d496.s0.p0" e1="DrugDDI.d496.s0.e0" e2="DrugDDI.d496.s0.e1" interaction="true"/></sentence><sentence id="DrugDDI.d496.s1" origId="s1" text="Neuropathy has occurred more frequently in patients with a history of neuropathy or neurotoxic drug therapy, including stavudine, and these patients may be at increased risk of neuropathy during VIDEX therapy (see ADVERSE REACTIONS)."><entity id="DrugDDI.d496.s1.e0" origId="s1.p42" charOffset="119-128" type="drug" text="stavudine"/><entity id="DrugDDI.d496.s1.e1" origId="s1.p49" charOffset="195-200" type="drug" text="VIDEX"/><pair id="DrugDDI.d496.s1.p0" e1="DrugDDI.d496.s1.e0" e2="DrugDDI.d496.s1.e1" interaction="false"/></sentence><sentence id="DrugDDI.d496.s2" origId="s2" text="Allopurinol: The AUC of didanosine was increased about 4-fold when allopurinol at 300 mg/day was coadministered with a single 200-mg dose of VIDEX to two patients with renal impairment (CLcr=15 and 18 mL/min)."><entity id="DrugDDI.d496.s2.e0" origId="s2.p54" charOffset="0-11" type="drug" text="Allopurinol"/><entity id="DrugDDI.d496.s2.e1" origId="s2.p57" charOffset="24-34" type="drug" text="didanosine"/><entity id="DrugDDI.d496.s2.e2" origId="s2.p62" charOffset="67-78" type="drug" text="allopurinol"/><entity id="DrugDDI.d496.s2.e3" origId="s2.p68" charOffset="141-146" type="drug" text="VIDEX"/><pair id="DrugDDI.d496.s2.p0" e1="DrugDDI.d496.s2.e0" e2="DrugDDI.d496.s2.e1" interaction="false"/><pair id="DrugDDI.d496.s2.p1" e1="DrugDDI.d496.s2.e0" e2="DrugDDI.d496.s2.e2" interaction="false"/><pair id="DrugDDI.d496.s2.p2" e1="DrugDDI.d496.s2.e0" e2="DrugDDI.d496.s2.e3" interaction="false"/><pair id="DrugDDI.d496.s2.p3" e1="DrugDDI.d496.s2.e1" e2="DrugDDI.d496.s2.e2" interaction="false"/><pair id="DrugDDI.d496.s2.p4" e1="DrugDDI.d496.s2.e1" e2="DrugDDI.d496.s2.e3" interaction="false"/><pair id="DrugDDI.d496.s2.p5" e1="DrugDDI.d496.s2.e2" e2="DrugDDI.d496.s2.e3" interaction="true"/></sentence><sentence id="DrugDDI.d496.s3" origId="s3" text="The effects of allopurinol on didanosine pharmacokinetics in subjects with normal renal function are not known."><entity id="DrugDDI.d496.s3.e0" origId="s3.p76" charOffset="15-26" type="drug" text="allopurinol"/><entity id="DrugDDI.d496.s3.e1" origId="s3.p77" charOffset="30-40" type="drug" text="didanosine"/><pair id="DrugDDI.d496.s3.p0" e1="DrugDDI.d496.s3.e0" e2="DrugDDI.d496.s3.e1" interaction="false"/></sentence><sentence id="DrugDDI.d496.s4" origId="s4" text="Antacids: Concomitant administration of antacids containing magnesium or aluminum with VIDEX Chewable/Dispersible Buffered Tablets or Pediatric Powder for Oral Solution may potentiate adverse events associated with the antacid components."><entity id="DrugDDI.d496.s4.e0" origId="s4.p83" charOffset="0-8" type="drug" text="Antacids"/><entity id="DrugDDI.d496.s4.e1" origId="s4.p86" charOffset="40-48" type="drug" text="antacids"/><entity id="DrugDDI.d496.s4.e2" origId="s4.p88" charOffset="60-69" type="drug" text="magnesium"/><entity id="DrugDDI.d496.s4.e3" origId="s4.p91" charOffset="87-92" type="drug" text="VIDEX"/><entity id="DrugDDI.d496.s4.e4" origId="s4.p92" charOffset="102-130" type="drug" text="dispersible buffered tablets"/><entity id="DrugDDI.d496.s4.e5" origId="s4.p94" charOffset="134-143" type="drug" text="Pediatric"/><entity id="DrugDDI.d496.s4.e6" origId="s4.p100" charOffset="219-226" type="drug" text="antacid"/><pair id="DrugDDI.d496.s4.p0" e1="DrugDDI.d496.s4.e0" e2="DrugDDI.d496.s4.e1" interaction="false"/><pair id="DrugDDI.d496.s4.p1" e1="DrugDDI.d496.s4.e0" e2="DrugDDI.d496.s4.e2" interaction="false"/><pair id="DrugDDI.d496.s4.p2" e1="DrugDDI.d496.s4.e0" e2="DrugDDI.d496.s4.e3" interaction="false"/><pair id="DrugDDI.d496.s4.p3" e1="DrugDDI.d496.s4.e0" e2="DrugDDI.d496.s4.e4" interaction="false"/><pair id="DrugDDI.d496.s4.p4" e1="DrugDDI.d496.s4.e0" e2="DrugDDI.d496.s4.e5" interaction="false"/><pair id="DrugDDI.d496.s4.p5" e1="DrugDDI.d496.s4.e0" e2="DrugDDI.d496.s4.e6" interaction="false"/><pair id="DrugDDI.d496.s4.p6" e1="DrugDDI.d496.s4.e1" e2="DrugDDI.d496.s4.e2" interaction="false"/><pair id="DrugDDI.d496.s4.p7" e1="DrugDDI.d496.s4.e1" e2="DrugDDI.d496.s4.e3" interaction="true"/><pair id="DrugDDI.d496.s4.p8" e1="DrugDDI.d496.s4.e1" e2="DrugDDI.d496.s4.e4" interaction="true"/><pair id="DrugDDI.d496.s4.p9" e1="DrugDDI.d496.s4.e1" e2="DrugDDI.d496.s4.e5" interaction="true"/><pair id="DrugDDI.d496.s4.p10" e1="DrugDDI.d496.s4.e1" e2="DrugDDI.d496.s4.e6" interaction="false"/><pair id="DrugDDI.d496.s4.p11" e1="DrugDDI.d496.s4.e2" e2="DrugDDI.d496.s4.e3" interaction="false"/><pair id="DrugDDI.d496.s4.p12" e1="DrugDDI.d496.s4.e2" e2="DrugDDI.d496.s4.e4" interaction="false"/><pair id="DrugDDI.d496.s4.p13" e1="DrugDDI.d496.s4.e2" e2="DrugDDI.d496.s4.e5" interaction="false"/><pair id="DrugDDI.d496.s4.p14" e1="DrugDDI.d496.s4.e2" e2="DrugDDI.d496.s4.e6" interaction="false"/><pair id="DrugDDI.d496.s4.p15" e1="DrugDDI.d496.s4.e3" e2="DrugDDI.d496.s4.e4" interaction="false"/><pair id="DrugDDI.d496.s4.p16" e1="DrugDDI.d496.s4.e3" e2="DrugDDI.d496.s4.e5" interaction="false"/><pair id="DrugDDI.d496.s4.p17" e1="DrugDDI.d496.s4.e3" e2="DrugDDI.d496.s4.e6" interaction="false"/><pair id="DrugDDI.d496.s4.p18" e1="DrugDDI.d496.s4.e4" e2="DrugDDI.d496.s4.e5" interaction="false"/><pair id="DrugDDI.d496.s4.p19" e1="DrugDDI.d496.s4.e4" e2="DrugDDI.d496.s4.e6" interaction="false"/><pair id="DrugDDI.d496.s4.p20" e1="DrugDDI.d496.s4.e5" e2="DrugDDI.d496.s4.e6" interaction="false"/></sentence><sentence id="DrugDDI.d496.s5" origId="s5" text="Drugs Whose Absorption Can Be Affected by the Level of Acidity in the Stomach: Drugs such as ketoconazole and itraconazole should be administered at least 2 hours prior to dosing with VIDEX."><entity id="DrugDDI.d496.s5.e0" origId="s5.p101" charOffset="0-5" type="drug" text="Drugs"/><entity id="DrugDDI.d496.s5.e1" origId="s5.p110" charOffset="79-84" type="drug" text="Drugs"/><entity id="DrugDDI.d496.s5.e2" origId="s5.p111" charOffset="93-105" type="drug" text="ketoconazole"/><entity id="DrugDDI.d496.s5.e3" origId="s5.p113" charOffset="110-122" type="drug" text="itraconazole"/><entity id="DrugDDI.d496.s5.e4" origId="s5.p119" charOffset="184-189" type="drug" text="VIDEX"/><pair id="DrugDDI.d496.s5.p0" e1="DrugDDI.d496.s5.e0" e2="DrugDDI.d496.s5.e1" interaction="false"/><pair id="DrugDDI.d496.s5.p1" e1="DrugDDI.d496.s5.e0" e2="DrugDDI.d496.s5.e2" interaction="false"/><pair id="DrugDDI.d496.s5.p2" e1="DrugDDI.d496.s5.e0" e2="DrugDDI.d496.s5.e3" interaction="false"/><pair id="DrugDDI.d496.s5.p3" e1="DrugDDI.d496.s5.e0" e2="DrugDDI.d496.s5.e4" interaction="false"/><pair id="DrugDDI.d496.s5.p4" e1="DrugDDI.d496.s5.e1" e2="DrugDDI.d496.s5.e2" interaction="false"/><pair id="DrugDDI.d496.s5.p5" e1="DrugDDI.d496.s5.e1" e2="DrugDDI.d496.s5.e3" interaction="false"/><pair id="DrugDDI.d496.s5.p6" e1="DrugDDI.d496.s5.e1" e2="DrugDDI.d496.s5.e4" interaction="false"/><pair id="DrugDDI.d496.s5.p7" e1="DrugDDI.d496.s5.e2" e2="DrugDDI.d496.s5.e3" interaction="false"/><pair id="DrugDDI.d496.s5.p8" e1="DrugDDI.d496.s5.e2" e2="DrugDDI.d496.s5.e4" interaction="false"/><pair id="DrugDDI.d496.s5.p9" e1="DrugDDI.d496.s5.e3" e2="DrugDDI.d496.s5.e4" interaction="false"/></sentence><sentence id="DrugDDI.d496.s6" origId="s6" text="Ganciclovir: Administration of VIDEX 2 hours prior to or concurrent with oral ganciclovir was associated with a 111 (114)% increase in the steady-state AUC of didanosine (n = 12)."><entity id="DrugDDI.d496.s6.e0" origId="s6.p120" charOffset="0-11" type="drug" text="Ganciclovir"/><entity id="DrugDDI.d496.s6.e1" origId="s6.p123" charOffset="31-36" type="drug" text="VIDEX"/><entity id="DrugDDI.d496.s6.e2" origId="s6.p127" charOffset="78-89" type="drug" text="ganciclovir"/><entity id="DrugDDI.d496.s6.e3" origId="s6.p136" charOffset="159-169" type="drug" text="didanosine"/><pair id="DrugDDI.d496.s6.p0" e1="DrugDDI.d496.s6.e0" e2="DrugDDI.d496.s6.e1" interaction="false"/><pair id="DrugDDI.d496.s6.p1" e1="DrugDDI.d496.s6.e0" e2="DrugDDI.d496.s6.e2" interaction="false"/><pair id="DrugDDI.d496.s6.p2" e1="DrugDDI.d496.s6.e0" e2="DrugDDI.d496.s6.e3" interaction="false"/><pair id="DrugDDI.d496.s6.p3" e1="DrugDDI.d496.s6.e1" e2="DrugDDI.d496.s6.e2" interaction="true"/><pair id="DrugDDI.d496.s6.p4" e1="DrugDDI.d496.s6.e1" e2="DrugDDI.d496.s6.e3" interaction="false"/><pair id="DrugDDI.d496.s6.p5" e1="DrugDDI.d496.s6.e2" e2="DrugDDI.d496.s6.e3" interaction="false"/></sentence><sentence id="DrugDDI.d496.s7" origId="s7" text="A 21 (17)% decrease in the steady-state AUC of ganciclovir was observed when VIDEX was administered 2 hours prior to ganciclovir, but not when the two drugs were administered simultaneously (n = 12)."><entity id="DrugDDI.d496.s7.e0" origId="s7.p146" charOffset="47-58" type="drug" text="ganciclovir"/><entity id="DrugDDI.d496.s7.e1" origId="s7.p150" charOffset="77-82" type="drug" text="VIDEX"/><entity id="DrugDDI.d496.s7.e2" origId="s7.p154" charOffset="117-128" type="drug" text="ganciclovir"/><entity id="DrugDDI.d496.s7.e3" origId="s7.p158" charOffset="151-156" type="drug" text="drugs"/><pair id="DrugDDI.d496.s7.p0" e1="DrugDDI.d496.s7.e0" e2="DrugDDI.d496.s7.e1" interaction="false"/><pair id="DrugDDI.d496.s7.p1" e1="DrugDDI.d496.s7.e0" e2="DrugDDI.d496.s7.e2" interaction="false"/><pair id="DrugDDI.d496.s7.p2" e1="DrugDDI.d496.s7.e0" e2="DrugDDI.d496.s7.e3" interaction="false"/><pair id="DrugDDI.d496.s7.p3" e1="DrugDDI.d496.s7.e1" e2="DrugDDI.d496.s7.e2" interaction="true"/><pair id="DrugDDI.d496.s7.p4" e1="DrugDDI.d496.s7.e1" e2="DrugDDI.d496.s7.e3" interaction="false"/><pair id="DrugDDI.d496.s7.p5" e1="DrugDDI.d496.s7.e2" e2="DrugDDI.d496.s7.e3" interaction="false"/></sentence><sentence id="DrugDDI.d496.s8" origId="s8" text="Quinolone Antibiotics: VIDEX should be administered at least 2 hours after or 6 hours before dosing with ciprofloxacin because plasma concentrations of ciprofloxacin are decreased when administered with antacids containing magnesium, calcium, or aluminum."><entity id="DrugDDI.d496.s8.e0" origId="s8.p165" charOffset="0-20" type="drug" text="Quinolone Antibiotic"/><entity id="DrugDDI.d496.s8.e1" origId="s8.p167" charOffset="23-28" type="drug" text="VIDEX"/><entity id="DrugDDI.d496.s8.e2" origId="s8.p176" charOffset="105-118" type="drug" text="ciprofloxacin"/><entity id="DrugDDI.d496.s8.e3" origId="s8.p179" charOffset="152-165" type="drug" text="ciprofloxacin"/><entity id="DrugDDI.d496.s8.e4" origId="s8.p184" charOffset="203-211" type="drug" text="antacids"/><entity id="DrugDDI.d496.s8.e5" origId="s8.p186" charOffset="223-232" type="drug" text="magnesium"/><entity id="DrugDDI.d496.s8.e6" origId="s8.p187" charOffset="234-241" type="drug" text="calcium"/><pair id="DrugDDI.d496.s8.p0" e1="DrugDDI.d496.s8.e0" e2="DrugDDI.d496.s8.e1" interaction="false"/><pair id="DrugDDI.d496.s8.p1" e1="DrugDDI.d496.s8.e0" e2="DrugDDI.d496.s8.e2" interaction="false"/><pair id="DrugDDI.d496.s8.p2" e1="DrugDDI.d496.s8.e0" e2="DrugDDI.d496.s8.e3" interaction="false"/><pair id="DrugDDI.d496.s8.p3" e1="DrugDDI.d496.s8.e0" e2="DrugDDI.d496.s8.e4" interaction="false"/><pair id="DrugDDI.d496.s8.p4" e1="DrugDDI.d496.s8.e0" e2="DrugDDI.d496.s8.e5" interaction="false"/><pair id="DrugDDI.d496.s8.p5" e1="DrugDDI.d496.s8.e0" e2="DrugDDI.d496.s8.e6" interaction="false"/><pair id="DrugDDI.d496.s8.p6" e1="DrugDDI.d496.s8.e1" e2="DrugDDI.d496.s8.e2" interaction="true"/><pair id="DrugDDI.d496.s8.p7" e1="DrugDDI.d496.s8.e1" e2="DrugDDI.d496.s8.e3" interaction="false"/><pair id="DrugDDI.d496.s8.p8" e1="DrugDDI.d496.s8.e1" e2="DrugDDI.d496.s8.e4" interaction="false"/><pair id="DrugDDI.d496.s8.p9" e1="DrugDDI.d496.s8.e1" e2="DrugDDI.d496.s8.e5" interaction="false"/><pair id="DrugDDI.d496.s8.p10" e1="DrugDDI.d496.s8.e1" e2="DrugDDI.d496.s8.e6" interaction="false"/><pair id="DrugDDI.d496.s8.p11" e1="DrugDDI.d496.s8.e2" e2="DrugDDI.d496.s8.e3" interaction="false"/><pair id="DrugDDI.d496.s8.p12" e1="DrugDDI.d496.s8.e2" e2="DrugDDI.d496.s8.e4" interaction="false"/><pair id="DrugDDI.d496.s8.p13" e1="DrugDDI.d496.s8.e2" e2="DrugDDI.d496.s8.e5" interaction="false"/><pair id="DrugDDI.d496.s8.p14" e1="DrugDDI.d496.s8.e2" e2="DrugDDI.d496.s8.e6" interaction="false"/><pair id="DrugDDI.d496.s8.p15" e1="DrugDDI.d496.s8.e3" e2="DrugDDI.d496.s8.e4" interaction="true"/><pair id="DrugDDI.d496.s8.p16" e1="DrugDDI.d496.s8.e3" e2="DrugDDI.d496.s8.e5" interaction="false"/><pair id="DrugDDI.d496.s8.p17" e1="DrugDDI.d496.s8.e3" e2="DrugDDI.d496.s8.e6" interaction="false"/><pair id="DrugDDI.d496.s8.p18" e1="DrugDDI.d496.s8.e4" e2="DrugDDI.d496.s8.e5" interaction="false"/><pair id="DrugDDI.d496.s8.p19" e1="DrugDDI.d496.s8.e4" e2="DrugDDI.d496.s8.e6" interaction="false"/><pair id="DrugDDI.d496.s8.p20" e1="DrugDDI.d496.s8.e5" e2="DrugDDI.d496.s8.e6" interaction="false"/></sentence><sentence id="DrugDDI.d496.s9" origId="s9" text="In eight HIV-infected patients, the steady-state AUC of ciprofloxacin was decreased an average of 26% (95% CI = 14%, 37%) when ciprofloxacin was administered 2 hours prior to a marketed chewable/dispersible tablet formulation of VIDEX."><entity id="DrugDDI.d496.s9.e0" origId="s9.p192" charOffset="56-69" type="drug" text="ciprofloxacin"/><entity id="DrugDDI.d496.s9.e1" origId="s9.p202" charOffset="127-140" type="drug" text="ciprofloxacin"/><entity id="DrugDDI.d496.s9.e2" origId="s9.p207" charOffset="195-213" type="drug" text="dispersible tablet"/><entity id="DrugDDI.d496.s9.e3" origId="s9.p208" charOffset="229-234" type="drug" text="VIDEX"/><pair id="DrugDDI.d496.s9.p0" e1="DrugDDI.d496.s9.e0" e2="DrugDDI.d496.s9.e1" interaction="false"/><pair id="DrugDDI.d496.s9.p1" e1="DrugDDI.d496.s9.e0" e2="DrugDDI.d496.s9.e2" interaction="false"/><pair id="DrugDDI.d496.s9.p2" e1="DrugDDI.d496.s9.e0" e2="DrugDDI.d496.s9.e3" interaction="false"/><pair id="DrugDDI.d496.s9.p3" e1="DrugDDI.d496.s9.e1" e2="DrugDDI.d496.s9.e2" interaction="true"/><pair id="DrugDDI.d496.s9.p4" e1="DrugDDI.d496.s9.e1" e2="DrugDDI.d496.s9.e3" interaction="false"/><pair id="DrugDDI.d496.s9.p5" e1="DrugDDI.d496.s9.e2" e2="DrugDDI.d496.s9.e3" interaction="false"/></sentence><sentence id="DrugDDI.d496.s10" origId="s10" text="The AUC of ciprofloxacin was decreased an average of 15-fold in 12 healthy subjects given ciprofloxacin and didanosine-placebo tablets concurrently."><entity id="DrugDDI.d496.s10.e0" origId="s10.p210" charOffset="11-24" type="drug" text="ciprofloxacin"/><entity id="DrugDDI.d496.s10.e1" origId="s10.p215" charOffset="90-103" type="drug" text="ciprofloxacin"/><entity id="DrugDDI.d496.s10.e2" origId="s10.p217" charOffset="108-118" type="drug" text="didanosine"/><pair id="DrugDDI.d496.s10.p0" e1="DrugDDI.d496.s10.e0" e2="DrugDDI.d496.s10.e1" interaction="false"/><pair id="DrugDDI.d496.s10.p1" e1="DrugDDI.d496.s10.e0" e2="DrugDDI.d496.s10.e2" interaction="false"/><pair id="DrugDDI.d496.s10.p2" e1="DrugDDI.d496.s10.e1" e2="DrugDDI.d496.s10.e2" interaction="true"/></sentence><sentence id="DrugDDI.d496.s11" origId="s11" text="In a single subject given one dose of ciprofloxacin 2 hours after a dose of didanosine-placebo tablets, a greater than 50% reduction in the AUC of ciprofloxacin was observed."><entity id="DrugDDI.d496.s11.e0" origId="s11.p219" charOffset="38-51" type="drug" text="ciprofloxacin"/><entity id="DrugDDI.d496.s11.e1" origId="s11.p221" charOffset="76-86" type="drug" text="didanosine"/><entity id="DrugDDI.d496.s11.e2" origId="s11.p225" charOffset="147-160" type="drug" text="ciprofloxacin"/><pair id="DrugDDI.d496.s11.p0" e1="DrugDDI.d496.s11.e0" e2="DrugDDI.d496.s11.e1" interaction="true"/><pair id="DrugDDI.d496.s11.p1" e1="DrugDDI.d496.s11.e0" e2="DrugDDI.d496.s11.e2" interaction="false"/><pair id="DrugDDI.d496.s11.p2" e1="DrugDDI.d496.s11.e1" e2="DrugDDI.d496.s11.e2" interaction="false"/></sentence><sentence id="DrugDDI.d496.s12" origId="s12" text="Plasma concentrations of quinolone antibiotics are decreased when administered with antacids containing magnesium, calcium, or aluminum."><entity id="DrugDDI.d496.s12.e0" origId="s12.p229" charOffset="25-45" type="drug" text="quinolone antibiotic"/><entity id="DrugDDI.d496.s12.e1" origId="s12.p234" charOffset="84-92" type="drug" text="antacids"/><entity id="DrugDDI.d496.s12.e2" origId="s12.p236" charOffset="104-113" type="drug" text="magnesium"/><entity id="DrugDDI.d496.s12.e3" origId="s12.p237" charOffset="115-122" type="drug" text="calcium"/><pair id="DrugDDI.d496.s12.p0" e1="DrugDDI.d496.s12.e0" e2="DrugDDI.d496.s12.e1" interaction="true"/><pair id="DrugDDI.d496.s12.p1" e1="DrugDDI.d496.s12.e0" e2="DrugDDI.d496.s12.e2" interaction="true"/><pair id="DrugDDI.d496.s12.p2" e1="DrugDDI.d496.s12.e0" e2="DrugDDI.d496.s12.e3" interaction="true"/><pair id="DrugDDI.d496.s12.p3" e1="DrugDDI.d496.s12.e1" e2="DrugDDI.d496.s12.e2" interaction="false"/><pair id="DrugDDI.d496.s12.p4" e1="DrugDDI.d496.s12.e1" e2="DrugDDI.d496.s12.e3" interaction="false"/><pair id="DrugDDI.d496.s12.p5" e1="DrugDDI.d496.s12.e2" e2="DrugDDI.d496.s12.e3" interaction="false"/></sentence><sentence id="DrugDDI.d496.s13" origId="s13" text="The optimal dosing interval for coadministration with VIDEX should be determined by consulting the appropriate quinolone package insert."><entity id="DrugDDI.d496.s13.e0" origId="s13.p242" charOffset="54-59" type="drug" text="VIDEX"/><entity id="DrugDDI.d496.s13.e1" origId="s13.p246" charOffset="111-121" type="drug" text="quinolone"/><pair id="DrugDDI.d496.s13.p0" e1="DrugDDI.d496.s13.e0" e2="DrugDDI.d496.s13.e1" interaction="false"/></sentence><sentence id="DrugDDI.d496.s14" origId="s14" text="Interactions with Other Antiretroviral Drugs: Significant decreases in the AUC of delavirdine (20%) and indinavir (84%) occurred following simultaneous administration of these agents with VIDEX."><entity id="DrugDDI.d496.s14.e0" origId="s14.p248" charOffset="39-44" type="drug" text="Drugs"/><entity id="DrugDDI.d496.s14.e1" origId="s14.p252" charOffset="82-93" type="drug" text="delavirdine"/><entity id="DrugDDI.d496.s14.e2" origId="s14.p257" charOffset="104-113" type="drug" text="indinavir"/><entity id="DrugDDI.d496.s14.e3" origId="s14.p265" charOffset="188-193" type="drug" text="VIDEX"/><pair id="DrugDDI.d496.s14.p0" e1="DrugDDI.d496.s14.e0" e2="DrugDDI.d496.s14.e1" interaction="false"/><pair id="DrugDDI.d496.s14.p1" e1="DrugDDI.d496.s14.e0" e2="DrugDDI.d496.s14.e2" interaction="false"/><pair id="DrugDDI.d496.s14.p2" e1="DrugDDI.d496.s14.e0" e2="DrugDDI.d496.s14.e3" interaction="false"/><pair id="DrugDDI.d496.s14.p3" e1="DrugDDI.d496.s14.e1" e2="DrugDDI.d496.s14.e2" interaction="false"/><pair id="DrugDDI.d496.s14.p4" e1="DrugDDI.d496.s14.e1" e2="DrugDDI.d496.s14.e3" interaction="true"/><pair id="DrugDDI.d496.s14.p5" e1="DrugDDI.d496.s14.e2" e2="DrugDDI.d496.s14.e3" interaction="true"/></sentence><sentence id="DrugDDI.d496.s15" origId="s15" text="To avoid this interaction, delavirdine or indinavir should be given 1 hour prior to dosing with VIDEX."><entity id="DrugDDI.d496.s15.e0" origId="s15.p269" charOffset="27-38" type="drug" text="delavirdine"/><entity id="DrugDDI.d496.s15.e1" origId="s15.p271" charOffset="42-51" type="drug" text="indinavir"/><entity id="DrugDDI.d496.s15.e2" origId="s15.p277" charOffset="96-101" type="drug" text="VIDEX"/><pair id="DrugDDI.d496.s15.p0" e1="DrugDDI.d496.s15.e0" e2="DrugDDI.d496.s15.e1" interaction="false"/><pair id="DrugDDI.d496.s15.p1" e1="DrugDDI.d496.s15.e0" e2="DrugDDI.d496.s15.e2" interaction="true"/><pair id="DrugDDI.d496.s15.p2" e1="DrugDDI.d496.s15.e1" e2="DrugDDI.d496.s15.e2" interaction="true"/></sentence><sentence id="DrugDDI.d496.s16" origId="s16" text="The pharmacokinetics of nelfinavir are not altered to a clinically significant degree when it is administered with a light meal 1 hour after VIDEX."><entity id="DrugDDI.d496.s16.e0" origId="s16.p279" charOffset="24-34" type="drug" text="nelfinavir"/><entity id="DrugDDI.d496.s16.e1" origId="s16.p289" charOffset="141-146" type="drug" text="VIDEX"/><pair id="DrugDDI.d496.s16.p0" e1="DrugDDI.d496.s16.e0" e2="DrugDDI.d496.s16.e1" interaction="false"/></sentence></document>