<?xml version="1.0" encoding="UTF-8"?>
<document id="DrugDDI.d384" origId="Diflunisal"><sentence id="DrugDDI.d384.s0" origId="s0" text="Oral Anticoagulants: In some normal volunteers, the concomitant administration of diflunisal and warfarin, acenocoumarol, or phenprocoumon resulted in prolongation of prothrombin time."><entity id="DrugDDI.d384.s0.e0" origId="s0.p0" charOffset="0-19" type="drug" text="Oral Anticoagulants"/><entity id="DrugDDI.d384.s0.e1" origId="s0.p4" charOffset="82-92" type="drug" text="diflunisal"/><entity id="DrugDDI.d384.s0.e2" origId="s0.p6" charOffset="97-105" type="drug" text="warfarin"/><entity id="DrugDDI.d384.s0.e3" origId="s0.p7" charOffset="107-120" type="drug" text="acenocoumarol"/><entity id="DrugDDI.d384.s0.e4" origId="s0.p9" charOffset="125-138" type="drug" text="phenprocoumon"/><pair id="DrugDDI.d384.s0.p0" e1="DrugDDI.d384.s0.e0" e2="DrugDDI.d384.s0.e1" interaction="false"/><pair id="DrugDDI.d384.s0.p1" e1="DrugDDI.d384.s0.e0" e2="DrugDDI.d384.s0.e2" interaction="false"/><pair id="DrugDDI.d384.s0.p2" e1="DrugDDI.d384.s0.e0" e2="DrugDDI.d384.s0.e3" interaction="false"/><pair id="DrugDDI.d384.s0.p3" e1="DrugDDI.d384.s0.e0" e2="DrugDDI.d384.s0.e4" interaction="false"/><pair id="DrugDDI.d384.s0.p4" e1="DrugDDI.d384.s0.e1" e2="DrugDDI.d384.s0.e2" interaction="true"/><pair id="DrugDDI.d384.s0.p5" e1="DrugDDI.d384.s0.e1" e2="DrugDDI.d384.s0.e3" interaction="true"/><pair id="DrugDDI.d384.s0.p6" e1="DrugDDI.d384.s0.e1" e2="DrugDDI.d384.s0.e4" interaction="true"/><pair id="DrugDDI.d384.s0.p7" e1="DrugDDI.d384.s0.e2" e2="DrugDDI.d384.s0.e3" interaction="false"/><pair id="DrugDDI.d384.s0.p8" e1="DrugDDI.d384.s0.e2" e2="DrugDDI.d384.s0.e4" interaction="false"/><pair id="DrugDDI.d384.s0.p9" e1="DrugDDI.d384.s0.e3" e2="DrugDDI.d384.s0.e4" interaction="false"/></sentence><sentence id="DrugDDI.d384.s1" origId="s1" text="This may occur because diflunisal competitively displaces coumarins from protein binding sites."><entity id="DrugDDI.d384.s1.e0" origId="s1.p16" charOffset="23-33" type="drug" text="diflunisal"/><entity id="DrugDDI.d384.s1.e1" origId="s1.p18" charOffset="58-67" type="drug" text="coumarins"/><entity id="DrugDDI.d384.s1.e2" origId="s1.p19" charOffset="73-80" type="drug" text="protein"/><pair id="DrugDDI.d384.s1.p0" e1="DrugDDI.d384.s1.e0" e2="DrugDDI.d384.s1.e1" interaction="true"/><pair id="DrugDDI.d384.s1.p1" e1="DrugDDI.d384.s1.e0" e2="DrugDDI.d384.s1.e2" interaction="false"/><pair id="DrugDDI.d384.s1.p2" e1="DrugDDI.d384.s1.e1" e2="DrugDDI.d384.s1.e2" interaction="false"/></sentence><sentence id="DrugDDI.d384.s2" origId="s2" text="Accordingly, when diflunisal is administered with oral anticoagulants, the prothrombin time should be closely monitored during and for several days after concomitant drug administration."><entity id="DrugDDI.d384.s2.e0" origId="s2.p22" charOffset="18-28" type="drug" text="diflunisal"/><entity id="DrugDDI.d384.s2.e1" origId="s2.p25" charOffset="50-69" type="drug" text="oral anticoagulants"/><pair id="DrugDDI.d384.s2.p0" e1="DrugDDI.d384.s2.e0" e2="DrugDDI.d384.s2.e1" interaction="false"/></sentence><sentence id="DrugDDI.d384.s3" origId="s3" text="Adjustment of dosage of oral anticoagulants may be required."><entity id="DrugDDI.d384.s3.e0" origId="s3.p37" charOffset="24-43" type="drug" text="oral anticoagulants"/></sentence><sentence id="DrugDDI.d384.s4" origId="s4" text="Tolbutamide: In diabetic patients receiving diflunisal and tolbutamide, no significant effects were seen on tolbutamide plasma levels or fasting blood glucose."><entity id="DrugDDI.d384.s4.e0" origId="s4.p41" charOffset="0-11" type="drug" text="Tolbutamide"/><entity id="DrugDDI.d384.s4.e1" origId="s4.p45" charOffset="44-54" type="drug" text="diflunisal"/><entity id="DrugDDI.d384.s4.e2" origId="s4.p47" charOffset="59-70" type="drug" text="tolbutamide"/><entity id="DrugDDI.d384.s4.e3" origId="s4.p51" charOffset="108-119" type="drug" text="tolbutamide"/><pair id="DrugDDI.d384.s4.p0" e1="DrugDDI.d384.s4.e0" e2="DrugDDI.d384.s4.e1" interaction="false"/><pair id="DrugDDI.d384.s4.p1" e1="DrugDDI.d384.s4.e0" e2="DrugDDI.d384.s4.e2" interaction="false"/><pair id="DrugDDI.d384.s4.p2" e1="DrugDDI.d384.s4.e0" e2="DrugDDI.d384.s4.e3" interaction="false"/><pair id="DrugDDI.d384.s4.p3" e1="DrugDDI.d384.s4.e1" e2="DrugDDI.d384.s4.e2" interaction="false"/><pair id="DrugDDI.d384.s4.p4" e1="DrugDDI.d384.s4.e1" e2="DrugDDI.d384.s4.e3" interaction="false"/><pair id="DrugDDI.d384.s4.p5" e1="DrugDDI.d384.s4.e2" e2="DrugDDI.d384.s4.e3" interaction="false"/></sentence><sentence id="DrugDDI.d384.s5" origId="s5" text="Hydrochlorothiazide: In normal volunteers, concomitant administration of diflunisal and hydrochlorothiazide resulted in significantly increased plasma levels of hydrochlorothiazide."><entity id="DrugDDI.d384.s5.e0" origId="s5.p54" charOffset="0-19" type="drug" text="Hydrochlorothiazide"/><entity id="DrugDDI.d384.s5.e1" origId="s5.p58" charOffset="73-83" type="drug" text="diflunisal"/><entity id="DrugDDI.d384.s5.e2" origId="s5.p60" charOffset="88-107" type="drug" text="hydrochlorothiazide"/><entity id="DrugDDI.d384.s5.e3" origId="s5.p63" charOffset="161-180" type="drug" text="hydrochlorothiazide"/><pair id="DrugDDI.d384.s5.p0" e1="DrugDDI.d384.s5.e0" e2="DrugDDI.d384.s5.e1" interaction="false"/><pair id="DrugDDI.d384.s5.p1" e1="DrugDDI.d384.s5.e0" e2="DrugDDI.d384.s5.e2" interaction="false"/><pair id="DrugDDI.d384.s5.p2" e1="DrugDDI.d384.s5.e0" e2="DrugDDI.d384.s5.e3" interaction="false"/><pair id="DrugDDI.d384.s5.p3" e1="DrugDDI.d384.s5.e1" e2="DrugDDI.d384.s5.e2" interaction="true"/><pair id="DrugDDI.d384.s5.p4" e1="DrugDDI.d384.s5.e1" e2="DrugDDI.d384.s5.e3" interaction="false"/><pair id="DrugDDI.d384.s5.p5" e1="DrugDDI.d384.s5.e2" e2="DrugDDI.d384.s5.e3" interaction="false"/></sentence><sentence id="DrugDDI.d384.s6" origId="s6" text="Diflunisal decreased the hyperuricemic effect of hydrochlorothiazide."><entity id="DrugDDI.d384.s6.e0" origId="s6.p64" charOffset="0-10" type="drug" text="Diflunisal"/><entity id="DrugDDI.d384.s6.e1" origId="s6.p67" charOffset="49-68" type="drug" text="hydrochlorothiazide"/><pair id="DrugDDI.d384.s6.p0" e1="DrugDDI.d384.s6.e0" e2="DrugDDI.d384.s6.e1" interaction="true"/></sentence><sentence id="DrugDDI.d384.s7" origId="s7" text="Furosemide: In normal volunteers, the concomitant administration of diflunisal and furosemide had no effect on the diuretic activity of furosemide."><entity id="DrugDDI.d384.s7.e0" origId="s7.p68" charOffset="0-10" type="drug" text="Furosemide"/><entity id="DrugDDI.d384.s7.e1" origId="s7.p72" charOffset="68-78" type="drug" text="diflunisal"/><entity id="DrugDDI.d384.s7.e2" origId="s7.p74" charOffset="83-93" type="drug" text="furosemide"/><entity id="DrugDDI.d384.s7.e3" origId="s7.p77" charOffset="115-123" type="drug" text="diuretic"/><entity id="DrugDDI.d384.s7.e4" origId="s7.p78" charOffset="136-147" type="drug" text="furosemide"/><pair id="DrugDDI.d384.s7.p0" e1="DrugDDI.d384.s7.e0" e2="DrugDDI.d384.s7.e1" interaction="false"/><pair id="DrugDDI.d384.s7.p1" e1="DrugDDI.d384.s7.e0" e2="DrugDDI.d384.s7.e2" interaction="false"/><pair id="DrugDDI.d384.s7.p2" e1="DrugDDI.d384.s7.e0" e2="DrugDDI.d384.s7.e3" interaction="false"/><pair id="DrugDDI.d384.s7.p3" e1="DrugDDI.d384.s7.e0" e2="DrugDDI.d384.s7.e4" interaction="false"/><pair id="DrugDDI.d384.s7.p4" e1="DrugDDI.d384.s7.e1" e2="DrugDDI.d384.s7.e2" interaction="false"/><pair id="DrugDDI.d384.s7.p5" e1="DrugDDI.d384.s7.e1" e2="DrugDDI.d384.s7.e3" interaction="false"/><pair id="DrugDDI.d384.s7.p6" e1="DrugDDI.d384.s7.e1" e2="DrugDDI.d384.s7.e4" interaction="false"/><pair id="DrugDDI.d384.s7.p7" e1="DrugDDI.d384.s7.e2" e2="DrugDDI.d384.s7.e3" interaction="false"/><pair id="DrugDDI.d384.s7.p8" e1="DrugDDI.d384.s7.e2" e2="DrugDDI.d384.s7.e4" interaction="false"/><pair id="DrugDDI.d384.s7.p9" e1="DrugDDI.d384.s7.e3" e2="DrugDDI.d384.s7.e4" interaction="false"/></sentence><sentence id="DrugDDI.d384.s8" origId="s8" text="Diflunisal decreased the hyperuricemic effect of furosemide."><entity id="DrugDDI.d384.s8.e0" origId="s8.p79" charOffset="0-10" type="drug" text="Diflunisal"/><entity id="DrugDDI.d384.s8.e1" origId="s8.p82" charOffset="49-60" type="drug" text="furosemide"/><pair id="DrugDDI.d384.s8.p0" e1="DrugDDI.d384.s8.e0" e2="DrugDDI.d384.s8.e1" interaction="true"/></sentence><sentence id="DrugDDI.d384.s9" origId="s9" text="Antacids: Concomitant administration of antacids may reduce plasma levels of diflunisal."><entity id="DrugDDI.d384.s9.e0" origId="s9.p83" charOffset="0-8" type="drug" text="Antacids"/><entity id="DrugDDI.d384.s9.e1" origId="s9.p86" charOffset="40-48" type="drug" text="antacids"/><entity id="DrugDDI.d384.s9.e2" origId="s9.p90" charOffset="77-87" type="drug" text="diflunisal"/><pair id="DrugDDI.d384.s9.p0" e1="DrugDDI.d384.s9.e0" e2="DrugDDI.d384.s9.e1" interaction="false"/><pair id="DrugDDI.d384.s9.p1" e1="DrugDDI.d384.s9.e0" e2="DrugDDI.d384.s9.e2" interaction="false"/><pair id="DrugDDI.d384.s9.p2" e1="DrugDDI.d384.s9.e1" e2="DrugDDI.d384.s9.e2" interaction="true"/></sentence><sentence id="DrugDDI.d384.s10" origId="s10" text="This effect is small with occasional doses of antacids, but may be clinically significant when antacids are used on a continuous schedule."><entity id="DrugDDI.d384.s10.e0" origId="s10.p95" charOffset="46-54" type="drug" text="antacids"/><entity id="DrugDDI.d384.s10.e1" origId="s10.p101" charOffset="95-103" type="drug" text="antacids"/><pair id="DrugDDI.d384.s10.p0" e1="DrugDDI.d384.s10.e0" e2="DrugDDI.d384.s10.e1" interaction="false"/></sentence><sentence id="DrugDDI.d384.s11" origId="s11" text="Acetaminophen: In normal volunteers, concomitant administration of diflunisal and acetaminophen resulted in an approximate 50% increase in plasma levels of acetaminophen."><entity id="DrugDDI.d384.s11.e0" origId="s11.p105" charOffset="0-13" type="drug" text="Acetaminophen"/><entity id="DrugDDI.d384.s11.e1" origId="s11.p109" charOffset="67-77" type="drug" text="diflunisal"/><entity id="DrugDDI.d384.s11.e2" origId="s11.p111" charOffset="82-95" type="drug" text="acetaminophen"/><entity id="DrugDDI.d384.s11.e3" origId="s11.p115" charOffset="156-169" type="drug" text="acetaminophen"/><pair id="DrugDDI.d384.s11.p0" e1="DrugDDI.d384.s11.e0" e2="DrugDDI.d384.s11.e1" interaction="false"/><pair id="DrugDDI.d384.s11.p1" e1="DrugDDI.d384.s11.e0" e2="DrugDDI.d384.s11.e2" interaction="false"/><pair id="DrugDDI.d384.s11.p2" e1="DrugDDI.d384.s11.e0" e2="DrugDDI.d384.s11.e3" interaction="false"/><pair id="DrugDDI.d384.s11.p3" e1="DrugDDI.d384.s11.e1" e2="DrugDDI.d384.s11.e2" interaction="false"/><pair id="DrugDDI.d384.s11.p4" e1="DrugDDI.d384.s11.e1" e2="DrugDDI.d384.s11.e3" interaction="true"/><pair id="DrugDDI.d384.s11.p5" e1="DrugDDI.d384.s11.e2" e2="DrugDDI.d384.s11.e3" interaction="false"/></sentence><sentence id="DrugDDI.d384.s12" origId="s12" text="Acetaminophen had no effect on plasma levels of diflunisal."><entity id="DrugDDI.d384.s12.e0" origId="s12.p116" charOffset="0-13" type="drug" text="Acetaminophen"/><entity id="DrugDDI.d384.s12.e1" origId="s12.p120" charOffset="48-58" type="drug" text="diflunisal"/><pair id="DrugDDI.d384.s12.p0" e1="DrugDDI.d384.s12.e0" e2="DrugDDI.d384.s12.e1" interaction="false"/></sentence><sentence id="DrugDDI.d384.s13" origId="s13" text="Since acetaminophen in high doses has been associated with hepatotoxicity, concomitant administration of diflunisal and acetaminophen should be used cautiously, with careful monitoring of patients."><entity id="DrugDDI.d384.s13.e0" origId="s13.p122" charOffset="6-19" type="drug" text="acetaminophen"/><entity id="DrugDDI.d384.s13.e1" origId="s13.p129" charOffset="105-115" type="drug" text="diflunisal"/><entity id="DrugDDI.d384.s13.e2" origId="s13.p131" charOffset="120-133" type="drug" text="acetaminophen"/><pair id="DrugDDI.d384.s13.p0" e1="DrugDDI.d384.s13.e0" e2="DrugDDI.d384.s13.e1" interaction="false"/><pair id="DrugDDI.d384.s13.p1" e1="DrugDDI.d384.s13.e0" e2="DrugDDI.d384.s13.e2" interaction="false"/><pair id="DrugDDI.d384.s13.p2" e1="DrugDDI.d384.s13.e1" e2="DrugDDI.d384.s13.e2" interaction="true"/></sentence><sentence id="DrugDDI.d384.s14" origId="s14" text="Concomitant administration of diflunisal and acetaminophen in dogs, but not in rats, at approximately 2 times the recommended maximum human therapeutic dose of each (40 to 52 mg/kg/day of diflunisal/acetaminophen) resulted in greater gastrointestinal toxicity than when either drug was administered alone."><entity id="DrugDDI.d384.s14.e0" origId="s14.p139" charOffset="30-40" type="drug" text="diflunisal"/><entity id="DrugDDI.d384.s14.e1" origId="s14.p141" charOffset="45-58" type="drug" text="acetaminophen"/><entity id="DrugDDI.d384.s14.e2" origId="s14.p154" charOffset="188-198" type="drug" text="diflunisal"/><entity id="DrugDDI.d384.s14.e3" origId="s14.p155" charOffset="199-212" type="drug" text="acetaminophen"/><entity id="DrugDDI.d384.s14.e4" origId="s14.p162" charOffset="277-281" type="drug" text="drug"/><pair id="DrugDDI.d384.s14.p0" e1="DrugDDI.d384.s14.e0" e2="DrugDDI.d384.s14.e1" interaction="true"/><pair id="DrugDDI.d384.s14.p1" e1="DrugDDI.d384.s14.e0" e2="DrugDDI.d384.s14.e2" interaction="false"/><pair id="DrugDDI.d384.s14.p2" e1="DrugDDI.d384.s14.e0" e2="DrugDDI.d384.s14.e3" interaction="false"/><pair id="DrugDDI.d384.s14.p3" e1="DrugDDI.d384.s14.e0" e2="DrugDDI.d384.s14.e4" interaction="false"/><pair id="DrugDDI.d384.s14.p4" e1="DrugDDI.d384.s14.e1" e2="DrugDDI.d384.s14.e2" interaction="false"/><pair id="DrugDDI.d384.s14.p5" e1="DrugDDI.d384.s14.e1" e2="DrugDDI.d384.s14.e3" interaction="false"/><pair id="DrugDDI.d384.s14.p6" e1="DrugDDI.d384.s14.e1" e2="DrugDDI.d384.s14.e4" interaction="false"/><pair id="DrugDDI.d384.s14.p7" e1="DrugDDI.d384.s14.e2" e2="DrugDDI.d384.s14.e3" interaction="false"/><pair id="DrugDDI.d384.s14.p8" e1="DrugDDI.d384.s14.e2" e2="DrugDDI.d384.s14.e4" interaction="false"/><pair id="DrugDDI.d384.s14.p9" e1="DrugDDI.d384.s14.e3" e2="DrugDDI.d384.s14.e4" interaction="false"/></sentence><sentence id="DrugDDI.d384.s15" origId="s15" text="The clinical significance of these findings has not been established."/><sentence id="DrugDDI.d384.s16" origId="s16" text="Methotrexate: Caution should be used if diflunisal is administered concomitantly with methotrexate."><entity id="DrugDDI.d384.s16.e0" origId="s16.p172" charOffset="0-12" type="drug" text="Methotrexate"/><entity id="DrugDDI.d384.s16.e1" origId="s16.p178" charOffset="40-50" type="drug" text="diflunisal"/><entity id="DrugDDI.d384.s16.e2" origId="s16.p182" charOffset="86-98" type="drug" text="methotrexate"/><pair id="DrugDDI.d384.s16.p0" e1="DrugDDI.d384.s16.e0" e2="DrugDDI.d384.s16.e1" interaction="false"/><pair id="DrugDDI.d384.s16.p1" e1="DrugDDI.d384.s16.e0" e2="DrugDDI.d384.s16.e2" interaction="false"/><pair id="DrugDDI.d384.s16.p2" e1="DrugDDI.d384.s16.e1" e2="DrugDDI.d384.s16.e2" interaction="true"/></sentence><sentence id="DrugDDI.d384.s17" origId="s17" text="Nonsteroidal anti-inflammatory drugs have been reported to decrease the tubular secretion of methotrexate and to potentiate its toxicity."><entity id="DrugDDI.d384.s17.e0" origId="s17.p183" charOffset="0-36" type="drug" text="Nonsteroidal anti-inflammatory drugs"/><entity id="DrugDDI.d384.s17.e1" origId="s17.p190" charOffset="93-105" type="drug" text="methotrexate"/><pair id="DrugDDI.d384.s17.p0" e1="DrugDDI.d384.s17.e0" e2="DrugDDI.d384.s17.e1" interaction="true"/></sentence><sentence id="DrugDDI.d384.s18" origId="s18" text="Cyclosporine: Administration of nonsteroial anti-inflammatory drugs concomitantly with cyclosporine has been associated with an increase in cyclosporine-induced toxicity, possibly due to decreased synthesis of renal prostacyclin."><entity id="DrugDDI.d384.s18.e0" origId="s18.p195" charOffset="0-12" type="drug" text="Cyclosporine"/><entity id="DrugDDI.d384.s18.e1" origId="s18.p198" charOffset="32-67" type="drug" text="nonsteroial anti-inflammatory drugs"/><entity id="DrugDDI.d384.s18.e2" origId="s18.p199" charOffset="87-99" type="drug" text="cyclosporine"/><entity id="DrugDDI.d384.s18.e3" origId="s18.p207" charOffset="216-228" type="drug" text="prostacyclin"/><pair id="DrugDDI.d384.s18.p0" e1="DrugDDI.d384.s18.e0" e2="DrugDDI.d384.s18.e1" interaction="false"/><pair id="DrugDDI.d384.s18.p1" e1="DrugDDI.d384.s18.e0" e2="DrugDDI.d384.s18.e2" interaction="false"/><pair id="DrugDDI.d384.s18.p2" e1="DrugDDI.d384.s18.e0" e2="DrugDDI.d384.s18.e3" interaction="false"/><pair id="DrugDDI.d384.s18.p3" e1="DrugDDI.d384.s18.e1" e2="DrugDDI.d384.s18.e2" interaction="true"/><pair id="DrugDDI.d384.s18.p4" e1="DrugDDI.d384.s18.e1" e2="DrugDDI.d384.s18.e3" interaction="false"/><pair id="DrugDDI.d384.s18.p5" e1="DrugDDI.d384.s18.e2" e2="DrugDDI.d384.s18.e3" interaction="false"/></sentence><sentence id="DrugDDI.d384.s19" origId="s19" text="NSAIDs should be used with caution in patients taking cyclosporine, and renal function should be carefully monitored."><entity id="DrugDDI.d384.s19.e0" origId="s19.p208" charOffset="0-6" type="drug" text="NSAIDs"/><entity id="DrugDDI.d384.s19.e1" origId="s19.p215" charOffset="54-66" type="drug" text="cyclosporine"/><pair id="DrugDDI.d384.s19.p0" e1="DrugDDI.d384.s19.e0" e2="DrugDDI.d384.s19.e1" interaction="true"/></sentence><sentence id="DrugDDI.d384.s20" origId="s20" text="Nonsteroidal Anti-Inflammatory Drugs The administration of diflunisal to normal volunteers receiving indomethacin decreased the renal clearance and significantly increased the plasma levels of indomethacin."><entity id="DrugDDI.d384.s20.e0" origId="s20.p222" charOffset="0-36" type="drug" text="Nonsteroidal Anti-Inflammatory Drugs"/><entity id="DrugDDI.d384.s20.e1" origId="s20.p223" charOffset="59-69" type="drug" text="diflunisal"/><entity id="DrugDDI.d384.s20.e2" origId="s20.p226" charOffset="101-113" type="drug" text="indomethacin"/><entity id="DrugDDI.d384.s20.e3" origId="s20.p233" charOffset="193-205" type="drug" text="indomethacin"/><pair id="DrugDDI.d384.s20.p0" e1="DrugDDI.d384.s20.e0" e2="DrugDDI.d384.s20.e1" interaction="false"/><pair id="DrugDDI.d384.s20.p1" e1="DrugDDI.d384.s20.e0" e2="DrugDDI.d384.s20.e2" interaction="false"/><pair id="DrugDDI.d384.s20.p2" e1="DrugDDI.d384.s20.e0" e2="DrugDDI.d384.s20.e3" interaction="false"/><pair id="DrugDDI.d384.s20.p3" e1="DrugDDI.d384.s20.e1" e2="DrugDDI.d384.s20.e2" interaction="true"/><pair id="DrugDDI.d384.s20.p4" e1="DrugDDI.d384.s20.e1" e2="DrugDDI.d384.s20.e3" interaction="false"/><pair id="DrugDDI.d384.s20.p5" e1="DrugDDI.d384.s20.e2" e2="DrugDDI.d384.s20.e3" interaction="false"/></sentence><sentence id="DrugDDI.d384.s21" origId="s21" text="In some patients the combined use of indomethacin and diflunisal has been associated with fatal gastrointestinal hemorrhage."><entity id="DrugDDI.d384.s21.e0" origId="s21.p235" charOffset="37-49" type="drug" text="indomethacin"/><entity id="DrugDDI.d384.s21.e1" origId="s21.p237" charOffset="54-64" type="drug" text="diflunisal"/><pair id="DrugDDI.d384.s21.p0" e1="DrugDDI.d384.s21.e0" e2="DrugDDI.d384.s21.e1" interaction="true"/></sentence><sentence id="DrugDDI.d384.s22" origId="s22" text="Therefore, indomethacin and diflunisal should not be used concomitantly."><entity id="DrugDDI.d384.s22.e0" origId="s22.p243" charOffset="11-23" type="drug" text="indomethacin"/><entity id="DrugDDI.d384.s22.e1" origId="s22.p245" charOffset="28-38" type="drug" text="diflunisal"/><pair id="DrugDDI.d384.s22.p0" e1="DrugDDI.d384.s22.e0" e2="DrugDDI.d384.s22.e1" interaction="true"/></sentence><sentence id="DrugDDI.d384.s23" origId="s23" text="The concomitant use of diflunisal tablets and other NSAIDs is not recommended due to the increased possibility of gastrointestinal toxicity, with little or no increase in efficacy."><entity id="DrugDDI.d384.s23.e0" origId="s23.p252" charOffset="23-33" type="drug" text="diflunisal"/><entity id="DrugDDI.d384.s23.e1" origId="s23.p254" charOffset="52-58" type="drug" text="NSAIDs"/><pair id="DrugDDI.d384.s23.p0" e1="DrugDDI.d384.s23.e0" e2="DrugDDI.d384.s23.e1" interaction="true"/></sentence><sentence id="DrugDDI.d384.s24" origId="s24" text="The following information was obtained from studies in normal volunteers."/><sentence id="DrugDDI.d384.s25" origId="s25" text="Aspirin: In normal volunteers, a small decrease in diflunisal levels was observed when multiple doses of diflunisal and aspirin were administered concomitantly."><entity id="DrugDDI.d384.s25.e0" origId="s25.p269" charOffset="0-7" type="drug" text="Aspirin"/><entity id="DrugDDI.d384.s25.e1" origId="s25.p273" charOffset="51-61" type="drug" text="diflunisal"/><entity id="DrugDDI.d384.s25.e2" origId="s25.p278" charOffset="105-115" type="drug" text="diflunisal"/><entity id="DrugDDI.d384.s25.e3" origId="s25.p280" charOffset="120-127" type="drug" text="aspirin"/><pair id="DrugDDI.d384.s25.p0" e1="DrugDDI.d384.s25.e0" e2="DrugDDI.d384.s25.e1" interaction="false"/><pair id="DrugDDI.d384.s25.p1" e1="DrugDDI.d384.s25.e0" e2="DrugDDI.d384.s25.e2" interaction="false"/><pair id="DrugDDI.d384.s25.p2" e1="DrugDDI.d384.s25.e0" e2="DrugDDI.d384.s25.e3" interaction="false"/><pair id="DrugDDI.d384.s25.p3" e1="DrugDDI.d384.s25.e1" e2="DrugDDI.d384.s25.e2" interaction="false"/><pair id="DrugDDI.d384.s25.p4" e1="DrugDDI.d384.s25.e1" e2="DrugDDI.d384.s25.e3" interaction="false"/><pair id="DrugDDI.d384.s25.p5" e1="DrugDDI.d384.s25.e2" e2="DrugDDI.d384.s25.e3" interaction="true"/></sentence><sentence id="DrugDDI.d384.s26" origId="s26" text="Sulindac: The concomitant administration of diflunisal and sulindac in normal volunteers resulted in lowering of the plasma levels of the active sulindac sulfide metabolite by approximately one-third."><entity id="DrugDDI.d384.s26.e0" origId="s26.p284" charOffset="0-8" type="drug" text="Sulindac"/><entity id="DrugDDI.d384.s26.e1" origId="s26.p287" charOffset="44-54" type="drug" text="diflunisal"/><entity id="DrugDDI.d384.s26.e2" origId="s26.p289" charOffset="59-67" type="drug" text="sulindac"/><entity id="DrugDDI.d384.s26.e3" origId="s26.p294" charOffset="145-172" type="drug" text="sulindac sulfide metabolite"/><pair id="DrugDDI.d384.s26.p0" e1="DrugDDI.d384.s26.e0" e2="DrugDDI.d384.s26.e1" interaction="false"/><pair id="DrugDDI.d384.s26.p1" e1="DrugDDI.d384.s26.e0" e2="DrugDDI.d384.s26.e2" interaction="false"/><pair id="DrugDDI.d384.s26.p2" e1="DrugDDI.d384.s26.e0" e2="DrugDDI.d384.s26.e3" interaction="false"/><pair id="DrugDDI.d384.s26.p3" e1="DrugDDI.d384.s26.e1" e2="DrugDDI.d384.s26.e2" interaction="true"/><pair id="DrugDDI.d384.s26.p4" e1="DrugDDI.d384.s26.e1" e2="DrugDDI.d384.s26.e3" interaction="false"/><pair id="DrugDDI.d384.s26.p5" e1="DrugDDI.d384.s26.e2" e2="DrugDDI.d384.s26.e3" interaction="false"/></sentence><sentence id="DrugDDI.d384.s27" origId="s27" text="Naproxen: The concomitant administration of diflunisal and naproxen in normal volunteers had no effect on the plasma levels of naproxen, but significantly decreased the urinary excretion of naproxen and its glucuronide metabolite."><entity id="DrugDDI.d384.s27.e0" origId="s27.p296" charOffset="0-8" type="drug" text="Naproxen"/><entity id="DrugDDI.d384.s27.e1" origId="s27.p299" charOffset="44-54" type="drug" text="diflunisal"/><entity id="DrugDDI.d384.s27.e2" origId="s27.p301" charOffset="59-67" type="drug" text="naproxen"/><entity id="DrugDDI.d384.s27.e3" origId="s27.p306" charOffset="127-135" type="drug" text="naproxen"/><entity id="DrugDDI.d384.s27.e4" origId="s27.p311" charOffset="190-198" type="drug" text="naproxen"/><entity id="DrugDDI.d384.s27.e5" origId="s27.p313" charOffset="207-229" type="drug" text="glucuronide metabolite"/><pair id="DrugDDI.d384.s27.p0" e1="DrugDDI.d384.s27.e0" e2="DrugDDI.d384.s27.e1" interaction="false"/><pair id="DrugDDI.d384.s27.p1" e1="DrugDDI.d384.s27.e0" e2="DrugDDI.d384.s27.e2" interaction="false"/><pair id="DrugDDI.d384.s27.p2" e1="DrugDDI.d384.s27.e0" e2="DrugDDI.d384.s27.e3" interaction="false"/><pair id="DrugDDI.d384.s27.p3" e1="DrugDDI.d384.s27.e0" e2="DrugDDI.d384.s27.e4" interaction="false"/><pair id="DrugDDI.d384.s27.p4" e1="DrugDDI.d384.s27.e0" e2="DrugDDI.d384.s27.e5" interaction="false"/><pair id="DrugDDI.d384.s27.p5" e1="DrugDDI.d384.s27.e1" e2="DrugDDI.d384.s27.e2" interaction="true"/><pair id="DrugDDI.d384.s27.p6" e1="DrugDDI.d384.s27.e1" e2="DrugDDI.d384.s27.e3" interaction="false"/><pair id="DrugDDI.d384.s27.p7" e1="DrugDDI.d384.s27.e1" e2="DrugDDI.d384.s27.e4" interaction="false"/><pair id="DrugDDI.d384.s27.p8" e1="DrugDDI.d384.s27.e1" e2="DrugDDI.d384.s27.e5" interaction="false"/><pair id="DrugDDI.d384.s27.p9" e1="DrugDDI.d384.s27.e2" e2="DrugDDI.d384.s27.e3" interaction="false"/><pair id="DrugDDI.d384.s27.p10" e1="DrugDDI.d384.s27.e2" e2="DrugDDI.d384.s27.e4" interaction="false"/><pair id="DrugDDI.d384.s27.p11" e1="DrugDDI.d384.s27.e2" e2="DrugDDI.d384.s27.e5" interaction="false"/><pair id="DrugDDI.d384.s27.p12" e1="DrugDDI.d384.s27.e3" e2="DrugDDI.d384.s27.e4" interaction="false"/><pair id="DrugDDI.d384.s27.p13" e1="DrugDDI.d384.s27.e3" e2="DrugDDI.d384.s27.e5" interaction="false"/><pair id="DrugDDI.d384.s27.p14" e1="DrugDDI.d384.s27.e4" e2="DrugDDI.d384.s27.e5" interaction="false"/></sentence><sentence id="DrugDDI.d384.s28" origId="s28" text="Naproxen had no effect on plasma levels of diflunisal."><entity id="DrugDDI.d384.s28.e0" origId="s28.p314" charOffset="0-8" type="drug" text="Naproxen"/><entity id="DrugDDI.d384.s28.e1" origId="s28.p318" charOffset="43-53" type="drug" text="diflunisal"/><pair id="DrugDDI.d384.s28.p0" e1="DrugDDI.d384.s28.e0" e2="DrugDDI.d384.s28.e1" interaction="false"/></sentence><sentence id="DrugDDI.d384.s29" origId="s29" text="Drug laboratory Test Interactions Serum Salicylate Assays: Caution should be used in interpreting the results of serum salicylate assays when diflunisal is present."><entity id="DrugDDI.d384.s29.e0" origId="s29.p319" charOffset="40-50" type="drug" text="Salicylate"/><entity id="DrugDDI.d384.s29.e1" origId="s29.p326" charOffset="119-129" type="drug" text="salicylate"/><entity id="DrugDDI.d384.s29.e2" origId="s29.p328" charOffset="142-152" type="drug" text="diflunisal"/><pair id="DrugDDI.d384.s29.p0" e1="DrugDDI.d384.s29.e0" e2="DrugDDI.d384.s29.e1" interaction="false"/><pair id="DrugDDI.d384.s29.p1" e1="DrugDDI.d384.s29.e0" e2="DrugDDI.d384.s29.e2" interaction="false"/><pair id="DrugDDI.d384.s29.p2" e1="DrugDDI.d384.s29.e1" e2="DrugDDI.d384.s29.e2" interaction="true"/></sentence><sentence id="DrugDDI.d384.s30" origId="s30" text="Salicylate levels have been found to be falsely elevated with some assay methods."/></document>