<?xml version="1.0" encoding="UTF-8"?>
<document id="DrugDDI.d147" origId="Digoxin"><sentence id="DrugDDI.d147.s0" origId="s0" text="Potassium-depleting diuretics are a major contributing factor to digitalis toxicity."><entity id="DrugDDI.d147.s0.e0" origId="s0.p0" charOffset="0-29" type="drug" text="potassium-depleting diuretics"/></sentence><sentence id="DrugDDI.d147.s1" origId="s1" text="Calcium, particularly if administered rapidly by the intravenous route, may produce serious arrhythmias in digitalized patients."><entity id="DrugDDI.d147.s1.e0" origId="s1.p4" charOffset="0-7" type="drug" text="Calcium"/></sentence><sentence id="DrugDDI.d147.s2" origId="s2" text="Quinidine, verapamil, amiodarone, propafenone, indomethacin, itraconazole, alprazolam, and spironolactone raise the serum digoxin concentration due to a reduction in clearance and/or in volume of distribution of the drug, with the implication that digitalis intoxication may result."><entity id="DrugDDI.d147.s2.e0" origId="s2.p14" charOffset="0-9" type="drug" text="Quinidine"/><entity id="DrugDDI.d147.s2.e1" origId="s2.p15" charOffset="11-20" type="drug" text="verapamil"/><entity id="DrugDDI.d147.s2.e2" origId="s2.p16" charOffset="22-32" type="drug" text="amiodarone"/><entity id="DrugDDI.d147.s2.e3" origId="s2.p17" charOffset="34-45" type="drug" text="propafenone"/><entity id="DrugDDI.d147.s2.e4" origId="s2.p18" charOffset="47-59" type="drug" text="indomethacin"/><entity id="DrugDDI.d147.s2.e5" origId="s2.p19" charOffset="61-73" type="drug" text="itraconazole"/><entity id="DrugDDI.d147.s2.e6" origId="s2.p20" charOffset="75-85" type="drug" text="alprazolam"/><entity id="DrugDDI.d147.s2.e7" origId="s2.p22" charOffset="91-105" type="drug" text="spironolactone"/><entity id="DrugDDI.d147.s2.e8" origId="s2.p24" charOffset="122-129" type="drug" text="digoxin"/><entity id="DrugDDI.d147.s2.e9" origId="s2.p30" charOffset="216-220" type="drug" text="drug"/><pair id="DrugDDI.d147.s2.p0" e1="DrugDDI.d147.s2.e0" e2="DrugDDI.d147.s2.e1" interaction="false"/><pair id="DrugDDI.d147.s2.p1" e1="DrugDDI.d147.s2.e0" e2="DrugDDI.d147.s2.e2" interaction="false"/><pair id="DrugDDI.d147.s2.p2" e1="DrugDDI.d147.s2.e0" e2="DrugDDI.d147.s2.e3" interaction="false"/><pair id="DrugDDI.d147.s2.p3" e1="DrugDDI.d147.s2.e0" e2="DrugDDI.d147.s2.e4" interaction="false"/><pair id="DrugDDI.d147.s2.p4" e1="DrugDDI.d147.s2.e0" e2="DrugDDI.d147.s2.e5" interaction="false"/><pair id="DrugDDI.d147.s2.p5" e1="DrugDDI.d147.s2.e0" e2="DrugDDI.d147.s2.e6" interaction="false"/><pair id="DrugDDI.d147.s2.p6" e1="DrugDDI.d147.s2.e0" e2="DrugDDI.d147.s2.e7" interaction="false"/><pair id="DrugDDI.d147.s2.p7" e1="DrugDDI.d147.s2.e0" e2="DrugDDI.d147.s2.e8" interaction="true"/><pair id="DrugDDI.d147.s2.p8" e1="DrugDDI.d147.s2.e0" e2="DrugDDI.d147.s2.e9" interaction="false"/><pair id="DrugDDI.d147.s2.p9" e1="DrugDDI.d147.s2.e1" e2="DrugDDI.d147.s2.e2" interaction="false"/><pair id="DrugDDI.d147.s2.p10" e1="DrugDDI.d147.s2.e1" e2="DrugDDI.d147.s2.e3" interaction="false"/><pair id="DrugDDI.d147.s2.p11" e1="DrugDDI.d147.s2.e1" e2="DrugDDI.d147.s2.e4" interaction="false"/><pair id="DrugDDI.d147.s2.p12" e1="DrugDDI.d147.s2.e1" e2="DrugDDI.d147.s2.e5" interaction="false"/><pair id="DrugDDI.d147.s2.p13" e1="DrugDDI.d147.s2.e1" e2="DrugDDI.d147.s2.e6" interaction="false"/><pair id="DrugDDI.d147.s2.p14" e1="DrugDDI.d147.s2.e1" e2="DrugDDI.d147.s2.e7" interaction="false"/><pair id="DrugDDI.d147.s2.p15" e1="DrugDDI.d147.s2.e1" e2="DrugDDI.d147.s2.e8" interaction="true"/><pair id="DrugDDI.d147.s2.p16" e1="DrugDDI.d147.s2.e1" e2="DrugDDI.d147.s2.e9" interaction="false"/><pair id="DrugDDI.d147.s2.p17" e1="DrugDDI.d147.s2.e2" e2="DrugDDI.d147.s2.e3" interaction="false"/><pair id="DrugDDI.d147.s2.p18" e1="DrugDDI.d147.s2.e2" e2="DrugDDI.d147.s2.e4" interaction="false"/><pair id="DrugDDI.d147.s2.p19" e1="DrugDDI.d147.s2.e2" e2="DrugDDI.d147.s2.e5" interaction="false"/><pair id="DrugDDI.d147.s2.p20" e1="DrugDDI.d147.s2.e2" e2="DrugDDI.d147.s2.e6" interaction="false"/><pair id="DrugDDI.d147.s2.p21" e1="DrugDDI.d147.s2.e2" e2="DrugDDI.d147.s2.e7" interaction="false"/><pair id="DrugDDI.d147.s2.p22" e1="DrugDDI.d147.s2.e2" e2="DrugDDI.d147.s2.e8" interaction="true"/><pair id="DrugDDI.d147.s2.p23" e1="DrugDDI.d147.s2.e2" e2="DrugDDI.d147.s2.e9" interaction="false"/><pair id="DrugDDI.d147.s2.p24" e1="DrugDDI.d147.s2.e3" e2="DrugDDI.d147.s2.e4" interaction="false"/><pair id="DrugDDI.d147.s2.p25" e1="DrugDDI.d147.s2.e3" e2="DrugDDI.d147.s2.e5" interaction="false"/><pair id="DrugDDI.d147.s2.p26" e1="DrugDDI.d147.s2.e3" e2="DrugDDI.d147.s2.e6" interaction="false"/><pair id="DrugDDI.d147.s2.p27" e1="DrugDDI.d147.s2.e3" e2="DrugDDI.d147.s2.e7" interaction="false"/><pair id="DrugDDI.d147.s2.p28" e1="DrugDDI.d147.s2.e3" e2="DrugDDI.d147.s2.e8" interaction="true"/><pair id="DrugDDI.d147.s2.p29" e1="DrugDDI.d147.s2.e3" e2="DrugDDI.d147.s2.e9" interaction="false"/><pair id="DrugDDI.d147.s2.p30" e1="DrugDDI.d147.s2.e4" e2="DrugDDI.d147.s2.e5" interaction="false"/><pair id="DrugDDI.d147.s2.p31" e1="DrugDDI.d147.s2.e4" e2="DrugDDI.d147.s2.e6" interaction="false"/><pair id="DrugDDI.d147.s2.p32" e1="DrugDDI.d147.s2.e4" e2="DrugDDI.d147.s2.e7" interaction="false"/><pair id="DrugDDI.d147.s2.p33" e1="DrugDDI.d147.s2.e4" e2="DrugDDI.d147.s2.e8" interaction="true"/><pair id="DrugDDI.d147.s2.p34" e1="DrugDDI.d147.s2.e4" e2="DrugDDI.d147.s2.e9" interaction="false"/><pair id="DrugDDI.d147.s2.p35" e1="DrugDDI.d147.s2.e5" e2="DrugDDI.d147.s2.e6" interaction="false"/><pair id="DrugDDI.d147.s2.p36" e1="DrugDDI.d147.s2.e5" e2="DrugDDI.d147.s2.e7" interaction="false"/><pair id="DrugDDI.d147.s2.p37" e1="DrugDDI.d147.s2.e5" e2="DrugDDI.d147.s2.e8" interaction="true"/><pair id="DrugDDI.d147.s2.p38" e1="DrugDDI.d147.s2.e5" e2="DrugDDI.d147.s2.e9" interaction="false"/><pair id="DrugDDI.d147.s2.p39" e1="DrugDDI.d147.s2.e6" e2="DrugDDI.d147.s2.e7" interaction="false"/><pair id="DrugDDI.d147.s2.p40" e1="DrugDDI.d147.s2.e6" e2="DrugDDI.d147.s2.e8" interaction="true"/><pair id="DrugDDI.d147.s2.p41" e1="DrugDDI.d147.s2.e6" e2="DrugDDI.d147.s2.e9" interaction="false"/><pair id="DrugDDI.d147.s2.p42" e1="DrugDDI.d147.s2.e7" e2="DrugDDI.d147.s2.e8" interaction="true"/><pair id="DrugDDI.d147.s2.p43" e1="DrugDDI.d147.s2.e7" e2="DrugDDI.d147.s2.e9" interaction="false"/><pair id="DrugDDI.d147.s2.p44" e1="DrugDDI.d147.s2.e8" e2="DrugDDI.d147.s2.e9" interaction="false"/></sentence><sentence id="DrugDDI.d147.s3" origId="s3" text="Erythromycin and clarithromycin (and possibly other macrolide antibiotics) and tetracycline may increase digoxin absorption in patients who inactivate digoxin by bacterial metabolism in the lower intestine, so that digitalis intoxication may result."><entity id="DrugDDI.d147.s3.e0" origId="s3.p35" charOffset="0-12" type="drug" text="Erythromycin"/><entity id="DrugDDI.d147.s3.e1" origId="s3.p37" charOffset="17-31" type="drug" text="clarithromycin"/><entity id="DrugDDI.d147.s3.e2" origId="s3.p40" charOffset="52-73" type="drug" text="macrolide antibiotics"/><entity id="DrugDDI.d147.s3.e3" origId="s3.p43" charOffset="79-91" type="drug" text="tetracycline"/><entity id="DrugDDI.d147.s3.e4" origId="s3.p46" charOffset="105-112" type="drug" text="digoxin"/><entity id="DrugDDI.d147.s3.e5" origId="s3.p50" charOffset="151-158" type="drug" text="digoxin"/><pair id="DrugDDI.d147.s3.p0" e1="DrugDDI.d147.s3.e0" e2="DrugDDI.d147.s3.e1" interaction="false"/><pair id="DrugDDI.d147.s3.p1" e1="DrugDDI.d147.s3.e0" e2="DrugDDI.d147.s3.e2" interaction="false"/><pair id="DrugDDI.d147.s3.p2" e1="DrugDDI.d147.s3.e0" e2="DrugDDI.d147.s3.e3" interaction="false"/><pair id="DrugDDI.d147.s3.p3" e1="DrugDDI.d147.s3.e0" e2="DrugDDI.d147.s3.e4" interaction="true"/><pair id="DrugDDI.d147.s3.p4" e1="DrugDDI.d147.s3.e0" e2="DrugDDI.d147.s3.e5" interaction="false"/><pair id="DrugDDI.d147.s3.p5" e1="DrugDDI.d147.s3.e1" e2="DrugDDI.d147.s3.e2" interaction="false"/><pair id="DrugDDI.d147.s3.p6" e1="DrugDDI.d147.s3.e1" e2="DrugDDI.d147.s3.e3" interaction="false"/><pair id="DrugDDI.d147.s3.p7" e1="DrugDDI.d147.s3.e1" e2="DrugDDI.d147.s3.e4" interaction="true"/><pair id="DrugDDI.d147.s3.p8" e1="DrugDDI.d147.s3.e1" e2="DrugDDI.d147.s3.e5" interaction="false"/><pair id="DrugDDI.d147.s3.p9" e1="DrugDDI.d147.s3.e2" e2="DrugDDI.d147.s3.e3" interaction="false"/><pair id="DrugDDI.d147.s3.p10" e1="DrugDDI.d147.s3.e2" e2="DrugDDI.d147.s3.e4" interaction="true"/><pair id="DrugDDI.d147.s3.p11" e1="DrugDDI.d147.s3.e2" e2="DrugDDI.d147.s3.e5" interaction="false"/><pair id="DrugDDI.d147.s3.p12" e1="DrugDDI.d147.s3.e3" e2="DrugDDI.d147.s3.e4" interaction="true"/><pair id="DrugDDI.d147.s3.p13" e1="DrugDDI.d147.s3.e3" e2="DrugDDI.d147.s3.e5" interaction="false"/><pair id="DrugDDI.d147.s3.p14" e1="DrugDDI.d147.s3.e4" e2="DrugDDI.d147.s3.e5" interaction="false"/></sentence><sentence id="DrugDDI.d147.s4" origId="s4" text="The risk of this interaction may be reduced if digoxin is given as capsules."><entity id="DrugDDI.d147.s4.e0" origId="s4.p62" charOffset="47-54" type="drug" text="digoxin"/></sentence><sentence id="DrugDDI.d147.s5" origId="s5" text="Propantheline and diphenoxylate, by decreasing gut motility, may increase digoxin absorption."><entity id="DrugDDI.d147.s5.e0" origId="s5.p66" charOffset="0-13" type="drug" text="Propantheline"/><entity id="DrugDDI.d147.s5.e1" origId="s5.p68" charOffset="18-31" type="drug" text="diphenoxylate"/><entity id="DrugDDI.d147.s5.e2" origId="s5.p72" charOffset="74-81" type="drug" text="digoxin"/><pair id="DrugDDI.d147.s5.p0" e1="DrugDDI.d147.s5.e0" e2="DrugDDI.d147.s5.e1" interaction="false"/><pair id="DrugDDI.d147.s5.p1" e1="DrugDDI.d147.s5.e0" e2="DrugDDI.d147.s5.e2" interaction="true"/><pair id="DrugDDI.d147.s5.p2" e1="DrugDDI.d147.s5.e1" e2="DrugDDI.d147.s5.e2" interaction="true"/></sentence><sentence id="DrugDDI.d147.s6" origId="s6" text="Antacids, kaolin-pectin, sulfasalazine, neomycin, cholestyramine, certain anticancer drugs, and metoclopramide may interfere with intestinal digoxin absorption, resulting in unexpectedly low serum concentrations."><entity id="DrugDDI.d147.s6.e0" origId="s6.p73" charOffset="0-8" type="drug" text="Antacids"/><entity id="DrugDDI.d147.s6.e1" origId="s6.p74" charOffset="10-23" type="drug" text="kaolin-pectin"/><entity id="DrugDDI.d147.s6.e2" origId="s6.p75" charOffset="25-38" type="drug" text="sulfasalazine"/><entity id="DrugDDI.d147.s6.e3" origId="s6.p76" charOffset="40-48" type="drug" text="neomycin"/><entity id="DrugDDI.d147.s6.e4" origId="s6.p77" charOffset="50-64" type="drug" text="cholestyramine"/><entity id="DrugDDI.d147.s6.e5" origId="s6.p80" charOffset="96-110" type="drug" text="metoclopramide"/><entity id="DrugDDI.d147.s6.e6" origId="s6.p83" charOffset="141-148" type="drug" text="digoxin"/><pair id="DrugDDI.d147.s6.p0" e1="DrugDDI.d147.s6.e0" e2="DrugDDI.d147.s6.e1" interaction="false"/><pair id="DrugDDI.d147.s6.p1" e1="DrugDDI.d147.s6.e0" e2="DrugDDI.d147.s6.e2" interaction="false"/><pair id="DrugDDI.d147.s6.p2" e1="DrugDDI.d147.s6.e0" e2="DrugDDI.d147.s6.e3" interaction="false"/><pair id="DrugDDI.d147.s6.p3" e1="DrugDDI.d147.s6.e0" e2="DrugDDI.d147.s6.e4" interaction="false"/><pair id="DrugDDI.d147.s6.p4" e1="DrugDDI.d147.s6.e0" e2="DrugDDI.d147.s6.e5" interaction="false"/><pair id="DrugDDI.d147.s6.p5" e1="DrugDDI.d147.s6.e0" e2="DrugDDI.d147.s6.e6" interaction="true"/><pair id="DrugDDI.d147.s6.p6" e1="DrugDDI.d147.s6.e1" e2="DrugDDI.d147.s6.e2" interaction="false"/><pair id="DrugDDI.d147.s6.p7" e1="DrugDDI.d147.s6.e1" e2="DrugDDI.d147.s6.e3" interaction="false"/><pair id="DrugDDI.d147.s6.p8" e1="DrugDDI.d147.s6.e1" e2="DrugDDI.d147.s6.e4" interaction="false"/><pair id="DrugDDI.d147.s6.p9" e1="DrugDDI.d147.s6.e1" e2="DrugDDI.d147.s6.e5" interaction="false"/><pair id="DrugDDI.d147.s6.p10" e1="DrugDDI.d147.s6.e1" e2="DrugDDI.d147.s6.e6" interaction="true"/><pair id="DrugDDI.d147.s6.p11" e1="DrugDDI.d147.s6.e2" e2="DrugDDI.d147.s6.e3" interaction="false"/><pair id="DrugDDI.d147.s6.p12" e1="DrugDDI.d147.s6.e2" e2="DrugDDI.d147.s6.e4" interaction="false"/><pair id="DrugDDI.d147.s6.p13" e1="DrugDDI.d147.s6.e2" e2="DrugDDI.d147.s6.e5" interaction="false"/><pair id="DrugDDI.d147.s6.p14" e1="DrugDDI.d147.s6.e2" e2="DrugDDI.d147.s6.e6" interaction="true"/><pair id="DrugDDI.d147.s6.p15" e1="DrugDDI.d147.s6.e3" e2="DrugDDI.d147.s6.e4" interaction="false"/><pair id="DrugDDI.d147.s6.p16" e1="DrugDDI.d147.s6.e3" e2="DrugDDI.d147.s6.e5" interaction="false"/><pair id="DrugDDI.d147.s6.p17" e1="DrugDDI.d147.s6.e3" e2="DrugDDI.d147.s6.e6" interaction="true"/><pair id="DrugDDI.d147.s6.p18" e1="DrugDDI.d147.s6.e4" e2="DrugDDI.d147.s6.e5" interaction="false"/><pair id="DrugDDI.d147.s6.p19" e1="DrugDDI.d147.s6.e4" e2="DrugDDI.d147.s6.e6" interaction="true"/><pair id="DrugDDI.d147.s6.p20" e1="DrugDDI.d147.s6.e5" e2="DrugDDI.d147.s6.e6" interaction="true"/></sentence><sentence id="DrugDDI.d147.s7" origId="s7" text="Rifampin may decrease serum digoxin concentration, especially in patients with renal dysfunction, by increasing the non-renal clearance of digoxin."><entity id="DrugDDI.d147.s7.e0" origId="s7.p86" charOffset="0-8" type="drug" text="Rifampin"/><entity id="DrugDDI.d147.s7.e1" origId="s7.p89" charOffset="28-35" type="drug" text="digoxin"/><entity id="DrugDDI.d147.s7.e2" origId="s7.p94" charOffset="139-146" type="drug" text="digoxin"/><pair id="DrugDDI.d147.s7.p0" e1="DrugDDI.d147.s7.e0" e2="DrugDDI.d147.s7.e1" interaction="true"/><pair id="DrugDDI.d147.s7.p1" e1="DrugDDI.d147.s7.e0" e2="DrugDDI.d147.s7.e2" interaction="false"/><pair id="DrugDDI.d147.s7.p2" e1="DrugDDI.d147.s7.e1" e2="DrugDDI.d147.s7.e2" interaction="false"/></sentence><sentence id="DrugDDI.d147.s8" origId="s8" text="There have been inconsistent reports regarding the effects of other drugs (e.g., quinine, penicillamine) on serum digoxin concentration."><entity id="DrugDDI.d147.s8.e0" origId="s8.p101" charOffset="68-73" type="drug" text="drugs"/><entity id="DrugDDI.d147.s8.e1" origId="s8.p104" charOffset="81-88" type="drug" text="quinine"/><entity id="DrugDDI.d147.s8.e2" origId="s8.p105" charOffset="90-103" type="drug" text="penicillamine"/><entity id="DrugDDI.d147.s8.e3" origId="s8.p107" charOffset="114-121" type="drug" text="digoxin"/><pair id="DrugDDI.d147.s8.p0" e1="DrugDDI.d147.s8.e0" e2="DrugDDI.d147.s8.e1" interaction="false"/><pair id="DrugDDI.d147.s8.p1" e1="DrugDDI.d147.s8.e0" e2="DrugDDI.d147.s8.e2" interaction="false"/><pair id="DrugDDI.d147.s8.p2" e1="DrugDDI.d147.s8.e0" e2="DrugDDI.d147.s8.e3" interaction="false"/><pair id="DrugDDI.d147.s8.p3" e1="DrugDDI.d147.s8.e1" e2="DrugDDI.d147.s8.e2" interaction="false"/><pair id="DrugDDI.d147.s8.p4" e1="DrugDDI.d147.s8.e1" e2="DrugDDI.d147.s8.e3" interaction="false"/><pair id="DrugDDI.d147.s8.p5" e1="DrugDDI.d147.s8.e2" e2="DrugDDI.d147.s8.e3" interaction="false"/></sentence><sentence id="DrugDDI.d147.s9" origId="s9" text="Thyroid administration to a digitalized, hypothyroid patient may increase the dose requirement of digoxin."><entity id="DrugDDI.d147.s9.e0" origId="s9.p108" charOffset="0-7" type="drug" text="Thyroid"/><entity id="DrugDDI.d147.s9.e1" origId="s9.p113" charOffset="98-105" type="drug" text="digoxin"/><pair id="DrugDDI.d147.s9.p0" e1="DrugDDI.d147.s9.e0" e2="DrugDDI.d147.s9.e1" interaction="false"/></sentence><sentence id="DrugDDI.d147.s10" origId="s10" text="Concomitant use of digoxin and sympathomimetics increases the risk of cardiac arrhythmias."><entity id="DrugDDI.d147.s10.e0" origId="s10.p115" charOffset="19-26" type="drug" text="digoxin"/><entity id="DrugDDI.d147.s10.e1" origId="s10.p117" charOffset="31-47" type="drug" text="sympathomimetics"/><pair id="DrugDDI.d147.s10.p0" e1="DrugDDI.d147.s10.e0" e2="DrugDDI.d147.s10.e1" interaction="true"/></sentence><sentence id="DrugDDI.d147.s11" origId="s11" text="Succinylcholine may cause a sudden extrusion of potassium from muscle cells, and may thereby cause arrhythmias in digitalized patients."><entity id="DrugDDI.d147.s11.e0" origId="s11.p121" charOffset="0-15" type="drug" text="Succinylcholine"/><entity id="DrugDDI.d147.s11.e1" origId="s11.p125" charOffset="48-57" type="drug" text="potassium"/><pair id="DrugDDI.d147.s11.p0" e1="DrugDDI.d147.s11.e0" e2="DrugDDI.d147.s11.e1" interaction="false"/></sentence><sentence id="DrugDDI.d147.s12" origId="s12" text="Although beta-adrenergic blockers or calcium channel blockers and digoxin may be useful in combination to control atrial fibrillation, their additive effects on AV node conduction can result in advanced or complete heart block."><entity id="DrugDDI.d147.s12.e0" origId="s12.p134" charOffset="9-33" type="drug" text="beta-adrenergic blockers"/><entity id="DrugDDI.d147.s12.e1" origId="s12.p136" charOffset="37-61" type="drug" text="calcium channel blockers"/><entity id="DrugDDI.d147.s12.e2" origId="s12.p138" charOffset="66-73" type="drug" text="digoxin"/><pair id="DrugDDI.d147.s12.p0" e1="DrugDDI.d147.s12.e0" e2="DrugDDI.d147.s12.e1" interaction="false"/><pair id="DrugDDI.d147.s12.p1" e1="DrugDDI.d147.s12.e0" e2="DrugDDI.d147.s12.e2" interaction="false"/><pair id="DrugDDI.d147.s12.p2" e1="DrugDDI.d147.s12.e1" e2="DrugDDI.d147.s12.e2" interaction="false"/></sentence><sentence id="DrugDDI.d147.s13" origId="s13" text="Due to the considerable variability of these interactions, the dosage of digoxin should be individualized when patients receive these medications concurrently."><entity id="DrugDDI.d147.s13.e0" origId="s13.p155" charOffset="73-80" type="drug" text="digoxin"/><entity id="DrugDDI.d147.s13.e1" origId="s13.p162" charOffset="134-145" type="drug" text="medications"/><pair id="DrugDDI.d147.s13.p0" e1="DrugDDI.d147.s13.e0" e2="DrugDDI.d147.s13.e1" interaction="false"/></sentence><sentence id="DrugDDI.d147.s14" origId="s14" text="Furthermore, caution should be exercised when combining digoxin with any drug that may cause a significant deterioration in renal function, since a decline in glomerular filtration or tubular secretion may impair the excretion of digoxin."><entity id="DrugDDI.d147.s14.e0" origId="s14.p169" charOffset="56-63" type="drug" text="digoxin"/><entity id="DrugDDI.d147.s14.e1" origId="s14.p170" charOffset="73-77" type="drug" text="drug"/><entity id="DrugDDI.d147.s14.e2" origId="s14.p184" charOffset="230-237" type="drug" text="digoxin"/><pair id="DrugDDI.d147.s14.p0" e1="DrugDDI.d147.s14.e0" e2="DrugDDI.d147.s14.e1" interaction="true"/><pair id="DrugDDI.d147.s14.p1" e1="DrugDDI.d147.s14.e0" e2="DrugDDI.d147.s14.e2" interaction="false"/><pair id="DrugDDI.d147.s14.p2" e1="DrugDDI.d147.s14.e1" e2="DrugDDI.d147.s14.e2" interaction="false"/></sentence></document>