<?xml version="1.0" encoding="UTF-8"?>
<document id="DrugDDI.d82" origId="Diltiazem"><sentence id="DrugDDI.d82.s0" origId="s0" text="Due to the potential for additive effects, caution and careful titration are warranted in patients receiving diltiazem hydrochloride concomitantly with other agents known to affect cardiac contractility and/or conduction."><entity id="DrugDDI.d82.s0.e0" origId="s0.p9" charOffset="109-132" type="drug" text="diltiazem hydrochloride"/></sentence><sentence id="DrugDDI.d82.s1" origId="s1" text="Pharmacologic studies indicate that there may be additive effects in prolonging AV conduction when using beta-blockers or digitalis concomitantly with Tiazac."><entity id="DrugDDI.d82.s1.e0" origId="s1.p26" charOffset="105-119" type="drug" text="beta-blockers"/><entity id="DrugDDI.d82.s1.e1" origId="s1.p28" charOffset="122-131" type="drug" text="digitalis"/><entity id="DrugDDI.d82.s1.e2" origId="s1.p29" charOffset="151-157" type="drug" text="Tiazac"/><pair id="DrugDDI.d82.s1.p0" e1="DrugDDI.d82.s1.e0" e2="DrugDDI.d82.s1.e1" interaction="false"/><pair id="DrugDDI.d82.s1.p1" e1="DrugDDI.d82.s1.e0" e2="DrugDDI.d82.s1.e2" interaction="true"/><pair id="DrugDDI.d82.s1.p2" e1="DrugDDI.d82.s1.e1" e2="DrugDDI.d82.s1.e2" interaction="true"/></sentence><sentence id="DrugDDI.d82.s2" origId="s2" text="As with all drugs, care should be exercised when treating patients with multiple medications."><entity id="DrugDDI.d82.s2.e0" origId="s2.p31" charOffset="12-17" type="drug" text="drugs"/><entity id="DrugDDI.d82.s2.e1" origId="s2.p38" charOffset="81-92" type="drug" text="medications"/><pair id="DrugDDI.d82.s2.p0" e1="DrugDDI.d82.s2.e0" e2="DrugDDI.d82.s2.e1" interaction="false"/></sentence><sentence id="DrugDDI.d82.s3" origId="s3" text="Diltiazem is both a substrate and an inhibitor of the cytochrome P-450 3A4 enzyme system."><entity id="DrugDDI.d82.s3.e0" origId="s3.p39" charOffset="0-9" type="drug" text="Diltiazem"/><entity id="DrugDDI.d82.s3.e1" origId="s3.p45" charOffset="54-74" type="drug" text="cytochrome P-450 3A4"/><pair id="DrugDDI.d82.s3.p0" e1="DrugDDI.d82.s3.e0" e2="DrugDDI.d82.s3.e1" interaction="false"/></sentence><sentence id="DrugDDI.d82.s4" origId="s4" text="Other drugs that are specific substrates, inhibitors, or inducers of the enzyme system may have a significant impact on the efficacy and side effect profile of diltiazem."><entity id="DrugDDI.d82.s4.e0" origId="s4.p46" charOffset="6-11" type="drug" text="drugs"/><entity id="DrugDDI.d82.s4.e1" origId="s4.p60" charOffset="160-169" type="drug" text="diltiazem"/><pair id="DrugDDI.d82.s4.p0" e1="DrugDDI.d82.s4.e0" e2="DrugDDI.d82.s4.e1" interaction="true"/></sentence><sentence id="DrugDDI.d82.s5" origId="s5" text="Patients taking other drugs that are substrates of CYP450 3A4, especially patients with renal and/or hepatic impairment, may require dosage adjustment when starting or stopping concomitantly administered diltiazem in order to maintain optimum therapeutic blood levels."><entity id="DrugDDI.d82.s5.e0" origId="s5.p63" charOffset="22-27" type="drug" text="drugs"/><entity id="DrugDDI.d82.s5.e1" origId="s5.p78" charOffset="204-213" type="drug" text="diltiazem"/><pair id="DrugDDI.d82.s5.p0" e1="DrugDDI.d82.s5.e0" e2="DrugDDI.d82.s5.e1" interaction="true"/></sentence><sentence id="DrugDDI.d82.s6" origId="s6" text="Beta Blockers"><entity id="DrugDDI.d82.s6.e0" origId="s6.p82" charOffset="0-13" type="drug" text="Beta Blockers"/></sentence><sentence id="DrugDDI.d82.s7" origId="s7" text="Controlled and uncontrolled domestic studies suggest that concomitant use of diltiazem hydrochloride and beta-blockers is usually well tolerated, but available data are not sufficient to predict the effects of concomitant treatment in patients with left ventricular dysfunction or cardiac conduction abnormalities."><entity id="DrugDDI.d82.s7.e0" origId="s7.p88" charOffset="77-100" type="drug" text="diltiazem hydrochloride"/><entity id="DrugDDI.d82.s7.e1" origId="s7.p90" charOffset="105-119" type="drug" text="beta-blockers"/><pair id="DrugDDI.d82.s7.p0" e1="DrugDDI.d82.s7.e0" e2="DrugDDI.d82.s7.e1" interaction="false"/></sentence><sentence id="DrugDDI.d82.s8" origId="s8" text="Administration of diltiazem hydrochloride concomitantly with propranolol in five normal volunteers resulted in increased propranolol levels in all subjects and bioavailability of propranolol was increased approximately 50%."><entity id="DrugDDI.d82.s8.e0" origId="s8.p107" charOffset="18-41" type="drug" text="diltiazem hydrochloride"/><entity id="DrugDDI.d82.s8.e1" origId="s8.p108" charOffset="61-72" type="drug" text="propranolol"/><entity id="DrugDDI.d82.s8.e2" origId="s8.p111" charOffset="121-132" type="drug" text="propranolol"/><entity id="DrugDDI.d82.s8.e3" origId="s8.p116" charOffset="179-190" type="drug" text="propranolol"/><pair id="DrugDDI.d82.s8.p0" e1="DrugDDI.d82.s8.e0" e2="DrugDDI.d82.s8.e1" interaction="true"/><pair id="DrugDDI.d82.s8.p1" e1="DrugDDI.d82.s8.e0" e2="DrugDDI.d82.s8.e2" interaction="false"/><pair id="DrugDDI.d82.s8.p2" e1="DrugDDI.d82.s8.e0" e2="DrugDDI.d82.s8.e3" interaction="false"/><pair id="DrugDDI.d82.s8.p3" e1="DrugDDI.d82.s8.e1" e2="DrugDDI.d82.s8.e2" interaction="false"/><pair id="DrugDDI.d82.s8.p4" e1="DrugDDI.d82.s8.e1" e2="DrugDDI.d82.s8.e3" interaction="false"/><pair id="DrugDDI.d82.s8.p5" e1="DrugDDI.d82.s8.e2" e2="DrugDDI.d82.s8.e3" interaction="false"/></sentence><sentence id="DrugDDI.d82.s9" origId="s9" text="In vitro, propranolol appears to be displaced from its binding sites by diltiazem."><entity id="DrugDDI.d82.s9.e0" origId="s9.p120" charOffset="10-21" type="drug" text="propranolol"/><entity id="DrugDDI.d82.s9.e1" origId="s9.p126" charOffset="72-81" type="drug" text="diltiazem"/><pair id="DrugDDI.d82.s9.p0" e1="DrugDDI.d82.s9.e0" e2="DrugDDI.d82.s9.e1" interaction="true"/></sentence><sentence id="DrugDDI.d82.s10" origId="s10" text="If combination therapy is initiated or withdrawn in conjunction with propranolol, an adjustment in the propranolol dose may be warranted."><entity id="DrugDDI.d82.s10.e0" origId="s10.p132" charOffset="69-80" type="drug" text="propranolol"/></sentence><sentence id="DrugDDI.d82.s11" origId="s11" text="Cimetidine"><entity id="DrugDDI.d82.s11.e0" origId="s11.p138" charOffset="0-10" type="drug" text="Cimetidine"/></sentence><sentence id="DrugDDI.d82.s12" origId="s12" text="A study in six healthy volunteers has shown a significant increase in peak diltiazem plasma levels (58%) and AUC (53%) after a 1-week course of cimetidine 1200 mg/day and a single dose of diltiazem 60mg."><entity id="DrugDDI.d82.s12.e0" origId="s12.p144" charOffset="75-84" type="drug" text="diltiazem"/><entity id="DrugDDI.d82.s12.e1" origId="s12.p154" charOffset="144-154" type="drug" text="cimetidine"/><entity id="DrugDDI.d82.s12.e2" origId="s12.p158" charOffset="188-197" type="drug" text="diltiazem"/><pair id="DrugDDI.d82.s12.p0" e1="DrugDDI.d82.s12.e0" e2="DrugDDI.d82.s12.e1" interaction="false"/><pair id="DrugDDI.d82.s12.p1" e1="DrugDDI.d82.s12.e0" e2="DrugDDI.d82.s12.e2" interaction="false"/><pair id="DrugDDI.d82.s12.p2" e1="DrugDDI.d82.s12.e1" e2="DrugDDI.d82.s12.e2" interaction="true"/></sentence><sentence id="DrugDDI.d82.s13" origId="s13" text="Ranitidine produced smaller, nonsignificant increases."><entity id="DrugDDI.d82.s13.e0" origId="s13.p159" charOffset="0-10" type="drug" text="Ranitidine"/></sentence><sentence id="DrugDDI.d82.s14" origId="s14" text="The effect may be mediated by cimetidines known inhibition of hepatic cytochrome P-450, the enzyme system responsible for the first-pass metabolism of diltiazem."><entity id="DrugDDI.d82.s14.e0" origId="s14.p166" charOffset="30-40" type="drug" text="cimetidine"/><entity id="DrugDDI.d82.s14.e1" origId="s14.p169" charOffset="70-86" type="drug" text="cytochrome P-450"/><entity id="DrugDDI.d82.s14.e2" origId="s14.p174" charOffset="151-160" type="drug" text="diltiazem"/><pair id="DrugDDI.d82.s14.p0" e1="DrugDDI.d82.s14.e0" e2="DrugDDI.d82.s14.e1" interaction="false"/><pair id="DrugDDI.d82.s14.p1" e1="DrugDDI.d82.s14.e0" e2="DrugDDI.d82.s14.e2" interaction="false"/><pair id="DrugDDI.d82.s14.p2" e1="DrugDDI.d82.s14.e1" e2="DrugDDI.d82.s14.e2" interaction="false"/></sentence><sentence id="DrugDDI.d82.s15" origId="s15" text="Patients currently receiving diltiazem therapy should be carefully monitored for a change in pharmacological effect when initiating and discontinuing therapy with cimetidine."><entity id="DrugDDI.d82.s15.e0" origId="s15.p177" charOffset="29-38" type="drug" text="diltiazem"/><entity id="DrugDDI.d82.s15.e1" origId="s15.p188" charOffset="163-173" type="drug" text="cimetidine"/><pair id="DrugDDI.d82.s15.p0" e1="DrugDDI.d82.s15.e0" e2="DrugDDI.d82.s15.e1" interaction="true"/></sentence><sentence id="DrugDDI.d82.s16" origId="s16" text="An adjustment in the diltiazem dose may be warranted."><entity id="DrugDDI.d82.s16.e0" origId="s16.p190" charOffset="21-30" type="drug" text="diltiazem"/></sentence><sentence id="DrugDDI.d82.s17" origId="s17" text="Digitalis"><entity id="DrugDDI.d82.s17.e0" origId="s17.p194" charOffset="0-9" type="drug" text="Digitalis"/></sentence><sentence id="DrugDDI.d82.s18" origId="s18" text="Administration of diltiazem hydrochloride with digoxin in 24 healthy male subjects increased plasma digoxin concentrations approximately 20%."><entity id="DrugDDI.d82.s18.e0" origId="s18.p196" charOffset="18-41" type="drug" text="diltiazem hydrochloride"/><entity id="DrugDDI.d82.s18.e1" origId="s18.p197" charOffset="47-54" type="drug" text="digoxin"/><entity id="DrugDDI.d82.s18.e2" origId="s18.p200" charOffset="100-107" type="drug" text="digoxin"/><pair id="DrugDDI.d82.s18.p0" e1="DrugDDI.d82.s18.e0" e2="DrugDDI.d82.s18.e1" interaction="true"/><pair id="DrugDDI.d82.s18.p1" e1="DrugDDI.d82.s18.e0" e2="DrugDDI.d82.s18.e2" interaction="false"/><pair id="DrugDDI.d82.s18.p2" e1="DrugDDI.d82.s18.e1" e2="DrugDDI.d82.s18.e2" interaction="false"/></sentence><sentence id="DrugDDI.d82.s19" origId="s19" text="Another investigator found no increase in digoxin levels in 12 patients with coronary artery disease."/><sentence id="DrugDDI.d82.s20" origId="s20" text="Since there have been conflicting results regarding the effect of digoxin levels, it is recommended that digoxin levels be monitored when initiating, adjusting, and discontinuing diltiazem hydrochloride therapy to avoid possible over- or under-digitalization."><entity id="DrugDDI.d82.s20.e0" origId="s20.p227" charOffset="179-202" type="drug" text="diltiazem hydrochloride"/></sentence><sentence id="DrugDDI.d82.s21" origId="s21" text="Anesthetics"><entity id="DrugDDI.d82.s21.e0" origId="s21.p232" charOffset="0-11" type="drug" text="Anesthetics"/></sentence><sentence id="DrugDDI.d82.s22" origId="s22" text="The depression of cardiac contractility, conductivity, and automaticity as well as the vascular dilation associated with anesthetics may be potentiated by calcium channel blockers."><entity id="DrugDDI.d82.s22.e0" origId="s22.p241" charOffset="121-132" type="drug" text="anesthetics"/><entity id="DrugDDI.d82.s22.e1" origId="s22.p245" charOffset="155-179" type="drug" text="calcium channel blockers"/><pair id="DrugDDI.d82.s22.p0" e1="DrugDDI.d82.s22.e0" e2="DrugDDI.d82.s22.e1" interaction="true"/></sentence><sentence id="DrugDDI.d82.s23" origId="s23" text="When used concomitantly, anesthetics and calcium channel blockers should be titrated carefully."><entity id="DrugDDI.d82.s23.e0" origId="s23.p249" charOffset="25-36" type="drug" text="anesthetics"/><entity id="DrugDDI.d82.s23.e1" origId="s23.p251" charOffset="41-65" type="drug" text="calcium channel blockers"/><pair id="DrugDDI.d82.s23.p0" e1="DrugDDI.d82.s23.e0" e2="DrugDDI.d82.s23.e1" interaction="true"/></sentence><sentence id="DrugDDI.d82.s24" origId="s24" text="Cyclosporine"><entity id="DrugDDI.d82.s24.e0" origId="s24.p256" charOffset="0-12" type="drug" text="Cyclosporine"/></sentence><sentence id="DrugDDI.d82.s25" origId="s25" text="A pharmacokinetic interaction between diltiazem and cyclosporine has been observed during studies involving renal and cardiac transplant patients."><entity id="DrugDDI.d82.s25.e0" origId="s25.p258" charOffset="38-47" type="drug" text="diltiazem"/><entity id="DrugDDI.d82.s25.e1" origId="s25.p260" charOffset="52-64" type="drug" text="cyclosporine"/><pair id="DrugDDI.d82.s25.p0" e1="DrugDDI.d82.s25.e0" e2="DrugDDI.d82.s25.e1" interaction="true"/></sentence><sentence id="DrugDDI.d82.s26" origId="s26" text="In renal and cardiac transplant recipients, a reduction of cyclosporine dose ranging from 15% to 48% was necessary to maintain cyclosporine trough concentrations similar to those seen prior to the addition of diltiazem."><entity id="DrugDDI.d82.s26.e0" origId="s26.p273" charOffset="59-71" type="drug" text="cyclosporine"/><entity id="DrugDDI.d82.s26.e1" origId="s26.p279" charOffset="127-139" type="drug" text="cyclosporine"/><entity id="DrugDDI.d82.s26.e2" origId="s26.p283" charOffset="209-218" type="drug" text="diltiazem"/><pair id="DrugDDI.d82.s26.p0" e1="DrugDDI.d82.s26.e0" e2="DrugDDI.d82.s26.e1" interaction="false"/><pair id="DrugDDI.d82.s26.p1" e1="DrugDDI.d82.s26.e0" e2="DrugDDI.d82.s26.e2" interaction="false"/><pair id="DrugDDI.d82.s26.p2" e1="DrugDDI.d82.s26.e1" e2="DrugDDI.d82.s26.e2" interaction="false"/></sentence><sentence id="DrugDDI.d82.s27" origId="s27" text="If these agents are to be administered concurrently, cyclosporine concentrations should be monitored, especially when diltiazem therapy is initiated, adjusted, or discontinued."><entity id="DrugDDI.d82.s27.e0" origId="s27.p290" charOffset="53-65" type="drug" text="cyclosporine"/><entity id="DrugDDI.d82.s27.e1" origId="s27.p297" charOffset="118-127" type="drug" text="diltiazem"/><pair id="DrugDDI.d82.s27.p0" e1="DrugDDI.d82.s27.e0" e2="DrugDDI.d82.s27.e1" interaction="true"/></sentence><sentence id="DrugDDI.d82.s28" origId="s28" text="The effect of cyclosporine on diltiazem plasma concentrations has not been evaluated."><entity id="DrugDDI.d82.s28.e0" origId="s28.p306" charOffset="14-26" type="drug" text="cyclosporine"/><entity id="DrugDDI.d82.s28.e1" origId="s28.p307" charOffset="30-39" type="drug" text="diltiazem"/><pair id="DrugDDI.d82.s28.p0" e1="DrugDDI.d82.s28.e0" e2="DrugDDI.d82.s28.e1" interaction="false"/></sentence><sentence id="DrugDDI.d82.s29" origId="s29" text="Carbamazepine"><entity id="DrugDDI.d82.s29.e0" origId="s29.p312" charOffset="0-13" type="drug" text="Carbamazepine"/></sentence><sentence id="DrugDDI.d82.s30" origId="s30" text="Concomitant administration of diltiazem with carbamazepine has been reported to result in elevated serum levels of carbamazepine (40% to 72% increase), resulting in toxicity in some cases."><entity id="DrugDDI.d82.s30.e0" origId="s30.p314" charOffset="30-39" type="drug" text="diltiazem"/><entity id="DrugDDI.d82.s30.e1" origId="s30.p315" charOffset="45-58" type="drug" text="carbamazepine"/><entity id="DrugDDI.d82.s30.e2" origId="s30.p322" charOffset="115-128" type="drug" text="carbamazepine"/><pair id="DrugDDI.d82.s30.p0" e1="DrugDDI.d82.s30.e0" e2="DrugDDI.d82.s30.e1" interaction="true"/><pair id="DrugDDI.d82.s30.p1" e1="DrugDDI.d82.s30.e0" e2="DrugDDI.d82.s30.e2" interaction="false"/><pair id="DrugDDI.d82.s30.p2" e1="DrugDDI.d82.s30.e1" e2="DrugDDI.d82.s30.e2" interaction="false"/></sentence><sentence id="DrugDDI.d82.s31" origId="s31" text="Patients receiving these drugs concurrently should be monitored for a potential drug interaction."><entity id="DrugDDI.d82.s31.e0" origId="s31.p333" charOffset="25-30" type="drug" text="drugs"/></sentence><sentence id="DrugDDI.d82.s32" origId="s32" text="Benzodiazepines"><entity id="DrugDDI.d82.s32.e0" origId="s32.p338" charOffset="0-15" type="drug" text="Benzodiazepines"/></sentence><sentence id="DrugDDI.d82.s33" origId="s33" text="Studies showed that diltiazem increased the AUC of midazolam and triazolam by 3-4 fold and the Cmax by 2-fold, compared to placebo."><entity id="DrugDDI.d82.s33.e0" origId="s33.p341" charOffset="20-29" type="drug" text="diltiazem"/><entity id="DrugDDI.d82.s33.e1" origId="s33.p344" charOffset="51-60" type="drug" text="midazolam"/><entity id="DrugDDI.d82.s33.e2" origId="s33.p346" charOffset="65-74" type="drug" text="triazolam"/><pair id="DrugDDI.d82.s33.p0" e1="DrugDDI.d82.s33.e0" e2="DrugDDI.d82.s33.e1" interaction="true"/><pair id="DrugDDI.d82.s33.p1" e1="DrugDDI.d82.s33.e0" e2="DrugDDI.d82.s33.e2" interaction="true"/><pair id="DrugDDI.d82.s33.p2" e1="DrugDDI.d82.s33.e1" e2="DrugDDI.d82.s33.e2" interaction="false"/></sentence><sentence id="DrugDDI.d82.s34" origId="s34" text="The elimination half life of midazolam and triazolam also increased (1.5-2.5 fold) during coadministration with diltiazem."><entity id="DrugDDI.d82.s34.e0" origId="s34.p354" charOffset="29-38" type="drug" text="midazolam"/><entity id="DrugDDI.d82.s34.e1" origId="s34.p356" charOffset="43-52" type="drug" text="triazolam"/><entity id="DrugDDI.d82.s34.e2" origId="s34.p363" charOffset="112-121" type="drug" text="diltiazem"/><pair id="DrugDDI.d82.s34.p0" e1="DrugDDI.d82.s34.e0" e2="DrugDDI.d82.s34.e1" interaction="false"/><pair id="DrugDDI.d82.s34.p1" e1="DrugDDI.d82.s34.e0" e2="DrugDDI.d82.s34.e2" interaction="true"/><pair id="DrugDDI.d82.s34.p2" e1="DrugDDI.d82.s34.e1" e2="DrugDDI.d82.s34.e2" interaction="true"/></sentence><sentence id="DrugDDI.d82.s35" origId="s35" text="These pharmacokinetic effects seen during diltiazem coadministration can result in increased clinical effects (e.g., prolonged sodation)of both midazolam and triazolam."><entity id="DrugDDI.d82.s35.e0" origId="s35.p366" charOffset="42-51" type="drug" text="diltiazem"/><entity id="DrugDDI.d82.s35.e1" origId="s35.p376" charOffset="144-153" type="drug" text="midazolam"/><entity id="DrugDDI.d82.s35.e2" origId="s35.p378" charOffset="158-167" type="drug" text="triazolam"/><pair id="DrugDDI.d82.s35.p0" e1="DrugDDI.d82.s35.e0" e2="DrugDDI.d82.s35.e1" interaction="true"/><pair id="DrugDDI.d82.s35.p1" e1="DrugDDI.d82.s35.e0" e2="DrugDDI.d82.s35.e2" interaction="true"/><pair id="DrugDDI.d82.s35.p2" e1="DrugDDI.d82.s35.e1" e2="DrugDDI.d82.s35.e2" interaction="false"/></sentence><sentence id="DrugDDI.d82.s36" origId="s36" text="Lovastatin"><entity id="DrugDDI.d82.s36.e0" origId="s36.p379" charOffset="0-10" type="drug" text="Lovastatin"/></sentence><sentence id="DrugDDI.d82.s37" origId="s37" text="In a ten-subject study, coadministration of diltiazem (120 mg bid) with lovastatin resulted in a 3-4 times increase in mean lovastatin AUC and Cmax vs. lovastatin alone;"><entity id="DrugDDI.d82.s37.e0" origId="s37.p382" charOffset="44-53" type="drug" text="diltiazem"/><entity id="DrugDDI.d82.s37.e1" origId="s37.p384" charOffset="62-65" type="drug" text="bid"/><entity id="DrugDDI.d82.s37.e2" origId="s37.p386" charOffset="72-82" type="drug" text="lovastatin"/><entity id="DrugDDI.d82.s37.e3" origId="s37.p390" charOffset="124-134" type="drug" text="lovastatin"/><entity id="DrugDDI.d82.s37.e4" origId="s37.p394" charOffset="152-162" type="drug" text="lovastatin"/><pair id="DrugDDI.d82.s37.p0" e1="DrugDDI.d82.s37.e0" e2="DrugDDI.d82.s37.e1" interaction="false"/><pair id="DrugDDI.d82.s37.p1" e1="DrugDDI.d82.s37.e0" e2="DrugDDI.d82.s37.e2" interaction="true"/><pair id="DrugDDI.d82.s37.p2" e1="DrugDDI.d82.s37.e0" e2="DrugDDI.d82.s37.e3" interaction="false"/><pair id="DrugDDI.d82.s37.p3" e1="DrugDDI.d82.s37.e0" e2="DrugDDI.d82.s37.e4" interaction="false"/><pair id="DrugDDI.d82.s37.p4" e1="DrugDDI.d82.s37.e1" e2="DrugDDI.d82.s37.e2" interaction="false"/><pair id="DrugDDI.d82.s37.p5" e1="DrugDDI.d82.s37.e1" e2="DrugDDI.d82.s37.e3" interaction="false"/><pair id="DrugDDI.d82.s37.p6" e1="DrugDDI.d82.s37.e1" e2="DrugDDI.d82.s37.e4" interaction="false"/><pair id="DrugDDI.d82.s37.p7" e1="DrugDDI.d82.s37.e2" e2="DrugDDI.d82.s37.e3" interaction="false"/><pair id="DrugDDI.d82.s37.p8" e1="DrugDDI.d82.s37.e2" e2="DrugDDI.d82.s37.e4" interaction="false"/><pair id="DrugDDI.d82.s37.p9" e1="DrugDDI.d82.s37.e3" e2="DrugDDI.d82.s37.e4" interaction="false"/></sentence><sentence id="DrugDDI.d82.s38" origId="s38" text="no change in pravastatin AUC and Cmax was observed during diltiazem coadministration."><entity id="DrugDDI.d82.s38.e0" origId="s38.p397" charOffset="13-24" type="drug" text="pravastatin"/><entity id="DrugDDI.d82.s38.e1" origId="s38.p402" charOffset="58-67" type="drug" text="diltiazem"/><pair id="DrugDDI.d82.s38.p0" e1="DrugDDI.d82.s38.e0" e2="DrugDDI.d82.s38.e1" interaction="false"/></sentence><sentence id="DrugDDI.d82.s39" origId="s39" text="Diltiazem plasma levels were not significantly affected by lovastatin or pravastatin."><entity id="DrugDDI.d82.s39.e0" origId="s39.p403" charOffset="0-9" type="drug" text="Diltiazem"/><entity id="DrugDDI.d82.s39.e1" origId="s39.p407" charOffset="59-69" type="drug" text="lovastatin"/><entity id="DrugDDI.d82.s39.e2" origId="s39.p409" charOffset="73-84" type="drug" text="pravastatin"/><pair id="DrugDDI.d82.s39.p0" e1="DrugDDI.d82.s39.e0" e2="DrugDDI.d82.s39.e1" interaction="false"/><pair id="DrugDDI.d82.s39.p1" e1="DrugDDI.d82.s39.e0" e2="DrugDDI.d82.s39.e2" interaction="false"/><pair id="DrugDDI.d82.s39.p2" e1="DrugDDI.d82.s39.e1" e2="DrugDDI.d82.s39.e2" interaction="false"/></sentence><sentence id="DrugDDI.d82.s40" origId="s40" text="Rifampin"><entity id="DrugDDI.d82.s40.e0" origId="s40.p410" charOffset="0-8" type="drug" text="Rifampin"/></sentence><sentence id="DrugDDI.d82.s41" origId="s41" text="Coadministration of rifampin with diltiazem lowered the diltiazem plasma concentrations to undetectable levels."><entity id="DrugDDI.d82.s41.e0" origId="s41.p412" charOffset="20-28" type="drug" text="rifampin"/><entity id="DrugDDI.d82.s41.e1" origId="s41.p413" charOffset="34-43" type="drug" text="diltiazem"/><entity id="DrugDDI.d82.s41.e2" origId="s41.p415" charOffset="56-65" type="drug" text="diltiazem"/><pair id="DrugDDI.d82.s41.p0" e1="DrugDDI.d82.s41.e0" e2="DrugDDI.d82.s41.e1" interaction="true"/><pair id="DrugDDI.d82.s41.p1" e1="DrugDDI.d82.s41.e0" e2="DrugDDI.d82.s41.e2" interaction="false"/><pair id="DrugDDI.d82.s41.p2" e1="DrugDDI.d82.s41.e1" e2="DrugDDI.d82.s41.e2" interaction="false"/></sentence><sentence id="DrugDDI.d82.s42" origId="s42" text="Coadministration of diltiazem with rifampin or any known CYP3A4 inducer should be avoided when possible, and alternative therapy considered."><entity id="DrugDDI.d82.s42.e0" origId="s42.p418" charOffset="20-29" type="drug" text="diltiazem"/><entity id="DrugDDI.d82.s42.e1" origId="s42.p419" charOffset="35-43" type="drug" text="rifampin"/><entity id="DrugDDI.d82.s42.e2" origId="s42.p421" charOffset="57-63" type="drug" text="CYP3A4"/><pair id="DrugDDI.d82.s42.p0" e1="DrugDDI.d82.s42.e0" e2="DrugDDI.d82.s42.e1" interaction="true"/><pair id="DrugDDI.d82.s42.p1" e1="DrugDDI.d82.s42.e0" e2="DrugDDI.d82.s42.e2" interaction="true"/><pair id="DrugDDI.d82.s42.p2" e1="DrugDDI.d82.s42.e1" e2="DrugDDI.d82.s42.e2" interaction="false"/></sentence></document>