<?xml version="1.0" encoding="UTF-8"?>
<document id="DrugDDI.d294" origId="Dimenhydrinate"><sentence id="DrugDDI.d294.s0" origId="s0" text="Dimenhydrinate may decrease emetic response to apomorphine."><entity id="DrugDDI.d294.s0.e0" origId="s0.p0" charOffset="0-14" type="drug" text="Dimenhydrinate"/><entity id="DrugDDI.d294.s0.e1" origId="s0.p3" charOffset="28-34" type="drug" text="emetic"/><entity id="DrugDDI.d294.s0.e2" origId="s0.p4" charOffset="47-58" type="drug" text="apomorphine"/><pair id="DrugDDI.d294.s0.p0" e1="DrugDDI.d294.s0.e0" e2="DrugDDI.d294.s0.e1" interaction="false"/><pair id="DrugDDI.d294.s0.p1" e1="DrugDDI.d294.s0.e0" e2="DrugDDI.d294.s0.e2" interaction="true"/><pair id="DrugDDI.d294.s0.p2" e1="DrugDDI.d294.s0.e1" e2="DrugDDI.d294.s0.e2" interaction="false"/></sentence></document>