<?xml version="1.0" encoding="UTF-8"?>
<document id="DrugDDI.d451" origId="Dinoprostone"><sentence id="DrugDDI.d451.s0" origId="s0" text="PROSTIN E2 may augment the activity of other oxytocic drugs."><entity id="DrugDDI.d451.s0.e0" origId="s0.p0" charOffset="0-10" type="drug" text="PROSTIN E2"/><entity id="DrugDDI.d451.s0.e1" origId="s0.p4" charOffset="45-59" type="drug" text="oxytocic drugs"/><pair id="DrugDDI.d451.s0.p0" e1="DrugDDI.d451.s0.e0" e2="DrugDDI.d451.s0.e1" interaction="false"/></sentence><sentence id="DrugDDI.d451.s1" origId="s1" text="Concomitant use with other oxytocic agents is not recommended."><entity id="DrugDDI.d451.s1.e0" origId="s1.p6" charOffset="27-42" type="drug" text="oxytocic agents"/></sentence></document>