<?xml version="1.0" encoding="UTF-8"?>
<document id="DrugDDI.d178" origId="Dinoprost Tromethamine"><sentence id="DrugDDI.d178.s0" origId="s0" text="Oxytocin or other oxytocics (concurrent use with dinoprost may result in uterine hypertonus, possibly causing uterine rupture or cervical laceration, especially in the absence of adequate cervical dilatation;"><entity id="DrugDDI.d178.s0.e0" origId="s0.p0" charOffset="0-8" type="drug" text="Oxytocin"/><entity id="DrugDDI.d178.s0.e1" origId="s0.p2" charOffset="18-27" type="drug" text="oxytocics"/><entity id="DrugDDI.d178.s0.e2" origId="s0.p5" charOffset="49-58" type="drug" text="dinoprost"/><pair id="DrugDDI.d178.s0.p0" e1="DrugDDI.d178.s0.e0" e2="DrugDDI.d178.s0.e1" interaction="false"/><pair id="DrugDDI.d178.s0.p1" e1="DrugDDI.d178.s0.e0" e2="DrugDDI.d178.s0.e2" interaction="false"/><pair id="DrugDDI.d178.s0.p2" e1="DrugDDI.d178.s0.e1" e2="DrugDDI.d178.s0.e2" interaction="false"/></sentence><sentence id="DrugDDI.d178.s1" origId="s1" text="although combinations are sometimes used for therapeutic advantage, when used concurrently, patient should be closely monitored."/></document>