<?xml version="1.0" encoding="UTF-8"?>
<document id="DrugDDI.d26" origId="Dipyridamole"><sentence id="DrugDDI.d26.s0" origId="s0" text="No pharmacokinetic drug-drug interaction studies were conducted with PERSANTINE? (dipyridamole USP) Tablets."><entity id="DrugDDI.d26.s0.e0" origId="s0.p5" charOffset="82-94" type="drug" text="dipyridamole"/></sentence><sentence id="DrugDDI.d26.s1" origId="s1" text="The following information was obtained from the literature."/><sentence id="DrugDDI.d26.s2" origId="s2" text="Adenosine: Dipyridamole has been reported to increase the plasma levels and cardiovascular effects of adenosine."><entity id="DrugDDI.d26.s2.e0" origId="s2.p12" charOffset="0-9" type="drug" text="Adenosine"/><entity id="DrugDDI.d26.s2.e1" origId="s2.p14" charOffset="11-23" type="drug" text="Dipyridamole"/><entity id="DrugDDI.d26.s2.e2" origId="s2.p23" charOffset="102-111" type="drug" text="adenosine"/><pair id="DrugDDI.d26.s2.p0" e1="DrugDDI.d26.s2.e0" e2="DrugDDI.d26.s2.e1" interaction="false"/><pair id="DrugDDI.d26.s2.p1" e1="DrugDDI.d26.s2.e0" e2="DrugDDI.d26.s2.e2" interaction="false"/><pair id="DrugDDI.d26.s2.p2" e1="DrugDDI.d26.s2.e1" e2="DrugDDI.d26.s2.e2" interaction="true"/></sentence><sentence id="DrugDDI.d26.s3" origId="s3" text="Adjustment of adenosine dosage may be necessary."><entity id="DrugDDI.d26.s3.e0" origId="s3.p25" charOffset="14-23" type="drug" text="adenosine"/></sentence><sentence id="DrugDDI.d26.s4" origId="s4" text="Cholinesterase Inhibitors: Dipyridamole may counteract the anticholinesterase effect of cholinesterase inhibitors, thereby potentially aggravating myasthenia gravis."><entity id="DrugDDI.d26.s4.e0" origId="s4.p29" charOffset="0-25" type="drug" text="Cholinesterase Inhibitors"/><entity id="DrugDDI.d26.s4.e1" origId="s4.p31" charOffset="27-39" type="drug" text="Dipyridamole"/><entity id="DrugDDI.d26.s4.e2" origId="s4.p34" charOffset="59-77" type="drug" text="anticholinesterase"/><entity id="DrugDDI.d26.s4.e3" origId="s4.p35" charOffset="88-113" type="drug" text="cholinesterase inhibitors"/><pair id="DrugDDI.d26.s4.p0" e1="DrugDDI.d26.s4.e0" e2="DrugDDI.d26.s4.e1" interaction="false"/><pair id="DrugDDI.d26.s4.p1" e1="DrugDDI.d26.s4.e0" e2="DrugDDI.d26.s4.e2" interaction="false"/><pair id="DrugDDI.d26.s4.p2" e1="DrugDDI.d26.s4.e0" e2="DrugDDI.d26.s4.e3" interaction="false"/><pair id="DrugDDI.d26.s4.p3" e1="DrugDDI.d26.s4.e1" e2="DrugDDI.d26.s4.e2" interaction="false"/><pair id="DrugDDI.d26.s4.p4" e1="DrugDDI.d26.s4.e1" e2="DrugDDI.d26.s4.e3" interaction="true"/><pair id="DrugDDI.d26.s4.p5" e1="DrugDDI.d26.s4.e2" e2="DrugDDI.d26.s4.e3" interaction="false"/></sentence></document>