<?xml version="1.0" encoding="UTF-8"?>
<document id="DrugDDI.d29" origId="Dirithromycin"><sentence id="DrugDDI.d29.s0" origId="s0" text="Terfenadine In a prospective study involving six-healthy-male volunteers, dirithromycin did not affect the metabolism of terfenadine."><entity id="DrugDDI.d29.s0.e0" origId="s0.p0" charOffset="0-11" type="drug" text="Terfenadine"/><entity id="DrugDDI.d29.s0.e1" origId="s0.p4" charOffset="74-87" type="drug" text="dirithromycin"/><entity id="DrugDDI.d29.s0.e2" origId="s0.p9" charOffset="121-132" type="drug" text="terfenadine"/><pair id="DrugDDI.d29.s0.p0" e1="DrugDDI.d29.s0.e0" e2="DrugDDI.d29.s0.e1" interaction="false"/><pair id="DrugDDI.d29.s0.p1" e1="DrugDDI.d29.s0.e0" e2="DrugDDI.d29.s0.e2" interaction="false"/><pair id="DrugDDI.d29.s0.p2" e1="DrugDDI.d29.s0.e1" e2="DrugDDI.d29.s0.e2" interaction="false"/></sentence><sentence id="DrugDDI.d29.s1" origId="s1" text="These six volunteers received terfenadine alone (60 mg twice daily) for 8 days, followed by terfenadine in combination with dirithromycin (500 mg once daily) for 10 days."><entity id="DrugDDI.d29.s1.e0" origId="s1.p12" charOffset="30-41" type="drug" text="terfenadine"/><entity id="DrugDDI.d29.s1.e1" origId="s1.p18" charOffset="92-103" type="drug" text="terfenadine"/><entity id="DrugDDI.d29.s1.e2" origId="s1.p20" charOffset="124-137" type="drug" text="dirithromycin"/><pair id="DrugDDI.d29.s1.p0" e1="DrugDDI.d29.s1.e0" e2="DrugDDI.d29.s1.e1" interaction="false"/><pair id="DrugDDI.d29.s1.p1" e1="DrugDDI.d29.s1.e0" e2="DrugDDI.d29.s1.e2" interaction="false"/><pair id="DrugDDI.d29.s1.p2" e1="DrugDDI.d29.s1.e1" e2="DrugDDI.d29.s1.e2" interaction="false"/></sentence><sentence id="DrugDDI.d29.s2" origId="s2" text="(Both drugs were thus dosed to steady state.)"><entity id="DrugDDI.d29.s2.e0" origId="s2.p27" charOffset="6-11" type="drug" text="drugs"/></sentence><sentence id="DrugDDI.d29.s3" origId="s3" text="The pharmacokinetics of terfenadine and its acid metabolite and the electrocardiographic QT c interval were measured during both periods: with terfenadine alone, and with terfenadine plus dirithromycin."><entity id="DrugDDI.d29.s3.e0" origId="s3.p34" charOffset="24-35" type="drug" text="terfenadine"/><entity id="DrugDDI.d29.s3.e1" origId="s3.p36" charOffset="44-59" type="drug" text="acid metabolite"/><entity id="DrugDDI.d29.s3.e2" origId="s3.p45" charOffset="143-154" type="drug" text="terfenadine"/><entity id="DrugDDI.d29.s3.e3" origId="s3.p47" charOffset="171-182" type="drug" text="terfenadine"/><entity id="DrugDDI.d29.s3.e4" origId="s3.p49" charOffset="188-201" type="drug" text="dirithromycin"/><pair id="DrugDDI.d29.s3.p0" e1="DrugDDI.d29.s3.e0" e2="DrugDDI.d29.s3.e1" interaction="false"/><pair id="DrugDDI.d29.s3.p1" e1="DrugDDI.d29.s3.e0" e2="DrugDDI.d29.s3.e2" interaction="false"/><pair id="DrugDDI.d29.s3.p2" e1="DrugDDI.d29.s3.e0" e2="DrugDDI.d29.s3.e3" interaction="false"/><pair id="DrugDDI.d29.s3.p3" e1="DrugDDI.d29.s3.e0" e2="DrugDDI.d29.s3.e4" interaction="false"/><pair id="DrugDDI.d29.s3.p4" e1="DrugDDI.d29.s3.e1" e2="DrugDDI.d29.s3.e2" interaction="false"/><pair id="DrugDDI.d29.s3.p5" e1="DrugDDI.d29.s3.e1" e2="DrugDDI.d29.s3.e3" interaction="false"/><pair id="DrugDDI.d29.s3.p6" e1="DrugDDI.d29.s3.e1" e2="DrugDDI.d29.s3.e4" interaction="false"/><pair id="DrugDDI.d29.s3.p7" e1="DrugDDI.d29.s3.e2" e2="DrugDDI.d29.s3.e3" interaction="false"/><pair id="DrugDDI.d29.s3.p8" e1="DrugDDI.d29.s3.e2" e2="DrugDDI.d29.s3.e4" interaction="false"/><pair id="DrugDDI.d29.s3.p9" e1="DrugDDI.d29.s3.e3" e2="DrugDDI.d29.s3.e4" interaction="false"/></sentence><sentence id="DrugDDI.d29.s4" origId="s4" text="In five men, terfenadine levels were undetectable ( 5 ng/mL) throughout the study;"><entity id="DrugDDI.d29.s4.e0" origId="s4.p51" charOffset="13-24" type="drug" text="terfenadine"/></sentence><sentence id="DrugDDI.d29.s5" origId="s5" text="in one man, the C max of terfenadine was 8.1 ng/mL with terfenadine alone and 7.2 ng/mL with terfenadine plus dirithromycin."><entity id="DrugDDI.d29.s5.e0" origId="s5.p61" charOffset="18-21" type="drug" text="max"/><entity id="DrugDDI.d29.s5.e1" origId="s5.p62" charOffset="25-36" type="drug" text="terfenadine"/><entity id="DrugDDI.d29.s5.e2" origId="s5.p66" charOffset="56-67" type="drug" text="terfenadine"/><entity id="DrugDDI.d29.s5.e3" origId="s5.p70" charOffset="93-104" type="drug" text="terfenadine"/><entity id="DrugDDI.d29.s5.e4" origId="s5.p72" charOffset="110-123" type="drug" text="dirithromycin"/><pair id="DrugDDI.d29.s5.p0" e1="DrugDDI.d29.s5.e0" e2="DrugDDI.d29.s5.e1" interaction="false"/><pair id="DrugDDI.d29.s5.p1" e1="DrugDDI.d29.s5.e0" e2="DrugDDI.d29.s5.e2" interaction="false"/><pair id="DrugDDI.d29.s5.p2" e1="DrugDDI.d29.s5.e0" e2="DrugDDI.d29.s5.e3" interaction="false"/><pair id="DrugDDI.d29.s5.p3" e1="DrugDDI.d29.s5.e0" e2="DrugDDI.d29.s5.e4" interaction="false"/><pair id="DrugDDI.d29.s5.p4" e1="DrugDDI.d29.s5.e1" e2="DrugDDI.d29.s5.e2" interaction="false"/><pair id="DrugDDI.d29.s5.p5" e1="DrugDDI.d29.s5.e1" e2="DrugDDI.d29.s5.e3" interaction="false"/><pair id="DrugDDI.d29.s5.p6" e1="DrugDDI.d29.s5.e1" e2="DrugDDI.d29.s5.e4" interaction="false"/><pair id="DrugDDI.d29.s5.p7" e1="DrugDDI.d29.s5.e2" e2="DrugDDI.d29.s5.e3" interaction="false"/><pair id="DrugDDI.d29.s5.p8" e1="DrugDDI.d29.s5.e2" e2="DrugDDI.d29.s5.e4" interaction="false"/><pair id="DrugDDI.d29.s5.p9" e1="DrugDDI.d29.s5.e3" e2="DrugDDI.d29.s5.e4" interaction="false"/></sentence><sentence id="DrugDDI.d29.s6" origId="s6" text="The mean C max , T max , and AUC of the acid metabolite of terfenadine were not significantly changed."><entity id="DrugDDI.d29.s6.e0" origId="s6.p73" charOffset="11-14" type="drug" text="max"/><entity id="DrugDDI.d29.s6.e1" origId="s6.p74" charOffset="19-22" type="drug" text="max"/><entity id="DrugDDI.d29.s6.e2" origId="s6.p77" charOffset="40-55" type="drug" text="acid metabolite"/><entity id="DrugDDI.d29.s6.e3" origId="s6.p78" charOffset="59-70" type="drug" text="terfenadine"/><pair id="DrugDDI.d29.s6.p0" e1="DrugDDI.d29.s6.e0" e2="DrugDDI.d29.s6.e1" interaction="false"/><pair id="DrugDDI.d29.s6.p1" e1="DrugDDI.d29.s6.e0" e2="DrugDDI.d29.s6.e2" interaction="false"/><pair id="DrugDDI.d29.s6.p2" e1="DrugDDI.d29.s6.e0" e2="DrugDDI.d29.s6.e3" interaction="false"/><pair id="DrugDDI.d29.s6.p3" e1="DrugDDI.d29.s6.e1" e2="DrugDDI.d29.s6.e2" interaction="false"/><pair id="DrugDDI.d29.s6.p4" e1="DrugDDI.d29.s6.e1" e2="DrugDDI.d29.s6.e3" interaction="false"/><pair id="DrugDDI.d29.s6.p5" e1="DrugDDI.d29.s6.e2" e2="DrugDDI.d29.s6.e3" interaction="false"/></sentence><sentence id="DrugDDI.d29.s7" origId="s7" text="The mean QT c interval (msec) was 369 with terfenadine alone and 367 with terfenadine plus dirithromycin."><entity id="DrugDDI.d29.s7.e0" origId="s7.p88" charOffset="43-54" type="drug" text="terfenadine"/><entity id="DrugDDI.d29.s7.e1" origId="s7.p91" charOffset="74-85" type="drug" text="terfenadine"/><entity id="DrugDDI.d29.s7.e2" origId="s7.p93" charOffset="91-104" type="drug" text="dirithromycin"/><pair id="DrugDDI.d29.s7.p0" e1="DrugDDI.d29.s7.e0" e2="DrugDDI.d29.s7.e1" interaction="false"/><pair id="DrugDDI.d29.s7.p1" e1="DrugDDI.d29.s7.e0" e2="DrugDDI.d29.s7.e2" interaction="false"/><pair id="DrugDDI.d29.s7.p2" e1="DrugDDI.d29.s7.e1" e2="DrugDDI.d29.s7.e2" interaction="false"/></sentence><sentence id="DrugDDI.d29.s8" origId="s8" text="Also, in vitro experiments demonstrated a lack of interaction between dirithromycin and terfenadine."><entity id="DrugDDI.d29.s8.e0" origId="s8.p99" charOffset="70-83" type="drug" text="dirithromycin"/><entity id="DrugDDI.d29.s8.e1" origId="s8.p101" charOffset="88-99" type="drug" text="terfenadine"/><pair id="DrugDDI.d29.s8.p0" e1="DrugDDI.d29.s8.e0" e2="DrugDDI.d29.s8.e1" interaction="false"/></sentence><sentence id="DrugDDI.d29.s9" origId="s9" text="Thus, the interaction observed between erythromycin and terfenadine is not expected for dirithromycin."><entity id="DrugDDI.d29.s9.e0" origId="s9.p105" charOffset="39-51" type="drug" text="erythromycin"/><entity id="DrugDDI.d29.s9.e1" origId="s9.p107" charOffset="56-67" type="drug" text="terfenadine"/><entity id="DrugDDI.d29.s9.e2" origId="s9.p111" charOffset="88-101" type="drug" text="dirithromycin"/><pair id="DrugDDI.d29.s9.p0" e1="DrugDDI.d29.s9.e0" e2="DrugDDI.d29.s9.e1" interaction="true"/><pair id="DrugDDI.d29.s9.p1" e1="DrugDDI.d29.s9.e0" e2="DrugDDI.d29.s9.e2" interaction="false"/><pair id="DrugDDI.d29.s9.p2" e1="DrugDDI.d29.s9.e1" e2="DrugDDI.d29.s9.e2" interaction="false"/></sentence><sentence id="DrugDDI.d29.s10" origId="s10" text="Serious cardiac dysrhythmias, some resulting in death, have occurred in patients receiving terfenadine concomitantly with other macrolide antibiotics."><entity id="DrugDDI.d29.s10.e0" origId="s10.p120" charOffset="91-102" type="drug" text="terfenadine"/><entity id="DrugDDI.d29.s10.e1" origId="s10.p121" charOffset="128-149" type="drug" text="macrolide antibiotics"/><pair id="DrugDDI.d29.s10.p0" e1="DrugDDI.d29.s10.e0" e2="DrugDDI.d29.s10.e1" interaction="true"/></sentence><sentence id="DrugDDI.d29.s11" origId="s11" text="In addition, most macrolides are contraindicated in patients receiving terfenadine therapy who have pre-existing cardiac abnormalities (arrhythmia, bradycardia, QT c interval prolongation, ischemic heart disease, congestive heart failure, etc.) or electrolyte disturbances."><entity id="DrugDDI.d29.s11.e0" origId="s11.p123" charOffset="18-28" type="drug" text="macrolides"/><entity id="DrugDDI.d29.s11.e1" origId="s11.p128" charOffset="71-82" type="drug" text="terfenadine"/><pair id="DrugDDI.d29.s11.p0" e1="DrugDDI.d29.s11.e0" e2="DrugDDI.d29.s11.e1" interaction="true"/></sentence><sentence id="DrugDDI.d29.s12" origId="s12" text="Theophylline Following co-administration of two 250-mg dirithromycin tablets administered once daily with 200-mg theophylline tablets administered twice daily for 10 days to 14 healthy subjects, the steady-state plasma concentration of theophylline was not significantly altered."><entity id="DrugDDI.d29.s12.e0" origId="s12.p142" charOffset="0-12" type="drug" text="Theophylline"/><entity id="DrugDDI.d29.s12.e1" origId="s12.p148" charOffset="113-125" type="drug" text="theophylline"/><entity id="DrugDDI.d29.s12.e2" origId="s12.p154" charOffset="236-248" type="drug" text="theophylline"/><pair id="DrugDDI.d29.s12.p0" e1="DrugDDI.d29.s12.e0" e2="DrugDDI.d29.s12.e1" interaction="false"/><pair id="DrugDDI.d29.s12.p1" e1="DrugDDI.d29.s12.e0" e2="DrugDDI.d29.s12.e2" interaction="false"/><pair id="DrugDDI.d29.s12.p2" e1="DrugDDI.d29.s12.e1" e2="DrugDDI.d29.s12.e2" interaction="false"/></sentence><sentence id="DrugDDI.d29.s13" origId="s13" text="In general, most patients treated with dirithromycin who are receiving concomitant theophylline therapy may not require empiric adjustment of theophylline dosage or monitoring of theophylline plasma concentrations."><entity id="DrugDDI.d29.s13.e0" origId="s13.p161" charOffset="39-52" type="drug" text="dirithromycin"/><entity id="DrugDDI.d29.s13.e1" origId="s13.p165" charOffset="83-95" type="drug" text="theophylline"/><entity id="DrugDDI.d29.s13.e2" origId="s13.p170" charOffset="142-154" type="drug" text="theophylline"/><entity id="DrugDDI.d29.s13.e3" origId="s13.p173" charOffset="179-191" type="drug" text="theophylline"/><pair id="DrugDDI.d29.s13.p0" e1="DrugDDI.d29.s13.e0" e2="DrugDDI.d29.s13.e1" interaction="false"/><pair id="DrugDDI.d29.s13.p1" e1="DrugDDI.d29.s13.e0" e2="DrugDDI.d29.s13.e2" interaction="false"/><pair id="DrugDDI.d29.s13.p2" e1="DrugDDI.d29.s13.e0" e2="DrugDDI.d29.s13.e3" interaction="false"/><pair id="DrugDDI.d29.s13.p3" e1="DrugDDI.d29.s13.e1" e2="DrugDDI.d29.s13.e2" interaction="false"/><pair id="DrugDDI.d29.s13.p4" e1="DrugDDI.d29.s13.e1" e2="DrugDDI.d29.s13.e3" interaction="false"/><pair id="DrugDDI.d29.s13.p5" e1="DrugDDI.d29.s13.e2" e2="DrugDDI.d29.s13.e3" interaction="false"/></sentence><sentence id="DrugDDI.d29.s14" origId="s14" text="However, theophylline plasma concentrations should be monitored, with dosage adjustment as appropriate, in patients whose pulmonary disease requires maintaining a given theophylline plasma concentration for optimal pulmonary function or in patients with theophylline concentrations at the higher end of the therapeutic range."><entity id="DrugDDI.d29.s14.e0" origId="s14.p175" charOffset="9-21" type="drug" text="theophylline"/><entity id="DrugDDI.d29.s14.e1" origId="s14.p189" charOffset="254-266" type="drug" text="theophylline"/><pair id="DrugDDI.d29.s14.p0" e1="DrugDDI.d29.s14.e0" e2="DrugDDI.d29.s14.e1" interaction="false"/></sentence><sentence id="DrugDDI.d29.s15" origId="s15" text="Antacids or H 2 receptor antagonists When dirithromycin is administered immediately following antacids or H 2 -receptor antagonists, the absorption of dirithromycin is slightly enhanced."><entity id="DrugDDI.d29.s15.e0" origId="s15.p192" charOffset="0-8" type="drug" text="Antacids"/><entity id="DrugDDI.d29.s15.e1" origId="s15.p194" charOffset="12-36" type="drug" text="h 2 receptor antagonists"/><entity id="DrugDDI.d29.s15.e2" origId="s15.p196" charOffset="42-55" type="drug" text="dirithromycin"/><entity id="DrugDDI.d29.s15.e3" origId="s15.p201" charOffset="94-102" type="drug" text="antacids"/><entity id="DrugDDI.d29.s15.e4" origId="s15.p203" charOffset="106-131" type="drug" text="h 2 -receptor antagonists"/><entity id="DrugDDI.d29.s15.e5" origId="s15.p205" charOffset="151-164" type="drug" text="dirithromycin"/><pair id="DrugDDI.d29.s15.p0" e1="DrugDDI.d29.s15.e0" e2="DrugDDI.d29.s15.e1" interaction="false"/><pair id="DrugDDI.d29.s15.p1" e1="DrugDDI.d29.s15.e0" e2="DrugDDI.d29.s15.e2" interaction="false"/><pair id="DrugDDI.d29.s15.p2" e1="DrugDDI.d29.s15.e0" e2="DrugDDI.d29.s15.e3" interaction="false"/><pair id="DrugDDI.d29.s15.p3" e1="DrugDDI.d29.s15.e0" e2="DrugDDI.d29.s15.e4" interaction="false"/><pair id="DrugDDI.d29.s15.p4" e1="DrugDDI.d29.s15.e0" e2="DrugDDI.d29.s15.e5" interaction="false"/><pair id="DrugDDI.d29.s15.p5" e1="DrugDDI.d29.s15.e1" e2="DrugDDI.d29.s15.e2" interaction="false"/><pair id="DrugDDI.d29.s15.p6" e1="DrugDDI.d29.s15.e1" e2="DrugDDI.d29.s15.e3" interaction="false"/><pair id="DrugDDI.d29.s15.p7" e1="DrugDDI.d29.s15.e1" e2="DrugDDI.d29.s15.e4" interaction="false"/><pair id="DrugDDI.d29.s15.p8" e1="DrugDDI.d29.s15.e1" e2="DrugDDI.d29.s15.e5" interaction="false"/><pair id="DrugDDI.d29.s15.p9" e1="DrugDDI.d29.s15.e2" e2="DrugDDI.d29.s15.e3" interaction="true"/><pair id="DrugDDI.d29.s15.p10" e1="DrugDDI.d29.s15.e2" e2="DrugDDI.d29.s15.e4" interaction="true"/><pair id="DrugDDI.d29.s15.p11" e1="DrugDDI.d29.s15.e2" e2="DrugDDI.d29.s15.e5" interaction="false"/><pair id="DrugDDI.d29.s15.p12" e1="DrugDDI.d29.s15.e3" e2="DrugDDI.d29.s15.e4" interaction="false"/><pair id="DrugDDI.d29.s15.p13" e1="DrugDDI.d29.s15.e3" e2="DrugDDI.d29.s15.e5" interaction="false"/><pair id="DrugDDI.d29.s15.p14" e1="DrugDDI.d29.s15.e4" e2="DrugDDI.d29.s15.e5" interaction="false"/></sentence><sentence id="DrugDDI.d29.s16" origId="s16" text="The following drug interactions have been reported with erythromycin products."><entity id="DrugDDI.d29.s16.e0" origId="s16.p213" charOffset="56-76" type="drug" text="erythromycin product"/></sentence><sentence id="DrugDDI.d29.s17" origId="s17" text="It is presently not known whether these same drug interactions occur with dirithromycin."><entity id="DrugDDI.d29.s17.e0" origId="s17.p221" charOffset="74-87" type="drug" text="dirithromycin"/></sentence><sentence id="DrugDDI.d29.s18" origId="s18" text="Until further data are available regarding the potential interaction of dirithromycin with these compounds, caution should be used during coadministration."><entity id="DrugDDI.d29.s18.e0" origId="s18.p225" charOffset="72-85" type="drug" text="dirithromycin"/></sentence><sentence id="DrugDDI.d29.s19" origId="s19" text="Triazolam Erythromycin has been reported to decrease the clearance of triazolam and, thus, may increase the pharmacologic effect of triazolam."><entity id="DrugDDI.d29.s19.e0" origId="s19.p232" charOffset="0-9" type="drug" text="Triazolam"/><entity id="DrugDDI.d29.s19.e1" origId="s19.p239" charOffset="70-79" type="drug" text="triazolam"/><entity id="DrugDDI.d29.s19.e2" origId="s19.p246" charOffset="132-141" type="drug" text="triazolam"/><pair id="DrugDDI.d29.s19.p0" e1="DrugDDI.d29.s19.e0" e2="DrugDDI.d29.s19.e1" interaction="true"/><pair id="DrugDDI.d29.s19.p1" e1="DrugDDI.d29.s19.e0" e2="DrugDDI.d29.s19.e2" interaction="false"/><pair id="DrugDDI.d29.s19.p2" e1="DrugDDI.d29.s19.e1" e2="DrugDDI.d29.s19.e2" interaction="false"/></sentence><sentence id="DrugDDI.d29.s20" origId="s20" text="Digoxin Concomitant administration of erythromycin and digoxin has been reported to result in elevated digoxin serum levels."><entity id="DrugDDI.d29.s20.e0" origId="s20.p247" charOffset="0-7" type="drug" text="Digoxin"/><entity id="DrugDDI.d29.s20.e1" origId="s20.p248" charOffset="38-50" type="drug" text="erythromycin"/><entity id="DrugDDI.d29.s20.e2" origId="s20.p250" charOffset="55-62" type="drug" text="digoxin"/><pair id="DrugDDI.d29.s20.p0" e1="DrugDDI.d29.s20.e0" e2="DrugDDI.d29.s20.e1" interaction="false"/><pair id="DrugDDI.d29.s20.p1" e1="DrugDDI.d29.s20.e0" e2="DrugDDI.d29.s20.e2" interaction="false"/><pair id="DrugDDI.d29.s20.p2" e1="DrugDDI.d29.s20.e1" e2="DrugDDI.d29.s20.e2" interaction="true"/></sentence><sentence id="DrugDDI.d29.s21" origId="s21" text="Anticoagulants There have been reports of increased anticoagulant effects when erythromycin and oral anticoagulants were used concomitantly."><entity id="DrugDDI.d29.s21.e0" origId="s21.p257" charOffset="0-14" type="drug" text="Anticoagulants"/><entity id="DrugDDI.d29.s21.e1" origId="s21.p263" charOffset="79-91" type="drug" text="erythromycin"/><entity id="DrugDDI.d29.s21.e2" origId="s21.p265" charOffset="96-115" type="drug" text="oral anticoagulants"/><pair id="DrugDDI.d29.s21.p0" e1="DrugDDI.d29.s21.e0" e2="DrugDDI.d29.s21.e1" interaction="false"/><pair id="DrugDDI.d29.s21.p1" e1="DrugDDI.d29.s21.e0" e2="DrugDDI.d29.s21.e2" interaction="false"/><pair id="DrugDDI.d29.s21.p2" e1="DrugDDI.d29.s21.e1" e2="DrugDDI.d29.s21.e2" interaction="true"/></sentence><sentence id="DrugDDI.d29.s22" origId="s22" text="Increased anticoagulation effects due to a drug interaction with erythromycin may be more pronounced in the elderly."><entity id="DrugDDI.d29.s22.e0" origId="s22.p271" charOffset="65-77" type="drug" text="erythromycin"/></sentence><sentence id="DrugDDI.d29.s23" origId="s23" text="Ergotamine Concurrent use of erythromycin and ergotamine or dihydroergotamine has been associated in some patients with acute ergot toxicity characterized by severe peripheral vasospasm and dysesthesia."><entity id="DrugDDI.d29.s23.e0" origId="s23.p277" charOffset="0-10" type="drug" text="Ergotamine"/><entity id="DrugDDI.d29.s23.e1" origId="s23.p279" charOffset="29-41" type="drug" text="erythromycin"/><entity id="DrugDDI.d29.s23.e2" origId="s23.p281" charOffset="46-56" type="drug" text="ergotamine"/><entity id="DrugDDI.d29.s23.e3" origId="s23.p283" charOffset="60-77" type="drug" text="dihydroergotamine"/><entity id="DrugDDI.d29.s23.e4" origId="s23.p288" charOffset="126-131" type="drug" text="ergot"/><pair id="DrugDDI.d29.s23.p0" e1="DrugDDI.d29.s23.e0" e2="DrugDDI.d29.s23.e1" interaction="false"/><pair id="DrugDDI.d29.s23.p1" e1="DrugDDI.d29.s23.e0" e2="DrugDDI.d29.s23.e2" interaction="false"/><pair id="DrugDDI.d29.s23.p2" e1="DrugDDI.d29.s23.e0" e2="DrugDDI.d29.s23.e3" interaction="false"/><pair id="DrugDDI.d29.s23.p3" e1="DrugDDI.d29.s23.e0" e2="DrugDDI.d29.s23.e4" interaction="false"/><pair id="DrugDDI.d29.s23.p4" e1="DrugDDI.d29.s23.e1" e2="DrugDDI.d29.s23.e2" interaction="true"/><pair id="DrugDDI.d29.s23.p5" e1="DrugDDI.d29.s23.e1" e2="DrugDDI.d29.s23.e3" interaction="true"/><pair id="DrugDDI.d29.s23.p6" e1="DrugDDI.d29.s23.e1" e2="DrugDDI.d29.s23.e4" interaction="false"/><pair id="DrugDDI.d29.s23.p7" e1="DrugDDI.d29.s23.e2" e2="DrugDDI.d29.s23.e3" interaction="false"/><pair id="DrugDDI.d29.s23.p8" e1="DrugDDI.d29.s23.e2" e2="DrugDDI.d29.s23.e4" interaction="false"/><pair id="DrugDDI.d29.s23.p9" e1="DrugDDI.d29.s23.e3" e2="DrugDDI.d29.s23.e4" interaction="false"/></sentence><sentence id="DrugDDI.d29.s24" origId="s24" text="Other drugs Drug interactions have been reported with concomitant administration of erythromycin and other medications, including cyclosporine, hexobarbital, carbamazepine, alfentanil, disopyramide, phenytoin, bromocriptine, valproate, astemizole, and lovastatin."><entity id="DrugDDI.d29.s24.e0" origId="s24.p298" charOffset="84-96" type="drug" text="erythromycin"/><entity id="DrugDDI.d29.s24.e1" origId="s24.p300" charOffset="101-118" type="drug" text="other medications"/><entity id="DrugDDI.d29.s24.e2" origId="s24.p302" charOffset="130-142" type="drug" text="cyclosporine"/><entity id="DrugDDI.d29.s24.e3" origId="s24.p303" charOffset="144-156" type="drug" text="hexobarbital"/><entity id="DrugDDI.d29.s24.e4" origId="s24.p304" charOffset="158-171" type="drug" text="carbamazepine"/><entity id="DrugDDI.d29.s24.e5" origId="s24.p305" charOffset="173-183" type="drug" text="alfentanil"/><entity id="DrugDDI.d29.s24.e6" origId="s24.p306" charOffset="185-197" type="drug" text="disopyramide"/><entity id="DrugDDI.d29.s24.e7" origId="s24.p307" charOffset="199-208" type="drug" text="phenytoin"/><entity id="DrugDDI.d29.s24.e8" origId="s24.p308" charOffset="210-223" type="drug" text="bromocriptine"/><entity id="DrugDDI.d29.s24.e9" origId="s24.p309" charOffset="225-234" type="drug" text="valproate"/><entity id="DrugDDI.d29.s24.e10" origId="s24.p310" charOffset="236-246" type="drug" text="astemizole"/><entity id="DrugDDI.d29.s24.e11" origId="s24.p312" charOffset="252-262" type="drug" text="lovastatin"/><pair id="DrugDDI.d29.s24.p0" e1="DrugDDI.d29.s24.e0" e2="DrugDDI.d29.s24.e1" interaction="true"/><pair id="DrugDDI.d29.s24.p1" e1="DrugDDI.d29.s24.e0" e2="DrugDDI.d29.s24.e2" interaction="true"/><pair id="DrugDDI.d29.s24.p2" e1="DrugDDI.d29.s24.e0" e2="DrugDDI.d29.s24.e3" interaction="true"/><pair id="DrugDDI.d29.s24.p3" e1="DrugDDI.d29.s24.e0" e2="DrugDDI.d29.s24.e4" interaction="true"/><pair id="DrugDDI.d29.s24.p4" e1="DrugDDI.d29.s24.e0" e2="DrugDDI.d29.s24.e5" interaction="true"/><pair id="DrugDDI.d29.s24.p5" e1="DrugDDI.d29.s24.e0" e2="DrugDDI.d29.s24.e6" interaction="true"/><pair id="DrugDDI.d29.s24.p6" e1="DrugDDI.d29.s24.e0" e2="DrugDDI.d29.s24.e7" interaction="true"/><pair id="DrugDDI.d29.s24.p7" e1="DrugDDI.d29.s24.e0" e2="DrugDDI.d29.s24.e8" interaction="true"/><pair id="DrugDDI.d29.s24.p8" e1="DrugDDI.d29.s24.e0" e2="DrugDDI.d29.s24.e9" interaction="true"/><pair id="DrugDDI.d29.s24.p9" e1="DrugDDI.d29.s24.e0" e2="DrugDDI.d29.s24.e10" interaction="true"/><pair id="DrugDDI.d29.s24.p10" e1="DrugDDI.d29.s24.e0" e2="DrugDDI.d29.s24.e11" interaction="true"/><pair id="DrugDDI.d29.s24.p11" e1="DrugDDI.d29.s24.e1" e2="DrugDDI.d29.s24.e2" interaction="false"/><pair id="DrugDDI.d29.s24.p12" e1="DrugDDI.d29.s24.e1" e2="DrugDDI.d29.s24.e3" interaction="false"/><pair id="DrugDDI.d29.s24.p13" e1="DrugDDI.d29.s24.e1" e2="DrugDDI.d29.s24.e4" interaction="false"/><pair id="DrugDDI.d29.s24.p14" e1="DrugDDI.d29.s24.e1" e2="DrugDDI.d29.s24.e5" interaction="false"/><pair id="DrugDDI.d29.s24.p15" e1="DrugDDI.d29.s24.e1" e2="DrugDDI.d29.s24.e6" interaction="false"/><pair id="DrugDDI.d29.s24.p16" e1="DrugDDI.d29.s24.e1" e2="DrugDDI.d29.s24.e7" interaction="false"/><pair id="DrugDDI.d29.s24.p17" e1="DrugDDI.d29.s24.e1" e2="DrugDDI.d29.s24.e8" interaction="false"/><pair id="DrugDDI.d29.s24.p18" e1="DrugDDI.d29.s24.e1" e2="DrugDDI.d29.s24.e9" interaction="false"/><pair id="DrugDDI.d29.s24.p19" e1="DrugDDI.d29.s24.e1" e2="DrugDDI.d29.s24.e10" interaction="false"/><pair id="DrugDDI.d29.s24.p20" e1="DrugDDI.d29.s24.e1" e2="DrugDDI.d29.s24.e11" interaction="false"/><pair id="DrugDDI.d29.s24.p21" e1="DrugDDI.d29.s24.e2" e2="DrugDDI.d29.s24.e3" interaction="false"/><pair id="DrugDDI.d29.s24.p22" e1="DrugDDI.d29.s24.e2" e2="DrugDDI.d29.s24.e4" interaction="false"/><pair id="DrugDDI.d29.s24.p23" e1="DrugDDI.d29.s24.e2" e2="DrugDDI.d29.s24.e5" interaction="false"/><pair id="DrugDDI.d29.s24.p24" e1="DrugDDI.d29.s24.e2" e2="DrugDDI.d29.s24.e6" interaction="false"/><pair id="DrugDDI.d29.s24.p25" e1="DrugDDI.d29.s24.e2" e2="DrugDDI.d29.s24.e7" interaction="false"/><pair id="DrugDDI.d29.s24.p26" e1="DrugDDI.d29.s24.e2" e2="DrugDDI.d29.s24.e8" interaction="false"/><pair id="DrugDDI.d29.s24.p27" e1="DrugDDI.d29.s24.e2" e2="DrugDDI.d29.s24.e9" interaction="false"/><pair id="DrugDDI.d29.s24.p28" e1="DrugDDI.d29.s24.e2" e2="DrugDDI.d29.s24.e10" interaction="false"/><pair id="DrugDDI.d29.s24.p29" e1="DrugDDI.d29.s24.e2" e2="DrugDDI.d29.s24.e11" interaction="false"/><pair id="DrugDDI.d29.s24.p30" e1="DrugDDI.d29.s24.e3" e2="DrugDDI.d29.s24.e4" interaction="false"/><pair id="DrugDDI.d29.s24.p31" e1="DrugDDI.d29.s24.e3" e2="DrugDDI.d29.s24.e5" interaction="false"/><pair id="DrugDDI.d29.s24.p32" e1="DrugDDI.d29.s24.e3" e2="DrugDDI.d29.s24.e6" interaction="false"/><pair id="DrugDDI.d29.s24.p33" e1="DrugDDI.d29.s24.e3" e2="DrugDDI.d29.s24.e7" interaction="false"/><pair id="DrugDDI.d29.s24.p34" e1="DrugDDI.d29.s24.e3" e2="DrugDDI.d29.s24.e8" interaction="false"/><pair id="DrugDDI.d29.s24.p35" e1="DrugDDI.d29.s24.e3" e2="DrugDDI.d29.s24.e9" interaction="false"/><pair id="DrugDDI.d29.s24.p36" e1="DrugDDI.d29.s24.e3" e2="DrugDDI.d29.s24.e10" interaction="false"/><pair id="DrugDDI.d29.s24.p37" e1="DrugDDI.d29.s24.e3" e2="DrugDDI.d29.s24.e11" interaction="false"/><pair id="DrugDDI.d29.s24.p38" e1="DrugDDI.d29.s24.e4" e2="DrugDDI.d29.s24.e5" interaction="false"/><pair id="DrugDDI.d29.s24.p39" e1="DrugDDI.d29.s24.e4" e2="DrugDDI.d29.s24.e6" interaction="false"/><pair id="DrugDDI.d29.s24.p40" e1="DrugDDI.d29.s24.e4" e2="DrugDDI.d29.s24.e7" interaction="false"/><pair id="DrugDDI.d29.s24.p41" e1="DrugDDI.d29.s24.e4" e2="DrugDDI.d29.s24.e8" interaction="false"/><pair id="DrugDDI.d29.s24.p42" e1="DrugDDI.d29.s24.e4" e2="DrugDDI.d29.s24.e9" interaction="false"/><pair id="DrugDDI.d29.s24.p43" e1="DrugDDI.d29.s24.e4" e2="DrugDDI.d29.s24.e10" interaction="false"/><pair id="DrugDDI.d29.s24.p44" e1="DrugDDI.d29.s24.e4" e2="DrugDDI.d29.s24.e11" interaction="false"/><pair id="DrugDDI.d29.s24.p45" e1="DrugDDI.d29.s24.e5" e2="DrugDDI.d29.s24.e6" interaction="false"/><pair id="DrugDDI.d29.s24.p46" e1="DrugDDI.d29.s24.e5" e2="DrugDDI.d29.s24.e7" interaction="false"/><pair id="DrugDDI.d29.s24.p47" e1="DrugDDI.d29.s24.e5" e2="DrugDDI.d29.s24.e8" interaction="false"/><pair id="DrugDDI.d29.s24.p48" e1="DrugDDI.d29.s24.e5" e2="DrugDDI.d29.s24.e9" interaction="false"/><pair id="DrugDDI.d29.s24.p49" e1="DrugDDI.d29.s24.e5" e2="DrugDDI.d29.s24.e10" interaction="false"/><pair id="DrugDDI.d29.s24.p50" e1="DrugDDI.d29.s24.e5" e2="DrugDDI.d29.s24.e11" interaction="false"/><pair id="DrugDDI.d29.s24.p51" e1="DrugDDI.d29.s24.e6" e2="DrugDDI.d29.s24.e7" interaction="false"/><pair id="DrugDDI.d29.s24.p52" e1="DrugDDI.d29.s24.e6" e2="DrugDDI.d29.s24.e8" interaction="false"/><pair id="DrugDDI.d29.s24.p53" e1="DrugDDI.d29.s24.e6" e2="DrugDDI.d29.s24.e9" interaction="false"/><pair id="DrugDDI.d29.s24.p54" e1="DrugDDI.d29.s24.e6" e2="DrugDDI.d29.s24.e10" interaction="false"/><pair id="DrugDDI.d29.s24.p55" e1="DrugDDI.d29.s24.e6" e2="DrugDDI.d29.s24.e11" interaction="false"/><pair id="DrugDDI.d29.s24.p56" e1="DrugDDI.d29.s24.e7" e2="DrugDDI.d29.s24.e8" interaction="false"/><pair id="DrugDDI.d29.s24.p57" e1="DrugDDI.d29.s24.e7" e2="DrugDDI.d29.s24.e9" interaction="false"/><pair id="DrugDDI.d29.s24.p58" e1="DrugDDI.d29.s24.e7" e2="DrugDDI.d29.s24.e10" interaction="false"/><pair id="DrugDDI.d29.s24.p59" e1="DrugDDI.d29.s24.e7" e2="DrugDDI.d29.s24.e11" interaction="false"/><pair id="DrugDDI.d29.s24.p60" e1="DrugDDI.d29.s24.e8" e2="DrugDDI.d29.s24.e9" interaction="false"/><pair id="DrugDDI.d29.s24.p61" e1="DrugDDI.d29.s24.e8" e2="DrugDDI.d29.s24.e10" interaction="false"/><pair id="DrugDDI.d29.s24.p62" e1="DrugDDI.d29.s24.e8" e2="DrugDDI.d29.s24.e11" interaction="false"/><pair id="DrugDDI.d29.s24.p63" e1="DrugDDI.d29.s24.e9" e2="DrugDDI.d29.s24.e10" interaction="false"/><pair id="DrugDDI.d29.s24.p64" e1="DrugDDI.d29.s24.e9" e2="DrugDDI.d29.s24.e11" interaction="false"/><pair id="DrugDDI.d29.s24.p65" e1="DrugDDI.d29.s24.e10" e2="DrugDDI.d29.s24.e11" interaction="false"/></sentence></document>