<?xml version="1.0" encoding="UTF-8"?>
<document id="DrugDDI.d115" origId="Docetaxel"><sentence id="DrugDDI.d115.s0" origId="s0" text="There have been no formal clinical studies to evaluate the drug interactions of TAXOTERE with other medications."><entity id="DrugDDI.d115.s0.e0" origId="s0.p6" charOffset="80-88" type="drug" text="TAXOTERE"/><entity id="DrugDDI.d115.s0.e1" origId="s0.p7" charOffset="94-111" type="drug" text="other medications"/><pair id="DrugDDI.d115.s0.p0" e1="DrugDDI.d115.s0.e0" e2="DrugDDI.d115.s0.e1" interaction="false"/></sentence><sentence id="DrugDDI.d115.s1" origId="s1" text="In vitro studies have shown that the metabolism of docetaxel may be modified by the concomitant administration of compounds that induce, inhibit, or are metabolized by cytochrome P450 3A4, such as cyclosporine, terfenadine, ketoconazole, erythromycin, and troleandomycin."><entity id="DrugDDI.d115.s1.e0" origId="s1.p12" charOffset="51-60" type="drug" text="docetaxel"/><entity id="DrugDDI.d115.s1.e1" origId="s1.p26" charOffset="168-187" type="drug" text="cytochrome P450 3A4"/><entity id="DrugDDI.d115.s1.e2" origId="s1.p27" charOffset="197-209" type="drug" text="cyclosporine"/><entity id="DrugDDI.d115.s1.e3" origId="s1.p28" charOffset="211-222" type="drug" text="terfenadine"/><entity id="DrugDDI.d115.s1.e4" origId="s1.p29" charOffset="224-236" type="drug" text="ketoconazole"/><entity id="DrugDDI.d115.s1.e5" origId="s1.p30" charOffset="238-250" type="drug" text="erythromycin"/><entity id="DrugDDI.d115.s1.e6" origId="s1.p32" charOffset="256-270" type="drug" text="troleandomycin"/><pair id="DrugDDI.d115.s1.p0" e1="DrugDDI.d115.s1.e0" e2="DrugDDI.d115.s1.e1" interaction="true"/><pair id="DrugDDI.d115.s1.p1" e1="DrugDDI.d115.s1.e0" e2="DrugDDI.d115.s1.e2" interaction="true"/><pair id="DrugDDI.d115.s1.p2" e1="DrugDDI.d115.s1.e0" e2="DrugDDI.d115.s1.e3" interaction="true"/><pair id="DrugDDI.d115.s1.p3" e1="DrugDDI.d115.s1.e0" e2="DrugDDI.d115.s1.e4" interaction="true"/><pair id="DrugDDI.d115.s1.p4" e1="DrugDDI.d115.s1.e0" e2="DrugDDI.d115.s1.e5" interaction="true"/><pair id="DrugDDI.d115.s1.p5" e1="DrugDDI.d115.s1.e0" e2="DrugDDI.d115.s1.e6" interaction="true"/><pair id="DrugDDI.d115.s1.p6" e1="DrugDDI.d115.s1.e1" e2="DrugDDI.d115.s1.e2" interaction="false"/><pair id="DrugDDI.d115.s1.p7" e1="DrugDDI.d115.s1.e1" e2="DrugDDI.d115.s1.e3" interaction="false"/><pair id="DrugDDI.d115.s1.p8" e1="DrugDDI.d115.s1.e1" e2="DrugDDI.d115.s1.e4" interaction="false"/><pair id="DrugDDI.d115.s1.p9" e1="DrugDDI.d115.s1.e1" e2="DrugDDI.d115.s1.e5" interaction="false"/><pair id="DrugDDI.d115.s1.p10" e1="DrugDDI.d115.s1.e1" e2="DrugDDI.d115.s1.e6" interaction="false"/><pair id="DrugDDI.d115.s1.p11" e1="DrugDDI.d115.s1.e2" e2="DrugDDI.d115.s1.e3" interaction="false"/><pair id="DrugDDI.d115.s1.p12" e1="DrugDDI.d115.s1.e2" e2="DrugDDI.d115.s1.e4" interaction="false"/><pair id="DrugDDI.d115.s1.p13" e1="DrugDDI.d115.s1.e2" e2="DrugDDI.d115.s1.e5" interaction="false"/><pair id="DrugDDI.d115.s1.p14" e1="DrugDDI.d115.s1.e2" e2="DrugDDI.d115.s1.e6" interaction="false"/><pair id="DrugDDI.d115.s1.p15" e1="DrugDDI.d115.s1.e3" e2="DrugDDI.d115.s1.e4" interaction="false"/><pair id="DrugDDI.d115.s1.p16" e1="DrugDDI.d115.s1.e3" e2="DrugDDI.d115.s1.e5" interaction="false"/><pair id="DrugDDI.d115.s1.p17" e1="DrugDDI.d115.s1.e3" e2="DrugDDI.d115.s1.e6" interaction="false"/><pair id="DrugDDI.d115.s1.p18" e1="DrugDDI.d115.s1.e4" e2="DrugDDI.d115.s1.e5" interaction="false"/><pair id="DrugDDI.d115.s1.p19" e1="DrugDDI.d115.s1.e4" e2="DrugDDI.d115.s1.e6" interaction="false"/><pair id="DrugDDI.d115.s1.p20" e1="DrugDDI.d115.s1.e5" e2="DrugDDI.d115.s1.e6" interaction="false"/></sentence><sentence id="DrugDDI.d115.s2" origId="s2" text="Caution should be exercised with these drugs when treating patients receiving TAXOTERE as there is a potential for a significant interaction."><entity id="DrugDDI.d115.s2.e0" origId="s2.p37" charOffset="39-44" type="drug" text="drugs"/><entity id="DrugDDI.d115.s2.e1" origId="s2.p41" charOffset="78-86" type="drug" text="TAXOTERE"/><pair id="DrugDDI.d115.s2.p0" e1="DrugDDI.d115.s2.e0" e2="DrugDDI.d115.s2.e1" interaction="true"/></sentence></document>