<?xml version="1.0" encoding="UTF-8"?>
<document id="DrugDDI.d42" origId="Dofetilide"><sentence id="DrugDDI.d42.s0" origId="s0" text="Drug/Laboratory Test Interactions None known."><entity id="DrugDDI.d42.s0.e0" origId="s0.p0" charOffset="0-4" type="drug" text="Drug"/></sentence><sentence id="DrugDDI.d42.s1" origId="s1" text="Drug-Drug Interactions Cimetidine: Concomitant use of cimetidine is contraindicated."><entity id="DrugDDI.d42.s1.e0" origId="s1.p3" charOffset="23-33" type="drug" text="Cimetidine"/><entity id="DrugDDI.d42.s1.e1" origId="s1.p6" charOffset="54-64" type="drug" text="cimetidine"/><pair id="DrugDDI.d42.s1.p0" e1="DrugDDI.d42.s1.e0" e2="DrugDDI.d42.s1.e1" interaction="false"/></sentence><sentence id="DrugDDI.d42.s2" origId="s2" text="Cimetidine at 400 mg BID (the usual prescription dose) co-administered with TIKOSYN (500 mcg BID) for 7 days has been shown to increase dofetilide plasma levels by 58%."><entity id="DrugDDI.d42.s2.e0" origId="s2.p9" charOffset="0-10" type="drug" text="Cimetidine"/><entity id="DrugDDI.d42.s2.e1" origId="s2.p10" charOffset="21-24" type="drug" text="BID"/><entity id="DrugDDI.d42.s2.e2" origId="s2.p15" charOffset="76-83" type="drug" text="TIKOSYN"/><entity id="DrugDDI.d42.s2.e3" origId="s2.p17" charOffset="93-96" type="drug" text="BID"/><entity id="DrugDDI.d42.s2.e4" origId="s2.p25" charOffset="136-146" type="drug" text="dofetilide"/><pair id="DrugDDI.d42.s2.p0" e1="DrugDDI.d42.s2.e0" e2="DrugDDI.d42.s2.e1" interaction="false"/><pair id="DrugDDI.d42.s2.p1" e1="DrugDDI.d42.s2.e0" e2="DrugDDI.d42.s2.e2" interaction="true"/><pair id="DrugDDI.d42.s2.p2" e1="DrugDDI.d42.s2.e0" e2="DrugDDI.d42.s2.e3" interaction="false"/><pair id="DrugDDI.d42.s2.p3" e1="DrugDDI.d42.s2.e0" e2="DrugDDI.d42.s2.e4" interaction="false"/><pair id="DrugDDI.d42.s2.p4" e1="DrugDDI.d42.s2.e1" e2="DrugDDI.d42.s2.e2" interaction="false"/><pair id="DrugDDI.d42.s2.p5" e1="DrugDDI.d42.s2.e1" e2="DrugDDI.d42.s2.e3" interaction="false"/><pair id="DrugDDI.d42.s2.p6" e1="DrugDDI.d42.s2.e1" e2="DrugDDI.d42.s2.e4" interaction="false"/><pair id="DrugDDI.d42.s2.p7" e1="DrugDDI.d42.s2.e2" e2="DrugDDI.d42.s2.e3" interaction="false"/><pair id="DrugDDI.d42.s2.p8" e1="DrugDDI.d42.s2.e2" e2="DrugDDI.d42.s2.e4" interaction="false"/><pair id="DrugDDI.d42.s2.p9" e1="DrugDDI.d42.s2.e3" e2="DrugDDI.d42.s2.e4" interaction="false"/></sentence><sentence id="DrugDDI.d42.s3" origId="s3" text="Cimetidine at doses of 100 mg BID (OTC dose) resulted in a 13% increase in dofetilide plasma levels (500 mcg single dose)."><entity id="DrugDDI.d42.s3.e0" origId="s3.p27" charOffset="0-10" type="drug" text="Cimetidine"/><entity id="DrugDDI.d42.s3.e1" origId="s3.p29" charOffset="30-33" type="drug" text="BID"/><entity id="DrugDDI.d42.s3.e2" origId="s3.p35" charOffset="75-85" type="drug" text="dofetilide"/><pair id="DrugDDI.d42.s3.p0" e1="DrugDDI.d42.s3.e0" e2="DrugDDI.d42.s3.e1" interaction="false"/><pair id="DrugDDI.d42.s3.p1" e1="DrugDDI.d42.s3.e0" e2="DrugDDI.d42.s3.e2" interaction="true"/><pair id="DrugDDI.d42.s3.p2" e1="DrugDDI.d42.s3.e1" e2="DrugDDI.d42.s3.e2" interaction="false"/></sentence><sentence id="DrugDDI.d42.s4" origId="s4" text="No studies have been conducted at intermediate doses of cimetidine."><entity id="DrugDDI.d42.s4.e0" origId="s4.p44" charOffset="56-66" type="drug" text="cimetidine"/></sentence><sentence id="DrugDDI.d42.s5" origId="s5" text="If a patient requires TIKOSYN and anti-ulcer therapy, it is suggested that omeprazole, ranitidine, or antacids (aluminum and magnesium hydroxides) be used as alternatives to cimetidine, as these agents have no effect on the pharmacokinetic profile of TIKOSYN."><entity id="DrugDDI.d42.s5.e0" origId="s5.p47" charOffset="22-29" type="drug" text="TIKOSYN"/><entity id="DrugDDI.d42.s5.e1" origId="s5.p53" charOffset="75-85" type="drug" text="omeprazole"/><entity id="DrugDDI.d42.s5.e2" origId="s5.p54" charOffset="87-97" type="drug" text="ranitidine"/><entity id="DrugDDI.d42.s5.e3" origId="s5.p56" charOffset="102-110" type="drug" text="antacids"/><entity id="DrugDDI.d42.s5.e4" origId="s5.p60" charOffset="125-144" type="drug" text="magnesium hydroxide"/><entity id="DrugDDI.d42.s5.e5" origId="s5.p65" charOffset="174-184" type="drug" text="cimetidine"/><entity id="DrugDDI.d42.s5.e6" origId="s5.p71" charOffset="251-258" type="drug" text="TIKOSYN"/><pair id="DrugDDI.d42.s5.p0" e1="DrugDDI.d42.s5.e0" e2="DrugDDI.d42.s5.e1" interaction="false"/><pair id="DrugDDI.d42.s5.p1" e1="DrugDDI.d42.s5.e0" e2="DrugDDI.d42.s5.e2" interaction="false"/><pair id="DrugDDI.d42.s5.p2" e1="DrugDDI.d42.s5.e0" e2="DrugDDI.d42.s5.e3" interaction="false"/><pair id="DrugDDI.d42.s5.p3" e1="DrugDDI.d42.s5.e0" e2="DrugDDI.d42.s5.e4" interaction="false"/><pair id="DrugDDI.d42.s5.p4" e1="DrugDDI.d42.s5.e0" e2="DrugDDI.d42.s5.e5" interaction="true"/><pair id="DrugDDI.d42.s5.p5" e1="DrugDDI.d42.s5.e0" e2="DrugDDI.d42.s5.e6" interaction="false"/><pair id="DrugDDI.d42.s5.p6" e1="DrugDDI.d42.s5.e1" e2="DrugDDI.d42.s5.e2" interaction="false"/><pair id="DrugDDI.d42.s5.p7" e1="DrugDDI.d42.s5.e1" e2="DrugDDI.d42.s5.e3" interaction="false"/><pair id="DrugDDI.d42.s5.p8" e1="DrugDDI.d42.s5.e1" e2="DrugDDI.d42.s5.e4" interaction="false"/><pair id="DrugDDI.d42.s5.p9" e1="DrugDDI.d42.s5.e1" e2="DrugDDI.d42.s5.e5" interaction="false"/><pair id="DrugDDI.d42.s5.p10" e1="DrugDDI.d42.s5.e1" e2="DrugDDI.d42.s5.e6" interaction="false"/><pair id="DrugDDI.d42.s5.p11" e1="DrugDDI.d42.s5.e2" e2="DrugDDI.d42.s5.e3" interaction="false"/><pair id="DrugDDI.d42.s5.p12" e1="DrugDDI.d42.s5.e2" e2="DrugDDI.d42.s5.e4" interaction="false"/><pair id="DrugDDI.d42.s5.p13" e1="DrugDDI.d42.s5.e2" e2="DrugDDI.d42.s5.e5" interaction="false"/><pair id="DrugDDI.d42.s5.p14" e1="DrugDDI.d42.s5.e2" e2="DrugDDI.d42.s5.e6" interaction="false"/><pair id="DrugDDI.d42.s5.p15" e1="DrugDDI.d42.s5.e3" e2="DrugDDI.d42.s5.e4" interaction="false"/><pair id="DrugDDI.d42.s5.p16" e1="DrugDDI.d42.s5.e3" e2="DrugDDI.d42.s5.e5" interaction="false"/><pair id="DrugDDI.d42.s5.p17" e1="DrugDDI.d42.s5.e3" e2="DrugDDI.d42.s5.e6" interaction="false"/><pair id="DrugDDI.d42.s5.p18" e1="DrugDDI.d42.s5.e4" e2="DrugDDI.d42.s5.e5" interaction="false"/><pair id="DrugDDI.d42.s5.p19" e1="DrugDDI.d42.s5.e4" e2="DrugDDI.d42.s5.e6" interaction="false"/><pair id="DrugDDI.d42.s5.p20" e1="DrugDDI.d42.s5.e5" e2="DrugDDI.d42.s5.e6" interaction="false"/></sentence><sentence id="DrugDDI.d42.s6" origId="s6" text="Verapamil: Concomitant use of verapamil is contraindicated."><entity id="DrugDDI.d42.s6.e0" origId="s6.p72" charOffset="0-9" type="drug" text="Verapamil"/><entity id="DrugDDI.d42.s6.e1" origId="s6.p75" charOffset="30-39" type="drug" text="verapamil"/><pair id="DrugDDI.d42.s6.p0" e1="DrugDDI.d42.s6.e0" e2="DrugDDI.d42.s6.e1" interaction="false"/></sentence><sentence id="DrugDDI.d42.s7" origId="s7" text="Co-administration of TIKOSYN with verapamil resulted in increases in dofetilide peak plasma levels of 42%, although overall exposure to dofetilide was not significantly increased."><entity id="DrugDDI.d42.s7.e0" origId="s7.p79" charOffset="21-28" type="drug" text="TIKOSYN"/><entity id="DrugDDI.d42.s7.e1" origId="s7.p80" charOffset="34-43" type="drug" text="verapamil"/><entity id="DrugDDI.d42.s7.e2" origId="s7.p83" charOffset="69-79" type="drug" text="dofetilide"/><entity id="DrugDDI.d42.s7.e3" origId="s7.p87" charOffset="136-146" type="drug" text="dofetilide"/><pair id="DrugDDI.d42.s7.p0" e1="DrugDDI.d42.s7.e0" e2="DrugDDI.d42.s7.e1" interaction="true"/><pair id="DrugDDI.d42.s7.p1" e1="DrugDDI.d42.s7.e0" e2="DrugDDI.d42.s7.e2" interaction="false"/><pair id="DrugDDI.d42.s7.p2" e1="DrugDDI.d42.s7.e0" e2="DrugDDI.d42.s7.e3" interaction="false"/><pair id="DrugDDI.d42.s7.p3" e1="DrugDDI.d42.s7.e1" e2="DrugDDI.d42.s7.e2" interaction="false"/><pair id="DrugDDI.d42.s7.p4" e1="DrugDDI.d42.s7.e1" e2="DrugDDI.d42.s7.e3" interaction="false"/><pair id="DrugDDI.d42.s7.p5" e1="DrugDDI.d42.s7.e2" e2="DrugDDI.d42.s7.e3" interaction="false"/></sentence><sentence id="DrugDDI.d42.s8" origId="s8" text="In an analysis of the supraventricular arrhythmia and DIAMOND patient populations, the concomitant administration of verapamil with dofetilide was associated with a higher occurrence of torsade de pointes."><entity id="DrugDDI.d42.s8.e0" origId="s8.p96" charOffset="117-126" type="drug" text="verapamil"/><entity id="DrugDDI.d42.s8.e1" origId="s8.p97" charOffset="132-142" type="drug" text="dofetilide"/><pair id="DrugDDI.d42.s8.p0" e1="DrugDDI.d42.s8.e0" e2="DrugDDI.d42.s8.e1" interaction="true"/></sentence><sentence id="DrugDDI.d42.s9" origId="s9" text="Ketoconazole: Concomitant use of ketoconazole is contraindicated."><entity id="DrugDDI.d42.s9.e0" origId="s9.p102" charOffset="0-12" type="drug" text="Ketoconazole"/><entity id="DrugDDI.d42.s9.e1" origId="s9.p105" charOffset="33-45" type="drug" text="ketoconazole"/><pair id="DrugDDI.d42.s9.p0" e1="DrugDDI.d42.s9.e0" e2="DrugDDI.d42.s9.e1" interaction="false"/></sentence><sentence id="DrugDDI.d42.s10" origId="s10" text="Ketoconazole at 400 mg daily (the maximum approved prescription dose) co-administered with TIKOSYN (500 mcg BID) for 7 days has been shown to increase dofetilide Cmax by 53% in males and 97% in females, and AUC by 41% in males and 69% in females."><entity id="DrugDDI.d42.s10.e0" origId="s10.p108" charOffset="0-12" type="drug" text="Ketoconazole"/><entity id="DrugDDI.d42.s10.e1" origId="s10.p116" charOffset="91-98" type="drug" text="TIKOSYN"/><entity id="DrugDDI.d42.s10.e2" origId="s10.p118" charOffset="108-111" type="drug" text="BID"/><entity id="DrugDDI.d42.s10.e3" origId="s10.p126" charOffset="151-161" type="drug" text="dofetilide"/><pair id="DrugDDI.d42.s10.p0" e1="DrugDDI.d42.s10.e0" e2="DrugDDI.d42.s10.e1" interaction="true"/><pair id="DrugDDI.d42.s10.p1" e1="DrugDDI.d42.s10.e0" e2="DrugDDI.d42.s10.e2" interaction="true"/><pair id="DrugDDI.d42.s10.p2" e1="DrugDDI.d42.s10.e0" e2="DrugDDI.d42.s10.e3" interaction="false"/><pair id="DrugDDI.d42.s10.p3" e1="DrugDDI.d42.s10.e1" e2="DrugDDI.d42.s10.e2" interaction="false"/><pair id="DrugDDI.d42.s10.p4" e1="DrugDDI.d42.s10.e1" e2="DrugDDI.d42.s10.e3" interaction="false"/><pair id="DrugDDI.d42.s10.p5" e1="DrugDDI.d42.s10.e2" e2="DrugDDI.d42.s10.e3" interaction="false"/></sentence><sentence id="DrugDDI.d42.s11" origId="s11" text="Trimethoprim Alone or in Combination with Sulfamethoxazole: Concomitant use of trimethoprim alone or in combination with sulfamethoxazole is contraindicated."><entity id="DrugDDI.d42.s11.e0" origId="s11.p139" charOffset="0-12" type="drug" text="Trimethoprim"/><entity id="DrugDDI.d42.s11.e1" origId="s11.p143" charOffset="42-58" type="drug" text="Sulfamethoxazole"/><entity id="DrugDDI.d42.s11.e2" origId="s11.p146" charOffset="79-91" type="drug" text="trimethoprim"/><entity id="DrugDDI.d42.s11.e3" origId="s11.p149" charOffset="121-137" type="drug" text="sulfamethoxazole"/><pair id="DrugDDI.d42.s11.p0" e1="DrugDDI.d42.s11.e0" e2="DrugDDI.d42.s11.e1" interaction="false"/><pair id="DrugDDI.d42.s11.p1" e1="DrugDDI.d42.s11.e0" e2="DrugDDI.d42.s11.e2" interaction="false"/><pair id="DrugDDI.d42.s11.p2" e1="DrugDDI.d42.s11.e0" e2="DrugDDI.d42.s11.e3" interaction="false"/><pair id="DrugDDI.d42.s11.p3" e1="DrugDDI.d42.s11.e1" e2="DrugDDI.d42.s11.e2" interaction="false"/><pair id="DrugDDI.d42.s11.p4" e1="DrugDDI.d42.s11.e1" e2="DrugDDI.d42.s11.e3" interaction="false"/><pair id="DrugDDI.d42.s11.p5" e1="DrugDDI.d42.s11.e2" e2="DrugDDI.d42.s11.e3" interaction="true"/></sentence><sentence id="DrugDDI.d42.s12" origId="s12" text="Trimethoprim 160 mg in combination with 800 mg sulfamethoxazole co-administered BID with TIKOSYN (500 mcg BID) for 4 days has been shown to increase dofetilide AUC by 103% and Cmax by 93%."><entity id="DrugDDI.d42.s12.e0" origId="s12.p152" charOffset="0-19" type="drug" text="Trimethoprim 160 mg"/><entity id="DrugDDI.d42.s12.e1" origId="s12.p154" charOffset="47-63" type="drug" text="sulfamethoxazole"/><entity id="DrugDDI.d42.s12.e2" origId="s12.p156" charOffset="80-83" type="drug" text="BID"/><entity id="DrugDDI.d42.s12.e3" origId="s12.p157" charOffset="89-96" type="drug" text="TIKOSYN"/><entity id="DrugDDI.d42.s12.e4" origId="s12.p159" charOffset="106-109" type="drug" text="BID"/><entity id="DrugDDI.d42.s12.e5" origId="s12.p167" charOffset="149-159" type="drug" text="dofetilide"/><pair id="DrugDDI.d42.s12.p0" e1="DrugDDI.d42.s12.e0" e2="DrugDDI.d42.s12.e1" interaction="false"/><pair id="DrugDDI.d42.s12.p1" e1="DrugDDI.d42.s12.e0" e2="DrugDDI.d42.s12.e2" interaction="false"/><pair id="DrugDDI.d42.s12.p2" e1="DrugDDI.d42.s12.e0" e2="DrugDDI.d42.s12.e3" interaction="false"/><pair id="DrugDDI.d42.s12.p3" e1="DrugDDI.d42.s12.e0" e2="DrugDDI.d42.s12.e4" interaction="false"/><pair id="DrugDDI.d42.s12.p4" e1="DrugDDI.d42.s12.e0" e2="DrugDDI.d42.s12.e5" interaction="false"/><pair id="DrugDDI.d42.s12.p5" e1="DrugDDI.d42.s12.e1" e2="DrugDDI.d42.s12.e2" interaction="false"/><pair id="DrugDDI.d42.s12.p6" e1="DrugDDI.d42.s12.e1" e2="DrugDDI.d42.s12.e3" interaction="false"/><pair id="DrugDDI.d42.s12.p7" e1="DrugDDI.d42.s12.e1" e2="DrugDDI.d42.s12.e4" interaction="false"/><pair id="DrugDDI.d42.s12.p8" e1="DrugDDI.d42.s12.e1" e2="DrugDDI.d42.s12.e5" interaction="false"/><pair id="DrugDDI.d42.s12.p9" e1="DrugDDI.d42.s12.e2" e2="DrugDDI.d42.s12.e3" interaction="true"/><pair id="DrugDDI.d42.s12.p10" e1="DrugDDI.d42.s12.e2" e2="DrugDDI.d42.s12.e4" interaction="false"/><pair id="DrugDDI.d42.s12.p11" e1="DrugDDI.d42.s12.e2" e2="DrugDDI.d42.s12.e5" interaction="false"/><pair id="DrugDDI.d42.s12.p12" e1="DrugDDI.d42.s12.e3" e2="DrugDDI.d42.s12.e4" interaction="false"/><pair id="DrugDDI.d42.s12.p13" e1="DrugDDI.d42.s12.e3" e2="DrugDDI.d42.s12.e5" interaction="false"/><pair id="DrugDDI.d42.s12.p14" e1="DrugDDI.d42.s12.e4" e2="DrugDDI.d42.s12.e5" interaction="false"/></sentence><sentence id="DrugDDI.d42.s13" origId="s13" text="Hydrochlorothiazide (HCTZ) Alone or in Combination with Triamterene: Concomitant use of HCTZ alone or in combination with triamterene is contraindicated."><entity id="DrugDDI.d42.s13.e0" origId="s13.p172" charOffset="0-19" type="drug" text="Hydrochlorothiazide"/><entity id="DrugDDI.d42.s13.e1" origId="s13.p174" charOffset="21-25" type="drug" text="HCTZ"/><entity id="DrugDDI.d42.s13.e2" origId="s13.p179" charOffset="56-67" type="drug" text="Triamterene"/><entity id="DrugDDI.d42.s13.e3" origId="s13.p182" charOffset="88-92" type="drug" text="HCTZ"/><entity id="DrugDDI.d42.s13.e4" origId="s13.p185" charOffset="122-133" type="drug" text="triamterene"/><pair id="DrugDDI.d42.s13.p0" e1="DrugDDI.d42.s13.e0" e2="DrugDDI.d42.s13.e1" interaction="false"/><pair id="DrugDDI.d42.s13.p1" e1="DrugDDI.d42.s13.e0" e2="DrugDDI.d42.s13.e2" interaction="false"/><pair id="DrugDDI.d42.s13.p2" e1="DrugDDI.d42.s13.e0" e2="DrugDDI.d42.s13.e3" interaction="false"/><pair id="DrugDDI.d42.s13.p3" e1="DrugDDI.d42.s13.e0" e2="DrugDDI.d42.s13.e4" interaction="false"/><pair id="DrugDDI.d42.s13.p4" e1="DrugDDI.d42.s13.e1" e2="DrugDDI.d42.s13.e2" interaction="false"/><pair id="DrugDDI.d42.s13.p5" e1="DrugDDI.d42.s13.e1" e2="DrugDDI.d42.s13.e3" interaction="false"/><pair id="DrugDDI.d42.s13.p6" e1="DrugDDI.d42.s13.e1" e2="DrugDDI.d42.s13.e4" interaction="false"/><pair id="DrugDDI.d42.s13.p7" e1="DrugDDI.d42.s13.e2" e2="DrugDDI.d42.s13.e3" interaction="false"/><pair id="DrugDDI.d42.s13.p8" e1="DrugDDI.d42.s13.e2" e2="DrugDDI.d42.s13.e4" interaction="false"/><pair id="DrugDDI.d42.s13.p9" e1="DrugDDI.d42.s13.e3" e2="DrugDDI.d42.s13.e4" interaction="true"/></sentence><sentence id="DrugDDI.d42.s14" origId="s14" text="HCTZ 50 mg QD or HCTZ/triamterene 50/100 mg QD was co-administered with TIKOSYN (500 mcg BID) for 5 days (following 2 days of diuretic use at half dose)."><entity id="DrugDDI.d42.s14.e0" origId="s14.p188" charOffset="0-4" type="drug" text="HCTZ"/><entity id="DrugDDI.d42.s14.e1" origId="s14.p190" charOffset="17-21" type="drug" text="HCTZ"/><entity id="DrugDDI.d42.s14.e2" origId="s14.p191" charOffset="21-41" type="drug" text="/triamterene 50/100"/><entity id="DrugDDI.d42.s14.e3" origId="s14.p194" charOffset="72-79" type="drug" text="TIKOSYN"/><entity id="DrugDDI.d42.s14.e4" origId="s14.p196" charOffset="89-92" type="drug" text="BID"/><entity id="DrugDDI.d42.s14.e5" origId="s14.p202" charOffset="126-134" type="drug" text="diuretic"/><pair id="DrugDDI.d42.s14.p0" e1="DrugDDI.d42.s14.e0" e2="DrugDDI.d42.s14.e1" interaction="false"/><pair id="DrugDDI.d42.s14.p1" e1="DrugDDI.d42.s14.e0" e2="DrugDDI.d42.s14.e2" interaction="false"/><pair id="DrugDDI.d42.s14.p2" e1="DrugDDI.d42.s14.e0" e2="DrugDDI.d42.s14.e3" interaction="false"/><pair id="DrugDDI.d42.s14.p3" e1="DrugDDI.d42.s14.e0" e2="DrugDDI.d42.s14.e4" interaction="false"/><pair id="DrugDDI.d42.s14.p4" e1="DrugDDI.d42.s14.e0" e2="DrugDDI.d42.s14.e5" interaction="false"/><pair id="DrugDDI.d42.s14.p5" e1="DrugDDI.d42.s14.e1" e2="DrugDDI.d42.s14.e2" interaction="false"/><pair id="DrugDDI.d42.s14.p6" e1="DrugDDI.d42.s14.e1" e2="DrugDDI.d42.s14.e3" interaction="false"/><pair id="DrugDDI.d42.s14.p7" e1="DrugDDI.d42.s14.e1" e2="DrugDDI.d42.s14.e4" interaction="false"/><pair id="DrugDDI.d42.s14.p8" e1="DrugDDI.d42.s14.e1" e2="DrugDDI.d42.s14.e5" interaction="false"/><pair id="DrugDDI.d42.s14.p9" e1="DrugDDI.d42.s14.e2" e2="DrugDDI.d42.s14.e3" interaction="false"/><pair id="DrugDDI.d42.s14.p10" e1="DrugDDI.d42.s14.e2" e2="DrugDDI.d42.s14.e4" interaction="false"/><pair id="DrugDDI.d42.s14.p11" e1="DrugDDI.d42.s14.e2" e2="DrugDDI.d42.s14.e5" interaction="false"/><pair id="DrugDDI.d42.s14.p12" e1="DrugDDI.d42.s14.e3" e2="DrugDDI.d42.s14.e4" interaction="false"/><pair id="DrugDDI.d42.s14.p13" e1="DrugDDI.d42.s14.e3" e2="DrugDDI.d42.s14.e5" interaction="false"/><pair id="DrugDDI.d42.s14.p14" e1="DrugDDI.d42.s14.e4" e2="DrugDDI.d42.s14.e5" interaction="false"/></sentence><sentence id="DrugDDI.d42.s15" origId="s15" text="In patients receiving HCTZ alone, dofetilide AUC increased by 27% and Cmax by 21%."><entity id="DrugDDI.d42.s15.e0" origId="s15.p207" charOffset="22-26" type="drug" text="HCTZ"/></sentence><sentence id="DrugDDI.d42.s16" origId="s16" text="However, the pharmacodynamic effect increased by 197% (QTc increase over time) and by 95% (maximum QTc increase)."/><sentence id="DrugDDI.d42.s17" origId="s17" text="In patients receiving HCTZ in combination with triamterene, dofetilide AUC increased by 30% and Cmax by 16%."><entity id="DrugDDI.d42.s17.e0" origId="s17.p228" charOffset="22-26" type="drug" text="HCTZ"/><entity id="DrugDDI.d42.s17.e1" origId="s17.p230" charOffset="47-58" type="drug" text="triamterene"/><entity id="DrugDDI.d42.s17.e2" origId="s17.p231" charOffset="60-70" type="drug" text="dofetilide"/><pair id="DrugDDI.d42.s17.p0" e1="DrugDDI.d42.s17.e0" e2="DrugDDI.d42.s17.e1" interaction="true"/><pair id="DrugDDI.d42.s17.p1" e1="DrugDDI.d42.s17.e0" e2="DrugDDI.d42.s17.e2" interaction="false"/><pair id="DrugDDI.d42.s17.p2" e1="DrugDDI.d42.s17.e1" e2="DrugDDI.d42.s17.e2" interaction="false"/></sentence><sentence id="DrugDDI.d42.s18" origId="s18" text="However, the pharmacodynamic effect increased by 190% (QTc increase over time) and by 84% (Maximum QTc increase)."/><sentence id="DrugDDI.d42.s19" origId="s19" text="The pharmacodynamic effects can be explained by a combination of the increase in dofetilide exposure and the reductions in serum potassium."><entity id="DrugDDI.d42.s19.e0" origId="s19.p256" charOffset="81-91" type="drug" text="dofetilide"/></sentence><sentence id="DrugDDI.d42.s20" origId="s20" text="In the DIAMOND trials, 1252 patients were treated with TIKOSYN and diuretics concomitantly of whom 493 died compared to 508 deaths among the 1248 patients receiving placebo and diuretics."><entity id="DrugDDI.d42.s20.e0" origId="s20.p264" charOffset="55-62" type="drug" text="TIKOSYN"/><entity id="DrugDDI.d42.s20.e1" origId="s20.p266" charOffset="67-76" type="drug" text="diuretics"/><entity id="DrugDDI.d42.s20.e2" origId="s20.p275" charOffset="177-186" type="drug" text="diuretics"/><pair id="DrugDDI.d42.s20.p0" e1="DrugDDI.d42.s20.e0" e2="DrugDDI.d42.s20.e1" interaction="false"/><pair id="DrugDDI.d42.s20.p1" e1="DrugDDI.d42.s20.e0" e2="DrugDDI.d42.s20.e2" interaction="false"/><pair id="DrugDDI.d42.s20.p2" e1="DrugDDI.d42.s20.e1" e2="DrugDDI.d42.s20.e2" interaction="false"/></sentence><sentence id="DrugDDI.d42.s21" origId="s21" text="Of the 229 patients who had potassium depleting diuretics added to their concomitant medications in the DIAMOND trials, the patients on TIKOSYN had a non-significantly reduced relative risk for death of 0.68 (95% CI 0.376, 1.230)."><entity id="DrugDDI.d42.s21.e0" origId="s21.p279" charOffset="28-57" type="drug" text="potassium depleting diuretics"/><entity id="DrugDDI.d42.s21.e1" origId="s21.p281" charOffset="85-96" type="drug" text="medications"/><entity id="DrugDDI.d42.s21.e2" origId="s21.p284" charOffset="136-143" type="drug" text="TIKOSYN"/><pair id="DrugDDI.d42.s21.p0" e1="DrugDDI.d42.s21.e0" e2="DrugDDI.d42.s21.e1" interaction="false"/><pair id="DrugDDI.d42.s21.p1" e1="DrugDDI.d42.s21.e0" e2="DrugDDI.d42.s21.e2" interaction="false"/><pair id="DrugDDI.d42.s21.p2" e1="DrugDDI.d42.s21.e1" e2="DrugDDI.d42.s21.e2" interaction="false"/></sentence><sentence id="DrugDDI.d42.s22" origId="s22" text="Potential Drug Interactions Dofetilide is eliminated in the kidney by cationic secretion."><entity id="DrugDDI.d42.s22.e0" origId="s22.p295" charOffset="28-38" type="drug" text="Dofetilide"/><entity id="DrugDDI.d42.s22.e1" origId="s22.p299" charOffset="70-76" type="drug" text="cation"/><pair id="DrugDDI.d42.s22.p0" e1="DrugDDI.d42.s22.e0" e2="DrugDDI.d42.s22.e1" interaction="false"/></sentence><sentence id="DrugDDI.d42.s23" origId="s23" text="Inhibitors of renal cationic secretion are contraindicated with TIKOSYN."><entity id="DrugDDI.d42.s23.e0" origId="s23.p301" charOffset="20-26" type="drug" text="cation"/><entity id="DrugDDI.d42.s23.e1" origId="s23.p304" charOffset="64-71" type="drug" text="TIKOSYN"/><pair id="DrugDDI.d42.s23.p0" e1="DrugDDI.d42.s23.e0" e2="DrugDDI.d42.s23.e1" interaction="false"/></sentence><sentence id="DrugDDI.d42.s24" origId="s24" text="In addition, drugs that are actively secreted via this route (e.g., triamterene, metformin and amiloride) should be co-administered with care as they might increase dofetilide levels."><entity id="DrugDDI.d42.s24.e0" origId="s24.p306" charOffset="13-18" type="drug" text="drugs"/><entity id="DrugDDI.d42.s24.e1" origId="s24.p314" charOffset="68-79" type="drug" text="triamterene"/><entity id="DrugDDI.d42.s24.e2" origId="s24.p315" charOffset="81-90" type="drug" text="metformin"/><entity id="DrugDDI.d42.s24.e3" origId="s24.p317" charOffset="95-104" type="drug" text="amiloride"/><entity id="DrugDDI.d42.s24.e4" origId="s24.p327" charOffset="165-175" type="drug" text="dofetilide"/><pair id="DrugDDI.d42.s24.p0" e1="DrugDDI.d42.s24.e0" e2="DrugDDI.d42.s24.e1" interaction="false"/><pair id="DrugDDI.d42.s24.p1" e1="DrugDDI.d42.s24.e0" e2="DrugDDI.d42.s24.e2" interaction="false"/><pair id="DrugDDI.d42.s24.p2" e1="DrugDDI.d42.s24.e0" e2="DrugDDI.d42.s24.e3" interaction="false"/><pair id="DrugDDI.d42.s24.p3" e1="DrugDDI.d42.s24.e0" e2="DrugDDI.d42.s24.e4" interaction="true"/><pair id="DrugDDI.d42.s24.p4" e1="DrugDDI.d42.s24.e1" e2="DrugDDI.d42.s24.e2" interaction="false"/><pair id="DrugDDI.d42.s24.p5" e1="DrugDDI.d42.s24.e1" e2="DrugDDI.d42.s24.e3" interaction="false"/><pair id="DrugDDI.d42.s24.p6" e1="DrugDDI.d42.s24.e1" e2="DrugDDI.d42.s24.e4" interaction="true"/><pair id="DrugDDI.d42.s24.p7" e1="DrugDDI.d42.s24.e2" e2="DrugDDI.d42.s24.e3" interaction="false"/><pair id="DrugDDI.d42.s24.p8" e1="DrugDDI.d42.s24.e2" e2="DrugDDI.d42.s24.e4" interaction="true"/><pair id="DrugDDI.d42.s24.p9" e1="DrugDDI.d42.s24.e3" e2="DrugDDI.d42.s24.e4" interaction="true"/></sentence><sentence id="DrugDDI.d42.s25" origId="s25" text="Dofetilide is metabolized to a small extent by the CYP3A4 isoenzyme of the cytochrome P450 system."><entity id="DrugDDI.d42.s25.e0" origId="s25.p328" charOffset="0-10" type="drug" text="Dofetilide"/><entity id="DrugDDI.d42.s25.e1" origId="s25.p332" charOffset="51-68" type="drug" text="CYP3A4 isoenzyme"/><entity id="DrugDDI.d42.s25.e2" origId="s25.p333" charOffset="75-90" type="drug" text="cytochrome P450"/><pair id="DrugDDI.d42.s25.p0" e1="DrugDDI.d42.s25.e0" e2="DrugDDI.d42.s25.e1" interaction="true"/><pair id="DrugDDI.d42.s25.p1" e1="DrugDDI.d42.s25.e0" e2="DrugDDI.d42.s25.e2" interaction="false"/><pair id="DrugDDI.d42.s25.p2" e1="DrugDDI.d42.s25.e1" e2="DrugDDI.d42.s25.e2" interaction="false"/></sentence><sentence id="DrugDDI.d42.s26" origId="s26" text="Inhibitors of the CYP3A4 isoenzyme could increase systemic dofetilide exposure."><entity id="DrugDDI.d42.s26.e0" origId="s26.p335" charOffset="18-35" type="drug" text="CYP3A4 isoenzyme"/><entity id="DrugDDI.d42.s26.e1" origId="s26.p338" charOffset="59-69" type="drug" text="dofetilide"/><pair id="DrugDDI.d42.s26.p0" e1="DrugDDI.d42.s26.e0" e2="DrugDDI.d42.s26.e1" interaction="true"/></sentence><sentence id="DrugDDI.d42.s27" origId="s27" text="Inhibitors of this isoenzyme (e.g., macrolide antibiotics, azole antifungal agents, protease inhibitors, serotonin reuptake inhibitors, amiodarone, cannabinoids, diltiazem, grapefruit juice, nefazadone, norfloxacin, quinine, zafirlukast) should be cautiously coadministered with TIKOSYN as they can potentially increase dofetilide levels."><entity id="DrugDDI.d42.s27.e0" origId="s27.p340" charOffset="19-29" type="drug" text="isoenzyme"/><entity id="DrugDDI.d42.s27.e1" origId="s27.p343" charOffset="36-57" type="drug" text="macrolide antibiotics"/><entity id="DrugDDI.d42.s27.e2" origId="s27.p344" charOffset="65-82" type="drug" text="antifungal agents"/><entity id="DrugDDI.d42.s27.e3" origId="s27.p345" charOffset="84-103" type="drug" text="protease inhibitors"/><entity id="DrugDDI.d42.s27.e4" origId="s27.p346" charOffset="105-134" type="drug" text="serotonin reuptake inhibitors"/><entity id="DrugDDI.d42.s27.e5" origId="s27.p347" charOffset="136-146" type="drug" text="amiodarone"/><entity id="DrugDDI.d42.s27.e6" origId="s27.p349" charOffset="162-171" type="drug" text="diltiazem"/><entity id="DrugDDI.d42.s27.e7" origId="s27.p352" charOffset="203-214" type="drug" text="norfloxacin"/><entity id="DrugDDI.d42.s27.e8" origId="s27.p353" charOffset="216-223" type="drug" text="quinine"/><entity id="DrugDDI.d42.s27.e9" origId="s27.p354" charOffset="225-236" type="drug" text="zafirlukast"/><entity id="DrugDDI.d42.s27.e10" origId="s27.p360" charOffset="279-286" type="drug" text="TIKOSYN"/><entity id="DrugDDI.d42.s27.e11" origId="s27.p366" charOffset="320-330" type="drug" text="dofetilide"/><pair id="DrugDDI.d42.s27.p0" e1="DrugDDI.d42.s27.e0" e2="DrugDDI.d42.s27.e1" interaction="false"/><pair id="DrugDDI.d42.s27.p1" e1="DrugDDI.d42.s27.e0" e2="DrugDDI.d42.s27.e2" interaction="false"/><pair id="DrugDDI.d42.s27.p2" e1="DrugDDI.d42.s27.e0" e2="DrugDDI.d42.s27.e3" interaction="false"/><pair id="DrugDDI.d42.s27.p3" e1="DrugDDI.d42.s27.e0" e2="DrugDDI.d42.s27.e4" interaction="false"/><pair id="DrugDDI.d42.s27.p4" e1="DrugDDI.d42.s27.e0" e2="DrugDDI.d42.s27.e5" interaction="false"/><pair id="DrugDDI.d42.s27.p5" e1="DrugDDI.d42.s27.e0" e2="DrugDDI.d42.s27.e6" interaction="false"/><pair id="DrugDDI.d42.s27.p6" e1="DrugDDI.d42.s27.e0" e2="DrugDDI.d42.s27.e7" interaction="false"/><pair id="DrugDDI.d42.s27.p7" e1="DrugDDI.d42.s27.e0" e2="DrugDDI.d42.s27.e8" interaction="false"/><pair id="DrugDDI.d42.s27.p8" e1="DrugDDI.d42.s27.e0" e2="DrugDDI.d42.s27.e9" interaction="false"/><pair id="DrugDDI.d42.s27.p9" e1="DrugDDI.d42.s27.e0" e2="DrugDDI.d42.s27.e10" interaction="false"/><pair id="DrugDDI.d42.s27.p10" e1="DrugDDI.d42.s27.e0" e2="DrugDDI.d42.s27.e11" interaction="false"/><pair id="DrugDDI.d42.s27.p11" e1="DrugDDI.d42.s27.e1" e2="DrugDDI.d42.s27.e2" interaction="false"/><pair id="DrugDDI.d42.s27.p12" e1="DrugDDI.d42.s27.e1" e2="DrugDDI.d42.s27.e3" interaction="false"/><pair id="DrugDDI.d42.s27.p13" e1="DrugDDI.d42.s27.e1" e2="DrugDDI.d42.s27.e4" interaction="false"/><pair id="DrugDDI.d42.s27.p14" e1="DrugDDI.d42.s27.e1" e2="DrugDDI.d42.s27.e5" interaction="false"/><pair id="DrugDDI.d42.s27.p15" e1="DrugDDI.d42.s27.e1" e2="DrugDDI.d42.s27.e6" interaction="false"/><pair id="DrugDDI.d42.s27.p16" e1="DrugDDI.d42.s27.e1" e2="DrugDDI.d42.s27.e7" interaction="false"/><pair id="DrugDDI.d42.s27.p17" e1="DrugDDI.d42.s27.e1" e2="DrugDDI.d42.s27.e8" interaction="false"/><pair id="DrugDDI.d42.s27.p18" e1="DrugDDI.d42.s27.e1" e2="DrugDDI.d42.s27.e9" interaction="false"/><pair id="DrugDDI.d42.s27.p19" e1="DrugDDI.d42.s27.e1" e2="DrugDDI.d42.s27.e10" interaction="true"/><pair id="DrugDDI.d42.s27.p20" e1="DrugDDI.d42.s27.e1" e2="DrugDDI.d42.s27.e11" interaction="false"/><pair id="DrugDDI.d42.s27.p21" e1="DrugDDI.d42.s27.e2" e2="DrugDDI.d42.s27.e3" interaction="false"/><pair id="DrugDDI.d42.s27.p22" e1="DrugDDI.d42.s27.e2" e2="DrugDDI.d42.s27.e4" interaction="false"/><pair id="DrugDDI.d42.s27.p23" e1="DrugDDI.d42.s27.e2" e2="DrugDDI.d42.s27.e5" interaction="false"/><pair id="DrugDDI.d42.s27.p24" e1="DrugDDI.d42.s27.e2" e2="DrugDDI.d42.s27.e6" interaction="false"/><pair id="DrugDDI.d42.s27.p25" e1="DrugDDI.d42.s27.e2" e2="DrugDDI.d42.s27.e7" interaction="false"/><pair id="DrugDDI.d42.s27.p26" e1="DrugDDI.d42.s27.e2" e2="DrugDDI.d42.s27.e8" interaction="false"/><pair id="DrugDDI.d42.s27.p27" e1="DrugDDI.d42.s27.e2" e2="DrugDDI.d42.s27.e9" interaction="false"/><pair id="DrugDDI.d42.s27.p28" e1="DrugDDI.d42.s27.e2" e2="DrugDDI.d42.s27.e10" interaction="true"/><pair id="DrugDDI.d42.s27.p29" e1="DrugDDI.d42.s27.e2" e2="DrugDDI.d42.s27.e11" interaction="false"/><pair id="DrugDDI.d42.s27.p30" e1="DrugDDI.d42.s27.e3" e2="DrugDDI.d42.s27.e4" interaction="false"/><pair id="DrugDDI.d42.s27.p31" e1="DrugDDI.d42.s27.e3" e2="DrugDDI.d42.s27.e5" interaction="false"/><pair id="DrugDDI.d42.s27.p32" e1="DrugDDI.d42.s27.e3" e2="DrugDDI.d42.s27.e6" interaction="false"/><pair id="DrugDDI.d42.s27.p33" e1="DrugDDI.d42.s27.e3" e2="DrugDDI.d42.s27.e7" interaction="false"/><pair id="DrugDDI.d42.s27.p34" e1="DrugDDI.d42.s27.e3" e2="DrugDDI.d42.s27.e8" interaction="false"/><pair id="DrugDDI.d42.s27.p35" e1="DrugDDI.d42.s27.e3" e2="DrugDDI.d42.s27.e9" interaction="false"/><pair id="DrugDDI.d42.s27.p36" e1="DrugDDI.d42.s27.e3" e2="DrugDDI.d42.s27.e10" interaction="true"/><pair id="DrugDDI.d42.s27.p37" e1="DrugDDI.d42.s27.e3" e2="DrugDDI.d42.s27.e11" interaction="false"/><pair id="DrugDDI.d42.s27.p38" e1="DrugDDI.d42.s27.e4" e2="DrugDDI.d42.s27.e5" interaction="false"/><pair id="DrugDDI.d42.s27.p39" e1="DrugDDI.d42.s27.e4" e2="DrugDDI.d42.s27.e6" interaction="false"/><pair id="DrugDDI.d42.s27.p40" e1="DrugDDI.d42.s27.e4" e2="DrugDDI.d42.s27.e7" interaction="false"/><pair id="DrugDDI.d42.s27.p41" e1="DrugDDI.d42.s27.e4" e2="DrugDDI.d42.s27.e8" interaction="false"/><pair id="DrugDDI.d42.s27.p42" e1="DrugDDI.d42.s27.e4" e2="DrugDDI.d42.s27.e9" interaction="false"/><pair id="DrugDDI.d42.s27.p43" e1="DrugDDI.d42.s27.e4" e2="DrugDDI.d42.s27.e10" interaction="true"/><pair id="DrugDDI.d42.s27.p44" e1="DrugDDI.d42.s27.e4" e2="DrugDDI.d42.s27.e11" interaction="false"/><pair id="DrugDDI.d42.s27.p45" e1="DrugDDI.d42.s27.e5" e2="DrugDDI.d42.s27.e6" interaction="false"/><pair id="DrugDDI.d42.s27.p46" e1="DrugDDI.d42.s27.e5" e2="DrugDDI.d42.s27.e7" interaction="false"/><pair id="DrugDDI.d42.s27.p47" e1="DrugDDI.d42.s27.e5" e2="DrugDDI.d42.s27.e8" interaction="false"/><pair id="DrugDDI.d42.s27.p48" e1="DrugDDI.d42.s27.e5" e2="DrugDDI.d42.s27.e9" interaction="false"/><pair id="DrugDDI.d42.s27.p49" e1="DrugDDI.d42.s27.e5" e2="DrugDDI.d42.s27.e10" interaction="true"/><pair id="DrugDDI.d42.s27.p50" e1="DrugDDI.d42.s27.e5" e2="DrugDDI.d42.s27.e11" interaction="false"/><pair id="DrugDDI.d42.s27.p51" e1="DrugDDI.d42.s27.e6" e2="DrugDDI.d42.s27.e7" interaction="false"/><pair id="DrugDDI.d42.s27.p52" e1="DrugDDI.d42.s27.e6" e2="DrugDDI.d42.s27.e8" interaction="false"/><pair id="DrugDDI.d42.s27.p53" e1="DrugDDI.d42.s27.e6" e2="DrugDDI.d42.s27.e9" interaction="false"/><pair id="DrugDDI.d42.s27.p54" e1="DrugDDI.d42.s27.e6" e2="DrugDDI.d42.s27.e10" interaction="true"/><pair id="DrugDDI.d42.s27.p55" e1="DrugDDI.d42.s27.e6" e2="DrugDDI.d42.s27.e11" interaction="false"/><pair id="DrugDDI.d42.s27.p56" e1="DrugDDI.d42.s27.e7" e2="DrugDDI.d42.s27.e8" interaction="false"/><pair id="DrugDDI.d42.s27.p57" e1="DrugDDI.d42.s27.e7" e2="DrugDDI.d42.s27.e9" interaction="false"/><pair id="DrugDDI.d42.s27.p58" e1="DrugDDI.d42.s27.e7" e2="DrugDDI.d42.s27.e10" interaction="true"/><pair id="DrugDDI.d42.s27.p59" e1="DrugDDI.d42.s27.e7" e2="DrugDDI.d42.s27.e11" interaction="false"/><pair id="DrugDDI.d42.s27.p60" e1="DrugDDI.d42.s27.e8" e2="DrugDDI.d42.s27.e9" interaction="false"/><pair id="DrugDDI.d42.s27.p61" e1="DrugDDI.d42.s27.e8" e2="DrugDDI.d42.s27.e10" interaction="true"/><pair id="DrugDDI.d42.s27.p62" e1="DrugDDI.d42.s27.e8" e2="DrugDDI.d42.s27.e11" interaction="false"/><pair id="DrugDDI.d42.s27.p63" e1="DrugDDI.d42.s27.e9" e2="DrugDDI.d42.s27.e10" interaction="true"/><pair id="DrugDDI.d42.s27.p64" e1="DrugDDI.d42.s27.e9" e2="DrugDDI.d42.s27.e11" interaction="false"/><pair id="DrugDDI.d42.s27.p65" e1="DrugDDI.d42.s27.e10" e2="DrugDDI.d42.s27.e11" interaction="false"/></sentence><sentence id="DrugDDI.d42.s28" origId="s28" text="Dofetilide is not an inhibitor of CYP3A4 nor of other cytochrome P450 isoenzymes (e.g., CYP2C9, CYP2D6) and is not expected to increase levels of drugs metabolized by CYP3A4."><entity id="DrugDDI.d42.s28.e0" origId="s28.p367" charOffset="0-10" type="drug" text="Dofetilide"/><entity id="DrugDDI.d42.s28.e1" origId="s28.p370" charOffset="34-40" type="drug" text="CYP3A4"/><entity id="DrugDDI.d42.s28.e2" origId="s28.p372" charOffset="54-69" type="drug" text="cytochrome P450"/><entity id="DrugDDI.d42.s28.e3" origId="s28.p375" charOffset="88-94" type="drug" text="CYP2C9"/><entity id="DrugDDI.d42.s28.e4" origId="s28.p376" charOffset="96-102" type="drug" text="CYP2D6"/><entity id="DrugDDI.d42.s28.e5" origId="s28.p385" charOffset="146-151" type="drug" text="drugs"/><entity id="DrugDDI.d42.s28.e6" origId="s28.p387" charOffset="167-173" type="drug" text="CYP3A4"/><pair id="DrugDDI.d42.s28.p0" e1="DrugDDI.d42.s28.e0" e2="DrugDDI.d42.s28.e1" interaction="false"/><pair id="DrugDDI.d42.s28.p1" e1="DrugDDI.d42.s28.e0" e2="DrugDDI.d42.s28.e2" interaction="false"/><pair id="DrugDDI.d42.s28.p2" e1="DrugDDI.d42.s28.e0" e2="DrugDDI.d42.s28.e3" interaction="false"/><pair id="DrugDDI.d42.s28.p3" e1="DrugDDI.d42.s28.e0" e2="DrugDDI.d42.s28.e4" interaction="false"/><pair id="DrugDDI.d42.s28.p4" e1="DrugDDI.d42.s28.e0" e2="DrugDDI.d42.s28.e5" interaction="false"/><pair id="DrugDDI.d42.s28.p5" e1="DrugDDI.d42.s28.e0" e2="DrugDDI.d42.s28.e6" interaction="false"/><pair id="DrugDDI.d42.s28.p6" e1="DrugDDI.d42.s28.e1" e2="DrugDDI.d42.s28.e2" interaction="false"/><pair id="DrugDDI.d42.s28.p7" e1="DrugDDI.d42.s28.e1" e2="DrugDDI.d42.s28.e3" interaction="false"/><pair id="DrugDDI.d42.s28.p8" e1="DrugDDI.d42.s28.e1" e2="DrugDDI.d42.s28.e4" interaction="false"/><pair id="DrugDDI.d42.s28.p9" e1="DrugDDI.d42.s28.e1" e2="DrugDDI.d42.s28.e5" interaction="false"/><pair id="DrugDDI.d42.s28.p10" e1="DrugDDI.d42.s28.e1" e2="DrugDDI.d42.s28.e6" interaction="false"/><pair id="DrugDDI.d42.s28.p11" e1="DrugDDI.d42.s28.e2" e2="DrugDDI.d42.s28.e3" interaction="false"/><pair id="DrugDDI.d42.s28.p12" e1="DrugDDI.d42.s28.e2" e2="DrugDDI.d42.s28.e4" interaction="false"/><pair id="DrugDDI.d42.s28.p13" e1="DrugDDI.d42.s28.e2" e2="DrugDDI.d42.s28.e5" interaction="false"/><pair id="DrugDDI.d42.s28.p14" e1="DrugDDI.d42.s28.e2" e2="DrugDDI.d42.s28.e6" interaction="false"/><pair id="DrugDDI.d42.s28.p15" e1="DrugDDI.d42.s28.e3" e2="DrugDDI.d42.s28.e4" interaction="false"/><pair id="DrugDDI.d42.s28.p16" e1="DrugDDI.d42.s28.e3" e2="DrugDDI.d42.s28.e5" interaction="false"/><pair id="DrugDDI.d42.s28.p17" e1="DrugDDI.d42.s28.e3" e2="DrugDDI.d42.s28.e6" interaction="false"/><pair id="DrugDDI.d42.s28.p18" e1="DrugDDI.d42.s28.e4" e2="DrugDDI.d42.s28.e5" interaction="false"/><pair id="DrugDDI.d42.s28.p19" e1="DrugDDI.d42.s28.e4" e2="DrugDDI.d42.s28.e6" interaction="false"/><pair id="DrugDDI.d42.s28.p20" e1="DrugDDI.d42.s28.e5" e2="DrugDDI.d42.s28.e6" interaction="false"/></sentence><sentence id="DrugDDI.d42.s29" origId="s29" text="Other Drug Interaction Information Digoxin: Studies in healthy volunteers have shown that TIKOSYN does not affect the pharmacokinetics of digoxin."><entity id="DrugDDI.d42.s29.e0" origId="s29.p388" charOffset="35-42" type="drug" text="Digoxin"/><entity id="DrugDDI.d42.s29.e1" origId="s29.p394" charOffset="90-97" type="drug" text="TIKOSYN"/><entity id="DrugDDI.d42.s29.e2" origId="s29.p399" charOffset="138-145" type="drug" text="digoxin"/><pair id="DrugDDI.d42.s29.p0" e1="DrugDDI.d42.s29.e0" e2="DrugDDI.d42.s29.e1" interaction="false"/><pair id="DrugDDI.d42.s29.p1" e1="DrugDDI.d42.s29.e0" e2="DrugDDI.d42.s29.e2" interaction="false"/><pair id="DrugDDI.d42.s29.p2" e1="DrugDDI.d42.s29.e1" e2="DrugDDI.d42.s29.e2" interaction="false"/></sentence><sentence id="DrugDDI.d42.s30" origId="s30" text="In patients, the concomitant administration of digoxin with dofetilide was associated with a higher occurrence of torsade de pointes."><entity id="DrugDDI.d42.s30.e0" origId="s30.p402" charOffset="47-54" type="drug" text="digoxin"/><entity id="DrugDDI.d42.s30.e1" origId="s30.p403" charOffset="60-70" type="drug" text="dofetilide"/><pair id="DrugDDI.d42.s30.p0" e1="DrugDDI.d42.s30.e0" e2="DrugDDI.d42.s30.e1" interaction="true"/></sentence><sentence id="DrugDDI.d42.s31" origId="s31" text="It is not clear whether this represents an interaction with TIKOSYN or the presence of more severe structural heart disease in patients on digoxin;"><entity id="DrugDDI.d42.s31.e0" origId="s31.p415" charOffset="60-67" type="drug" text="TIKOSYN"/><entity id="DrugDDI.d42.s31.e1" origId="s31.p420" charOffset="139-146" type="drug" text="digoxin"/><pair id="DrugDDI.d42.s31.p0" e1="DrugDDI.d42.s31.e0" e2="DrugDDI.d42.s31.e1" interaction="false"/></sentence><sentence id="DrugDDI.d42.s32" origId="s32" text="structural heart disease is a known risk factor for arrhythmia."/><sentence id="DrugDDI.d42.s33" origId="s33" text="No increase in mortality was observed in patients taking digoxin as concomitant medication."><entity id="DrugDDI.d42.s33.e0" origId="s33.p432" charOffset="57-64" type="drug" text="digoxin"/><entity id="DrugDDI.d42.s33.e1" origId="s33.p433" charOffset="80-91" type="drug" text="medication"/><pair id="DrugDDI.d42.s33.p0" e1="DrugDDI.d42.s33.e0" e2="DrugDDI.d42.s33.e1" interaction="false"/></sentence><sentence id="DrugDDI.d42.s34" origId="s34" text="Other Drugs: In healthy volunteers, amlodipine, phenytoin, glyburide, ranitidine, omeprazole, hormone replacement therapy (a combination of conjugated estrogens and medroxyprogesterone), antacid (aluminum and magnesium hydroxides) and theophylline did not affect the pharmacokinetics of TIKOSYN."><entity id="DrugDDI.d42.s34.e0" origId="s34.p434" charOffset="6-11" type="drug" text="Drugs"/><entity id="DrugDDI.d42.s34.e1" origId="s34.p437" charOffset="36-46" type="drug" text="amlodipine"/><entity id="DrugDDI.d42.s34.e2" origId="s34.p438" charOffset="48-57" type="drug" text="phenytoin"/><entity id="DrugDDI.d42.s34.e3" origId="s34.p439" charOffset="59-68" type="drug" text="glyburide"/><entity id="DrugDDI.d42.s34.e4" origId="s34.p440" charOffset="70-80" type="drug" text="ranitidine"/><entity id="DrugDDI.d42.s34.e5" origId="s34.p441" charOffset="82-92" type="drug" text="omeprazole"/><entity id="DrugDDI.d42.s34.e6" origId="s34.p445" charOffset="151-161" type="drug" text="estrogens"/><entity id="DrugDDI.d42.s34.e7" origId="s34.p447" charOffset="165-184" type="drug" text="medroxyprogesterone"/><entity id="DrugDDI.d42.s34.e8" origId="s34.p450" charOffset="187-194" type="drug" text="antacid"/><entity id="DrugDDI.d42.s34.e9" origId="s34.p454" charOffset="209-228" type="drug" text="magnesium hydroxide"/><entity id="DrugDDI.d42.s34.e10" origId="s34.p457" charOffset="235-247" type="drug" text="theophylline"/><entity id="DrugDDI.d42.s34.e11" origId="s34.p462" charOffset="287-294" type="drug" text="TIKOSYN"/><pair id="DrugDDI.d42.s34.p0" e1="DrugDDI.d42.s34.e0" e2="DrugDDI.d42.s34.e1" interaction="false"/><pair id="DrugDDI.d42.s34.p1" e1="DrugDDI.d42.s34.e0" e2="DrugDDI.d42.s34.e2" interaction="false"/><pair id="DrugDDI.d42.s34.p2" e1="DrugDDI.d42.s34.e0" e2="DrugDDI.d42.s34.e3" interaction="false"/><pair id="DrugDDI.d42.s34.p3" e1="DrugDDI.d42.s34.e0" e2="DrugDDI.d42.s34.e4" interaction="false"/><pair id="DrugDDI.d42.s34.p4" e1="DrugDDI.d42.s34.e0" e2="DrugDDI.d42.s34.e5" interaction="false"/><pair id="DrugDDI.d42.s34.p5" e1="DrugDDI.d42.s34.e0" e2="DrugDDI.d42.s34.e6" interaction="false"/><pair id="DrugDDI.d42.s34.p6" e1="DrugDDI.d42.s34.e0" e2="DrugDDI.d42.s34.e7" interaction="false"/><pair id="DrugDDI.d42.s34.p7" e1="DrugDDI.d42.s34.e0" e2="DrugDDI.d42.s34.e8" interaction="false"/><pair id="DrugDDI.d42.s34.p8" e1="DrugDDI.d42.s34.e0" e2="DrugDDI.d42.s34.e9" interaction="false"/><pair id="DrugDDI.d42.s34.p9" e1="DrugDDI.d42.s34.e0" e2="DrugDDI.d42.s34.e10" interaction="false"/><pair id="DrugDDI.d42.s34.p10" e1="DrugDDI.d42.s34.e0" e2="DrugDDI.d42.s34.e11" interaction="false"/><pair id="DrugDDI.d42.s34.p11" e1="DrugDDI.d42.s34.e1" e2="DrugDDI.d42.s34.e2" interaction="false"/><pair id="DrugDDI.d42.s34.p12" e1="DrugDDI.d42.s34.e1" e2="DrugDDI.d42.s34.e3" interaction="false"/><pair id="DrugDDI.d42.s34.p13" e1="DrugDDI.d42.s34.e1" e2="DrugDDI.d42.s34.e4" interaction="false"/><pair id="DrugDDI.d42.s34.p14" e1="DrugDDI.d42.s34.e1" e2="DrugDDI.d42.s34.e5" interaction="false"/><pair id="DrugDDI.d42.s34.p15" e1="DrugDDI.d42.s34.e1" e2="DrugDDI.d42.s34.e6" interaction="false"/><pair id="DrugDDI.d42.s34.p16" e1="DrugDDI.d42.s34.e1" e2="DrugDDI.d42.s34.e7" interaction="false"/><pair id="DrugDDI.d42.s34.p17" e1="DrugDDI.d42.s34.e1" e2="DrugDDI.d42.s34.e8" interaction="false"/><pair id="DrugDDI.d42.s34.p18" e1="DrugDDI.d42.s34.e1" e2="DrugDDI.d42.s34.e9" interaction="false"/><pair id="DrugDDI.d42.s34.p19" e1="DrugDDI.d42.s34.e1" e2="DrugDDI.d42.s34.e10" interaction="false"/><pair id="DrugDDI.d42.s34.p20" e1="DrugDDI.d42.s34.e1" e2="DrugDDI.d42.s34.e11" interaction="false"/><pair id="DrugDDI.d42.s34.p21" e1="DrugDDI.d42.s34.e2" e2="DrugDDI.d42.s34.e3" interaction="false"/><pair id="DrugDDI.d42.s34.p22" e1="DrugDDI.d42.s34.e2" e2="DrugDDI.d42.s34.e4" interaction="false"/><pair id="DrugDDI.d42.s34.p23" e1="DrugDDI.d42.s34.e2" e2="DrugDDI.d42.s34.e5" interaction="false"/><pair id="DrugDDI.d42.s34.p24" e1="DrugDDI.d42.s34.e2" e2="DrugDDI.d42.s34.e6" interaction="false"/><pair id="DrugDDI.d42.s34.p25" e1="DrugDDI.d42.s34.e2" e2="DrugDDI.d42.s34.e7" interaction="false"/><pair id="DrugDDI.d42.s34.p26" e1="DrugDDI.d42.s34.e2" e2="DrugDDI.d42.s34.e8" interaction="false"/><pair id="DrugDDI.d42.s34.p27" e1="DrugDDI.d42.s34.e2" e2="DrugDDI.d42.s34.e9" interaction="false"/><pair id="DrugDDI.d42.s34.p28" e1="DrugDDI.d42.s34.e2" e2="DrugDDI.d42.s34.e10" interaction="false"/><pair id="DrugDDI.d42.s34.p29" e1="DrugDDI.d42.s34.e2" e2="DrugDDI.d42.s34.e11" interaction="false"/><pair id="DrugDDI.d42.s34.p30" e1="DrugDDI.d42.s34.e3" e2="DrugDDI.d42.s34.e4" interaction="false"/><pair id="DrugDDI.d42.s34.p31" e1="DrugDDI.d42.s34.e3" e2="DrugDDI.d42.s34.e5" interaction="false"/><pair id="DrugDDI.d42.s34.p32" e1="DrugDDI.d42.s34.e3" e2="DrugDDI.d42.s34.e6" interaction="false"/><pair id="DrugDDI.d42.s34.p33" e1="DrugDDI.d42.s34.e3" e2="DrugDDI.d42.s34.e7" interaction="false"/><pair id="DrugDDI.d42.s34.p34" e1="DrugDDI.d42.s34.e3" e2="DrugDDI.d42.s34.e8" interaction="false"/><pair id="DrugDDI.d42.s34.p35" e1="DrugDDI.d42.s34.e3" e2="DrugDDI.d42.s34.e9" interaction="false"/><pair id="DrugDDI.d42.s34.p36" e1="DrugDDI.d42.s34.e3" e2="DrugDDI.d42.s34.e10" interaction="false"/><pair id="DrugDDI.d42.s34.p37" e1="DrugDDI.d42.s34.e3" e2="DrugDDI.d42.s34.e11" interaction="false"/><pair id="DrugDDI.d42.s34.p38" e1="DrugDDI.d42.s34.e4" e2="DrugDDI.d42.s34.e5" interaction="false"/><pair id="DrugDDI.d42.s34.p39" e1="DrugDDI.d42.s34.e4" e2="DrugDDI.d42.s34.e6" interaction="false"/><pair id="DrugDDI.d42.s34.p40" e1="DrugDDI.d42.s34.e4" e2="DrugDDI.d42.s34.e7" interaction="false"/><pair id="DrugDDI.d42.s34.p41" e1="DrugDDI.d42.s34.e4" e2="DrugDDI.d42.s34.e8" interaction="false"/><pair id="DrugDDI.d42.s34.p42" e1="DrugDDI.d42.s34.e4" e2="DrugDDI.d42.s34.e9" interaction="false"/><pair id="DrugDDI.d42.s34.p43" e1="DrugDDI.d42.s34.e4" e2="DrugDDI.d42.s34.e10" interaction="false"/><pair id="DrugDDI.d42.s34.p44" e1="DrugDDI.d42.s34.e4" e2="DrugDDI.d42.s34.e11" interaction="false"/><pair id="DrugDDI.d42.s34.p45" e1="DrugDDI.d42.s34.e5" e2="DrugDDI.d42.s34.e6" interaction="false"/><pair id="DrugDDI.d42.s34.p46" e1="DrugDDI.d42.s34.e5" e2="DrugDDI.d42.s34.e7" interaction="false"/><pair id="DrugDDI.d42.s34.p47" e1="DrugDDI.d42.s34.e5" e2="DrugDDI.d42.s34.e8" interaction="false"/><pair id="DrugDDI.d42.s34.p48" e1="DrugDDI.d42.s34.e5" e2="DrugDDI.d42.s34.e9" interaction="false"/><pair id="DrugDDI.d42.s34.p49" e1="DrugDDI.d42.s34.e5" e2="DrugDDI.d42.s34.e10" interaction="false"/><pair id="DrugDDI.d42.s34.p50" e1="DrugDDI.d42.s34.e5" e2="DrugDDI.d42.s34.e11" interaction="false"/><pair id="DrugDDI.d42.s34.p51" e1="DrugDDI.d42.s34.e6" e2="DrugDDI.d42.s34.e7" interaction="false"/><pair id="DrugDDI.d42.s34.p52" e1="DrugDDI.d42.s34.e6" e2="DrugDDI.d42.s34.e8" interaction="false"/><pair id="DrugDDI.d42.s34.p53" e1="DrugDDI.d42.s34.e6" e2="DrugDDI.d42.s34.e9" interaction="false"/><pair id="DrugDDI.d42.s34.p54" e1="DrugDDI.d42.s34.e6" e2="DrugDDI.d42.s34.e10" interaction="false"/><pair id="DrugDDI.d42.s34.p55" e1="DrugDDI.d42.s34.e6" e2="DrugDDI.d42.s34.e11" interaction="false"/><pair id="DrugDDI.d42.s34.p56" e1="DrugDDI.d42.s34.e7" e2="DrugDDI.d42.s34.e8" interaction="false"/><pair id="DrugDDI.d42.s34.p57" e1="DrugDDI.d42.s34.e7" e2="DrugDDI.d42.s34.e9" interaction="false"/><pair id="DrugDDI.d42.s34.p58" e1="DrugDDI.d42.s34.e7" e2="DrugDDI.d42.s34.e10" interaction="false"/><pair id="DrugDDI.d42.s34.p59" e1="DrugDDI.d42.s34.e7" e2="DrugDDI.d42.s34.e11" interaction="false"/><pair id="DrugDDI.d42.s34.p60" e1="DrugDDI.d42.s34.e8" e2="DrugDDI.d42.s34.e9" interaction="false"/><pair id="DrugDDI.d42.s34.p61" e1="DrugDDI.d42.s34.e8" e2="DrugDDI.d42.s34.e10" interaction="false"/><pair id="DrugDDI.d42.s34.p62" e1="DrugDDI.d42.s34.e8" e2="DrugDDI.d42.s34.e11" interaction="false"/><pair id="DrugDDI.d42.s34.p63" e1="DrugDDI.d42.s34.e9" e2="DrugDDI.d42.s34.e10" interaction="false"/><pair id="DrugDDI.d42.s34.p64" e1="DrugDDI.d42.s34.e9" e2="DrugDDI.d42.s34.e11" interaction="false"/><pair id="DrugDDI.d42.s34.p65" e1="DrugDDI.d42.s34.e10" e2="DrugDDI.d42.s34.e11" interaction="false"/></sentence><sentence id="DrugDDI.d42.s35" origId="s35" text="In addition, studies in healthy volunteers have shown that TIKOSYN does not affect the pharmacokinetics or pharmacodynamics of warfarin, or the pharmacokinetics of propranolol (40 mg twice daily), phenytoin, theophylline, or oral contraceptives."><entity id="DrugDDI.d42.s35.e0" origId="s35.p468" charOffset="59-66" type="drug" text="TIKOSYN"/><entity id="DrugDDI.d42.s35.e1" origId="s35.p475" charOffset="127-135" type="drug" text="warfarin"/><entity id="DrugDDI.d42.s35.e2" origId="s35.p478" charOffset="164-175" type="drug" text="propranolol"/><entity id="DrugDDI.d42.s35.e3" origId="s35.p483" charOffset="197-206" type="drug" text="phenytoin"/><entity id="DrugDDI.d42.s35.e4" origId="s35.p484" charOffset="208-220" type="drug" text="theophylline"/><entity id="DrugDDI.d42.s35.e5" origId="s35.p486" charOffset="225-244" type="drug" text="oral contraceptives"/><pair id="DrugDDI.d42.s35.p0" e1="DrugDDI.d42.s35.e0" e2="DrugDDI.d42.s35.e1" interaction="false"/><pair id="DrugDDI.d42.s35.p1" e1="DrugDDI.d42.s35.e0" e2="DrugDDI.d42.s35.e2" interaction="false"/><pair id="DrugDDI.d42.s35.p2" e1="DrugDDI.d42.s35.e0" e2="DrugDDI.d42.s35.e3" interaction="false"/><pair id="DrugDDI.d42.s35.p3" e1="DrugDDI.d42.s35.e0" e2="DrugDDI.d42.s35.e4" interaction="false"/><pair id="DrugDDI.d42.s35.p4" e1="DrugDDI.d42.s35.e0" e2="DrugDDI.d42.s35.e5" interaction="false"/><pair id="DrugDDI.d42.s35.p5" e1="DrugDDI.d42.s35.e1" e2="DrugDDI.d42.s35.e2" interaction="false"/><pair id="DrugDDI.d42.s35.p6" e1="DrugDDI.d42.s35.e1" e2="DrugDDI.d42.s35.e3" interaction="false"/><pair id="DrugDDI.d42.s35.p7" e1="DrugDDI.d42.s35.e1" e2="DrugDDI.d42.s35.e4" interaction="false"/><pair id="DrugDDI.d42.s35.p8" e1="DrugDDI.d42.s35.e1" e2="DrugDDI.d42.s35.e5" interaction="false"/><pair id="DrugDDI.d42.s35.p9" e1="DrugDDI.d42.s35.e2" e2="DrugDDI.d42.s35.e3" interaction="false"/><pair id="DrugDDI.d42.s35.p10" e1="DrugDDI.d42.s35.e2" e2="DrugDDI.d42.s35.e4" interaction="false"/><pair id="DrugDDI.d42.s35.p11" e1="DrugDDI.d42.s35.e2" e2="DrugDDI.d42.s35.e5" interaction="false"/><pair id="DrugDDI.d42.s35.p12" e1="DrugDDI.d42.s35.e3" e2="DrugDDI.d42.s35.e4" interaction="false"/><pair id="DrugDDI.d42.s35.p13" e1="DrugDDI.d42.s35.e3" e2="DrugDDI.d42.s35.e5" interaction="false"/><pair id="DrugDDI.d42.s35.p14" e1="DrugDDI.d42.s35.e4" e2="DrugDDI.d42.s35.e5" interaction="false"/></sentence><sentence id="DrugDDI.d42.s36" origId="s36" text="Population pharmacokinetic analyses were conducted on plasma concentration data from 1445 patients in clinical trials to examine the effects of concomitant medications on clearance or volume of distribution of dofetilide."><entity id="DrugDDI.d42.s36.e0" origId="s36.p495" charOffset="156-167" type="drug" text="medications"/><entity id="DrugDDI.d42.s36.e1" origId="s36.p500" charOffset="210-220" type="drug" text="dofetilide"/><pair id="DrugDDI.d42.s36.p0" e1="DrugDDI.d42.s36.e0" e2="DrugDDI.d42.s36.e1" interaction="false"/></sentence><sentence id="DrugDDI.d42.s37" origId="s37" text="Concomitant medications were grouped as ACE inhibitors, oral anticoagulants, calcium channel blockers, beta blockers, cardiac glycosides, inducers of CYP3A4, substrates and inhibitors of CYP3A4, substrates and inhibitors of P-glycoprotein, nitrates, sulphonylureas, loop diuretics, potassium sparing diuretics, thiazide diuretics, substrates and inhibitors of tubular organic cation transport, and QTc-prolonging drugs."><entity id="DrugDDI.d42.s37.e0" origId="s37.p501" charOffset="12-23" type="drug" text="medications"/><entity id="DrugDDI.d42.s37.e1" origId="s37.p504" charOffset="40-54" type="drug" text="ACE inhibitors"/><entity id="DrugDDI.d42.s37.e2" origId="s37.p505" charOffset="56-75" type="drug" text="oral anticoagulants"/><entity id="DrugDDI.d42.s37.e3" origId="s37.p506" charOffset="77-101" type="drug" text="calcium channel blockers"/><entity id="DrugDDI.d42.s37.e4" origId="s37.p507" charOffset="103-116" type="drug" text="beta blockers"/><entity id="DrugDDI.d42.s37.e5" origId="s37.p508" charOffset="118-136" type="drug" text="cardiac glycosides"/><entity id="DrugDDI.d42.s37.e6" origId="s37.p510" charOffset="150-156" type="drug" text="CYP3A4"/><entity id="DrugDDI.d42.s37.e7" origId="s37.p514" charOffset="187-193" type="drug" text="CYP3A4"/><entity id="DrugDDI.d42.s37.e8" origId="s37.p518" charOffset="226-238" type="drug" text="glycoprotein"/><entity id="DrugDDI.d42.s37.e9" origId="s37.p519" charOffset="240-248" type="drug" text="nitrates"/><entity id="DrugDDI.d42.s37.e10" origId="s37.p520" charOffset="250-265" type="drug" text="sulphonylureas"/><entity id="DrugDDI.d42.s37.e11" origId="s37.p521" charOffset="266-280" type="drug" text="loop diuretics"/><entity id="DrugDDI.d42.s37.e12" origId="s37.p522" charOffset="282-309" type="drug" text="potassium sparing diuretics"/><entity id="DrugDDI.d42.s37.e13" origId="s37.p523" charOffset="311-329" type="drug" text="thiazide diuretics"/><entity id="DrugDDI.d42.s37.e14" origId="s37.p529" charOffset="413-418" type="drug" text="drugs"/><pair id="DrugDDI.d42.s37.p0" e1="DrugDDI.d42.s37.e0" e2="DrugDDI.d42.s37.e1" interaction="false"/><pair id="DrugDDI.d42.s37.p1" e1="DrugDDI.d42.s37.e0" e2="DrugDDI.d42.s37.e2" interaction="false"/><pair id="DrugDDI.d42.s37.p2" e1="DrugDDI.d42.s37.e0" e2="DrugDDI.d42.s37.e3" interaction="false"/><pair id="DrugDDI.d42.s37.p3" e1="DrugDDI.d42.s37.e0" e2="DrugDDI.d42.s37.e4" interaction="false"/><pair id="DrugDDI.d42.s37.p4" e1="DrugDDI.d42.s37.e0" e2="DrugDDI.d42.s37.e5" interaction="false"/><pair id="DrugDDI.d42.s37.p5" e1="DrugDDI.d42.s37.e0" e2="DrugDDI.d42.s37.e6" interaction="false"/><pair id="DrugDDI.d42.s37.p6" e1="DrugDDI.d42.s37.e0" e2="DrugDDI.d42.s37.e7" interaction="false"/><pair id="DrugDDI.d42.s37.p7" e1="DrugDDI.d42.s37.e0" e2="DrugDDI.d42.s37.e8" interaction="false"/><pair id="DrugDDI.d42.s37.p8" e1="DrugDDI.d42.s37.e0" e2="DrugDDI.d42.s37.e9" interaction="false"/><pair id="DrugDDI.d42.s37.p9" e1="DrugDDI.d42.s37.e0" e2="DrugDDI.d42.s37.e10" interaction="false"/><pair id="DrugDDI.d42.s37.p10" e1="DrugDDI.d42.s37.e0" e2="DrugDDI.d42.s37.e11" interaction="false"/><pair id="DrugDDI.d42.s37.p11" e1="DrugDDI.d42.s37.e0" e2="DrugDDI.d42.s37.e12" interaction="false"/><pair id="DrugDDI.d42.s37.p12" e1="DrugDDI.d42.s37.e0" e2="DrugDDI.d42.s37.e13" interaction="false"/><pair id="DrugDDI.d42.s37.p13" e1="DrugDDI.d42.s37.e0" e2="DrugDDI.d42.s37.e14" interaction="false"/><pair id="DrugDDI.d42.s37.p14" e1="DrugDDI.d42.s37.e1" e2="DrugDDI.d42.s37.e2" interaction="false"/><pair id="DrugDDI.d42.s37.p15" e1="DrugDDI.d42.s37.e1" e2="DrugDDI.d42.s37.e3" interaction="false"/><pair id="DrugDDI.d42.s37.p16" e1="DrugDDI.d42.s37.e1" e2="DrugDDI.d42.s37.e4" interaction="false"/><pair id="DrugDDI.d42.s37.p17" e1="DrugDDI.d42.s37.e1" e2="DrugDDI.d42.s37.e5" interaction="false"/><pair id="DrugDDI.d42.s37.p18" e1="DrugDDI.d42.s37.e1" e2="DrugDDI.d42.s37.e6" interaction="false"/><pair id="DrugDDI.d42.s37.p19" e1="DrugDDI.d42.s37.e1" e2="DrugDDI.d42.s37.e7" interaction="false"/><pair id="DrugDDI.d42.s37.p20" e1="DrugDDI.d42.s37.e1" e2="DrugDDI.d42.s37.e8" interaction="false"/><pair id="DrugDDI.d42.s37.p21" e1="DrugDDI.d42.s37.e1" e2="DrugDDI.d42.s37.e9" interaction="false"/><pair id="DrugDDI.d42.s37.p22" e1="DrugDDI.d42.s37.e1" e2="DrugDDI.d42.s37.e10" interaction="false"/><pair id="DrugDDI.d42.s37.p23" e1="DrugDDI.d42.s37.e1" e2="DrugDDI.d42.s37.e11" interaction="false"/><pair id="DrugDDI.d42.s37.p24" e1="DrugDDI.d42.s37.e1" e2="DrugDDI.d42.s37.e12" interaction="false"/><pair id="DrugDDI.d42.s37.p25" e1="DrugDDI.d42.s37.e1" e2="DrugDDI.d42.s37.e13" interaction="false"/><pair id="DrugDDI.d42.s37.p26" e1="DrugDDI.d42.s37.e1" e2="DrugDDI.d42.s37.e14" interaction="false"/><pair id="DrugDDI.d42.s37.p27" e1="DrugDDI.d42.s37.e2" e2="DrugDDI.d42.s37.e3" interaction="false"/><pair id="DrugDDI.d42.s37.p28" e1="DrugDDI.d42.s37.e2" e2="DrugDDI.d42.s37.e4" interaction="false"/><pair id="DrugDDI.d42.s37.p29" e1="DrugDDI.d42.s37.e2" e2="DrugDDI.d42.s37.e5" interaction="false"/><pair id="DrugDDI.d42.s37.p30" e1="DrugDDI.d42.s37.e2" e2="DrugDDI.d42.s37.e6" interaction="false"/><pair id="DrugDDI.d42.s37.p31" e1="DrugDDI.d42.s37.e2" e2="DrugDDI.d42.s37.e7" interaction="false"/><pair id="DrugDDI.d42.s37.p32" e1="DrugDDI.d42.s37.e2" e2="DrugDDI.d42.s37.e8" interaction="false"/><pair id="DrugDDI.d42.s37.p33" e1="DrugDDI.d42.s37.e2" e2="DrugDDI.d42.s37.e9" interaction="false"/><pair id="DrugDDI.d42.s37.p34" e1="DrugDDI.d42.s37.e2" e2="DrugDDI.d42.s37.e10" interaction="false"/><pair id="DrugDDI.d42.s37.p35" e1="DrugDDI.d42.s37.e2" e2="DrugDDI.d42.s37.e11" interaction="false"/><pair id="DrugDDI.d42.s37.p36" e1="DrugDDI.d42.s37.e2" e2="DrugDDI.d42.s37.e12" interaction="false"/><pair id="DrugDDI.d42.s37.p37" e1="DrugDDI.d42.s37.e2" e2="DrugDDI.d42.s37.e13" interaction="false"/><pair id="DrugDDI.d42.s37.p38" e1="DrugDDI.d42.s37.e2" e2="DrugDDI.d42.s37.e14" interaction="false"/><pair id="DrugDDI.d42.s37.p39" e1="DrugDDI.d42.s37.e3" e2="DrugDDI.d42.s37.e4" interaction="false"/><pair id="DrugDDI.d42.s37.p40" e1="DrugDDI.d42.s37.e3" e2="DrugDDI.d42.s37.e5" interaction="false"/><pair id="DrugDDI.d42.s37.p41" e1="DrugDDI.d42.s37.e3" e2="DrugDDI.d42.s37.e6" interaction="false"/><pair id="DrugDDI.d42.s37.p42" e1="DrugDDI.d42.s37.e3" e2="DrugDDI.d42.s37.e7" interaction="false"/><pair id="DrugDDI.d42.s37.p43" e1="DrugDDI.d42.s37.e3" e2="DrugDDI.d42.s37.e8" interaction="false"/><pair id="DrugDDI.d42.s37.p44" e1="DrugDDI.d42.s37.e3" e2="DrugDDI.d42.s37.e9" interaction="false"/><pair id="DrugDDI.d42.s37.p45" e1="DrugDDI.d42.s37.e3" e2="DrugDDI.d42.s37.e10" interaction="false"/><pair id="DrugDDI.d42.s37.p46" e1="DrugDDI.d42.s37.e3" e2="DrugDDI.d42.s37.e11" interaction="false"/><pair id="DrugDDI.d42.s37.p47" e1="DrugDDI.d42.s37.e3" e2="DrugDDI.d42.s37.e12" interaction="false"/><pair id="DrugDDI.d42.s37.p48" e1="DrugDDI.d42.s37.e3" e2="DrugDDI.d42.s37.e13" interaction="false"/><pair id="DrugDDI.d42.s37.p49" e1="DrugDDI.d42.s37.e3" e2="DrugDDI.d42.s37.e14" interaction="false"/><pair id="DrugDDI.d42.s37.p50" e1="DrugDDI.d42.s37.e4" e2="DrugDDI.d42.s37.e5" interaction="false"/><pair id="DrugDDI.d42.s37.p51" e1="DrugDDI.d42.s37.e4" e2="DrugDDI.d42.s37.e6" interaction="false"/><pair id="DrugDDI.d42.s37.p52" e1="DrugDDI.d42.s37.e4" e2="DrugDDI.d42.s37.e7" interaction="false"/><pair id="DrugDDI.d42.s37.p53" e1="DrugDDI.d42.s37.e4" e2="DrugDDI.d42.s37.e8" interaction="false"/><pair id="DrugDDI.d42.s37.p54" e1="DrugDDI.d42.s37.e4" e2="DrugDDI.d42.s37.e9" interaction="false"/><pair id="DrugDDI.d42.s37.p55" e1="DrugDDI.d42.s37.e4" e2="DrugDDI.d42.s37.e10" interaction="false"/><pair id="DrugDDI.d42.s37.p56" e1="DrugDDI.d42.s37.e4" e2="DrugDDI.d42.s37.e11" interaction="false"/><pair id="DrugDDI.d42.s37.p57" e1="DrugDDI.d42.s37.e4" e2="DrugDDI.d42.s37.e12" interaction="false"/><pair id="DrugDDI.d42.s37.p58" e1="DrugDDI.d42.s37.e4" e2="DrugDDI.d42.s37.e13" interaction="false"/><pair id="DrugDDI.d42.s37.p59" e1="DrugDDI.d42.s37.e4" e2="DrugDDI.d42.s37.e14" interaction="false"/><pair id="DrugDDI.d42.s37.p60" e1="DrugDDI.d42.s37.e5" e2="DrugDDI.d42.s37.e6" interaction="false"/><pair id="DrugDDI.d42.s37.p61" e1="DrugDDI.d42.s37.e5" e2="DrugDDI.d42.s37.e7" interaction="false"/><pair id="DrugDDI.d42.s37.p62" e1="DrugDDI.d42.s37.e5" e2="DrugDDI.d42.s37.e8" interaction="false"/><pair id="DrugDDI.d42.s37.p63" e1="DrugDDI.d42.s37.e5" e2="DrugDDI.d42.s37.e9" interaction="false"/><pair id="DrugDDI.d42.s37.p64" e1="DrugDDI.d42.s37.e5" e2="DrugDDI.d42.s37.e10" interaction="false"/><pair id="DrugDDI.d42.s37.p65" e1="DrugDDI.d42.s37.e5" e2="DrugDDI.d42.s37.e11" interaction="false"/><pair id="DrugDDI.d42.s37.p66" e1="DrugDDI.d42.s37.e5" e2="DrugDDI.d42.s37.e12" interaction="false"/><pair id="DrugDDI.d42.s37.p67" e1="DrugDDI.d42.s37.e5" e2="DrugDDI.d42.s37.e13" interaction="false"/><pair id="DrugDDI.d42.s37.p68" e1="DrugDDI.d42.s37.e5" e2="DrugDDI.d42.s37.e14" interaction="false"/><pair id="DrugDDI.d42.s37.p69" e1="DrugDDI.d42.s37.e6" e2="DrugDDI.d42.s37.e7" interaction="false"/><pair id="DrugDDI.d42.s37.p70" e1="DrugDDI.d42.s37.e6" e2="DrugDDI.d42.s37.e8" interaction="false"/><pair id="DrugDDI.d42.s37.p71" e1="DrugDDI.d42.s37.e6" e2="DrugDDI.d42.s37.e9" interaction="false"/><pair id="DrugDDI.d42.s37.p72" e1="DrugDDI.d42.s37.e6" e2="DrugDDI.d42.s37.e10" interaction="false"/><pair id="DrugDDI.d42.s37.p73" e1="DrugDDI.d42.s37.e6" e2="DrugDDI.d42.s37.e11" interaction="false"/><pair id="DrugDDI.d42.s37.p74" e1="DrugDDI.d42.s37.e6" e2="DrugDDI.d42.s37.e12" interaction="false"/><pair id="DrugDDI.d42.s37.p75" e1="DrugDDI.d42.s37.e6" e2="DrugDDI.d42.s37.e13" interaction="false"/><pair id="DrugDDI.d42.s37.p76" e1="DrugDDI.d42.s37.e6" e2="DrugDDI.d42.s37.e14" interaction="false"/><pair id="DrugDDI.d42.s37.p77" e1="DrugDDI.d42.s37.e7" e2="DrugDDI.d42.s37.e8" interaction="false"/><pair id="DrugDDI.d42.s37.p78" e1="DrugDDI.d42.s37.e7" e2="DrugDDI.d42.s37.e9" interaction="false"/><pair id="DrugDDI.d42.s37.p79" e1="DrugDDI.d42.s37.e7" e2="DrugDDI.d42.s37.e10" interaction="false"/><pair id="DrugDDI.d42.s37.p80" e1="DrugDDI.d42.s37.e7" e2="DrugDDI.d42.s37.e11" interaction="false"/><pair id="DrugDDI.d42.s37.p81" e1="DrugDDI.d42.s37.e7" e2="DrugDDI.d42.s37.e12" interaction="false"/><pair id="DrugDDI.d42.s37.p82" e1="DrugDDI.d42.s37.e7" e2="DrugDDI.d42.s37.e13" interaction="false"/><pair id="DrugDDI.d42.s37.p83" e1="DrugDDI.d42.s37.e7" e2="DrugDDI.d42.s37.e14" interaction="false"/><pair id="DrugDDI.d42.s37.p84" e1="DrugDDI.d42.s37.e8" e2="DrugDDI.d42.s37.e9" interaction="false"/><pair id="DrugDDI.d42.s37.p85" e1="DrugDDI.d42.s37.e8" e2="DrugDDI.d42.s37.e10" interaction="false"/><pair id="DrugDDI.d42.s37.p86" e1="DrugDDI.d42.s37.e8" e2="DrugDDI.d42.s37.e11" interaction="false"/><pair id="DrugDDI.d42.s37.p87" e1="DrugDDI.d42.s37.e8" e2="DrugDDI.d42.s37.e12" interaction="false"/><pair id="DrugDDI.d42.s37.p88" e1="DrugDDI.d42.s37.e8" e2="DrugDDI.d42.s37.e13" interaction="false"/><pair id="DrugDDI.d42.s37.p89" e1="DrugDDI.d42.s37.e8" e2="DrugDDI.d42.s37.e14" interaction="false"/><pair id="DrugDDI.d42.s37.p90" e1="DrugDDI.d42.s37.e9" e2="DrugDDI.d42.s37.e10" interaction="false"/><pair id="DrugDDI.d42.s37.p91" e1="DrugDDI.d42.s37.e9" e2="DrugDDI.d42.s37.e11" interaction="false"/><pair id="DrugDDI.d42.s37.p92" e1="DrugDDI.d42.s37.e9" e2="DrugDDI.d42.s37.e12" interaction="false"/><pair id="DrugDDI.d42.s37.p93" e1="DrugDDI.d42.s37.e9" e2="DrugDDI.d42.s37.e13" interaction="false"/><pair id="DrugDDI.d42.s37.p94" e1="DrugDDI.d42.s37.e9" e2="DrugDDI.d42.s37.e14" interaction="false"/><pair id="DrugDDI.d42.s37.p95" e1="DrugDDI.d42.s37.e10" e2="DrugDDI.d42.s37.e11" interaction="false"/><pair id="DrugDDI.d42.s37.p96" e1="DrugDDI.d42.s37.e10" e2="DrugDDI.d42.s37.e12" interaction="false"/><pair id="DrugDDI.d42.s37.p97" e1="DrugDDI.d42.s37.e10" e2="DrugDDI.d42.s37.e13" interaction="false"/><pair id="DrugDDI.d42.s37.p98" e1="DrugDDI.d42.s37.e10" e2="DrugDDI.d42.s37.e14" interaction="false"/><pair id="DrugDDI.d42.s37.p99" e1="DrugDDI.d42.s37.e11" e2="DrugDDI.d42.s37.e12" interaction="false"/><pair id="DrugDDI.d42.s37.p100" e1="DrugDDI.d42.s37.e11" e2="DrugDDI.d42.s37.e13" interaction="false"/><pair id="DrugDDI.d42.s37.p101" e1="DrugDDI.d42.s37.e11" e2="DrugDDI.d42.s37.e14" interaction="false"/><pair id="DrugDDI.d42.s37.p102" e1="DrugDDI.d42.s37.e12" e2="DrugDDI.d42.s37.e13" interaction="false"/><pair id="DrugDDI.d42.s37.p103" e1="DrugDDI.d42.s37.e12" e2="DrugDDI.d42.s37.e14" interaction="false"/><pair id="DrugDDI.d42.s37.p104" e1="DrugDDI.d42.s37.e13" e2="DrugDDI.d42.s37.e14" interaction="false"/></sentence><sentence id="DrugDDI.d42.s38" origId="s38" text="Differences in clearance between patients on these medications (at any occasion in the study) and those off medications varied between -16% and +3%."><entity id="DrugDDI.d42.s38.e0" origId="s38.p533" charOffset="51-62" type="drug" text="medications"/><entity id="DrugDDI.d42.s38.e1" origId="s38.p539" charOffset="108-119" type="drug" text="medications"/><pair id="DrugDDI.d42.s38.p0" e1="DrugDDI.d42.s38.e0" e2="DrugDDI.d42.s38.e1" interaction="false"/></sentence><sentence id="DrugDDI.d42.s39" origId="s39" text="The mean clearances of dofetilide were 16% and 15% lower in patients on thiazide diuretics and inhibitors of tubular organic cation transport, respectively."><entity id="DrugDDI.d42.s39.e0" origId="s39.p545" charOffset="23-33" type="drug" text="dofetilide"/><entity id="DrugDDI.d42.s39.e1" origId="s39.p551" charOffset="72-90" type="drug" text="thiazide diuretics"/><pair id="DrugDDI.d42.s39.p0" e1="DrugDDI.d42.s39.e0" e2="DrugDDI.d42.s39.e1" interaction="true"/></sentence></document>