<?xml version="1.0" encoding="UTF-8"?>
<document id="DrugDDI.d229" origId="Donepezil"><sentence id="DrugDDI.d229.s0" origId="s0" text="Drugs that inhibit or Induce CYP 2D6 and CYP 3A4 may affect the concentration on Aricept."><entity id="DrugDDI.d229.s0.e0" origId="s0.p0" charOffset="0-5" type="drug" text="Drugs"/><entity id="DrugDDI.d229.s0.e1" origId="s0.p5" charOffset="29-36" type="drug" text="CYP 2D6"/><entity id="DrugDDI.d229.s0.e2" origId="s0.p7" charOffset="41-44" type="drug" text="CYP"/><entity id="DrugDDI.d229.s0.e3" origId="s0.p11" charOffset="81-88" type="drug" text="Aricept"/><pair id="DrugDDI.d229.s0.p0" e1="DrugDDI.d229.s0.e0" e2="DrugDDI.d229.s0.e1" interaction="false"/><pair id="DrugDDI.d229.s0.p1" e1="DrugDDI.d229.s0.e0" e2="DrugDDI.d229.s0.e2" interaction="false"/><pair id="DrugDDI.d229.s0.p2" e1="DrugDDI.d229.s0.e0" e2="DrugDDI.d229.s0.e3" interaction="false"/><pair id="DrugDDI.d229.s0.p3" e1="DrugDDI.d229.s0.e1" e2="DrugDDI.d229.s0.e2" interaction="false"/><pair id="DrugDDI.d229.s0.p4" e1="DrugDDI.d229.s0.e1" e2="DrugDDI.d229.s0.e3" interaction="false"/><pair id="DrugDDI.d229.s0.p5" e1="DrugDDI.d229.s0.e2" e2="DrugDDI.d229.s0.e3" interaction="false"/></sentence></document>