<?xml version="1.0" encoding="UTF-8"?>
<document id="DrugDDI.d290" origId="Dorzolamide"><sentence id="DrugDDI.d290.s0" origId="s0" text="Although acid-base and electrolyte disturbances were not reported in the clinical trials with dorzolamide, these disturbances have been reported with oral carbonic anhydrase inhibitors and have, in some instances, resulted in drug interactions (e.g., toxicity associated with high-dose salicylate therapy)."><entity id="DrugDDI.d290.s0.e0" origId="s0.p8" charOffset="94-105" type="drug" text="dorzolamide"/><entity id="DrugDDI.d290.s0.e1" origId="s0.p13" charOffset="155-184" type="drug" text="carbonic anhydrase inhibitors"/><entity id="DrugDDI.d290.s0.e2" origId="s0.p24" charOffset="286-296" type="drug" text="salicylate"/><pair id="DrugDDI.d290.s0.p0" e1="DrugDDI.d290.s0.e0" e2="DrugDDI.d290.s0.e1" interaction="false"/><pair id="DrugDDI.d290.s0.p1" e1="DrugDDI.d290.s0.e0" e2="DrugDDI.d290.s0.e2" interaction="false"/><pair id="DrugDDI.d290.s0.p2" e1="DrugDDI.d290.s0.e1" e2="DrugDDI.d290.s0.e2" interaction="false"/></sentence><sentence id="DrugDDI.d290.s1" origId="s1" text="Therefore, the potential for such drug interactions should be considered in patients receiving dorzolamide."><entity id="DrugDDI.d290.s1.e0" origId="s1.p34" charOffset="95-106" type="drug" text="dorzolamide"/></sentence></document>