<?xml version="1.0" encoding="UTF-8"?>
<document id="DrugDDI.d313" origId="Doxapram"><sentence id="DrugDDI.d313.s0" origId="s0" text="Administration of doxapram to patients who are receiving sympathomimetic or monoamine oxidase inhibiting drugs may result in an additive pressor effect ."><entity id="DrugDDI.d313.s0.e0" origId="s0.p1" charOffset="18-26" type="drug" text="doxapram"/><entity id="DrugDDI.d313.s0.e1" origId="s0.p6" charOffset="57-72" type="drug" text="sympathomimetic"/><entity id="DrugDDI.d313.s0.e2" origId="s0.p8" charOffset="76-93" type="drug" text="monoamine oxidase"/><entity id="DrugDDI.d313.s0.e3" origId="s0.p11" charOffset="128-151" type="drug" text="additive pressor effect"/><pair id="DrugDDI.d313.s0.p0" e1="DrugDDI.d313.s0.e0" e2="DrugDDI.d313.s0.e1" interaction="true"/><pair id="DrugDDI.d313.s0.p1" e1="DrugDDI.d313.s0.e0" e2="DrugDDI.d313.s0.e2" interaction="true"/><pair id="DrugDDI.d313.s0.p2" e1="DrugDDI.d313.s0.e0" e2="DrugDDI.d313.s0.e3" interaction="false"/><pair id="DrugDDI.d313.s0.p3" e1="DrugDDI.d313.s0.e1" e2="DrugDDI.d313.s0.e2" interaction="false"/><pair id="DrugDDI.d313.s0.p4" e1="DrugDDI.d313.s0.e1" e2="DrugDDI.d313.s0.e3" interaction="false"/><pair id="DrugDDI.d313.s0.p5" e1="DrugDDI.d313.s0.e2" e2="DrugDDI.d313.s0.e3" interaction="false"/></sentence><sentence id="DrugDDI.d313.s1" origId="s1" text="In patients who have received muscle relaxants, doxapram may temporarily mask the residual effects of muscle relaxant drugs."><entity id="DrugDDI.d313.s1.e0" origId="s1.p15" charOffset="30-46" type="drug" text="muscle relaxants"/><entity id="DrugDDI.d313.s1.e1" origId="s1.p16" charOffset="48-56" type="drug" text="doxapram"/><entity id="DrugDDI.d313.s1.e2" origId="s1.p21" charOffset="118-123" type="drug" text="drugs"/><pair id="DrugDDI.d313.s1.p0" e1="DrugDDI.d313.s1.e0" e2="DrugDDI.d313.s1.e1" interaction="true"/><pair id="DrugDDI.d313.s1.p1" e1="DrugDDI.d313.s1.e0" e2="DrugDDI.d313.s1.e2" interaction="false"/><pair id="DrugDDI.d313.s1.p2" e1="DrugDDI.d313.s1.e1" e2="DrugDDI.d313.s1.e2" interaction="false"/></sentence><sentence id="DrugDDI.d313.s2" origId="s2" text="In patients who have received general anesthesia utilizing a volatile agent known to sensitize the myocardium to catecholamines, administration of doxapram should be delayed until the volatile agent has been excreted in order to lessen the potential for arrhythmias, including ventricular tachycardia and ventricular fibrillation."><entity id="DrugDDI.d313.s2.e0" origId="s2.p35" charOffset="147-155" type="drug" text="doxapram"/></sentence></document>