<?xml version="1.0" encoding="UTF-8"?>
<document id="DrugDDI.d483" origId="Doxazosin"><sentence id="DrugDDI.d483.s0" origId="s0" text="Most (98%) of plasma doxazosin is protein bound."><entity id="DrugDDI.d483.s0.e0" origId="s0.p4" charOffset="21-30" type="drug" text="doxazosin"/><entity id="DrugDDI.d483.s0.e1" origId="s0.p6" charOffset="34-41" type="drug" text="protein"/><pair id="DrugDDI.d483.s0.p0" e1="DrugDDI.d483.s0.e0" e2="DrugDDI.d483.s0.e1" interaction="false"/></sentence><sentence id="DrugDDI.d483.s1" origId="s1" text="In vitro data in human plasma indicate that doxazosin mesylate has no effect on protein binding of digoxin, warfarin, phenytoin or indomethacin."><entity id="DrugDDI.d483.s1.e0" origId="s1.p9" charOffset="17-29" type="drug" text="human plasma"/><entity id="DrugDDI.d483.s1.e1" origId="s1.p11" charOffset="44-62" type="drug" text="doxazosin mesylate"/><entity id="DrugDDI.d483.s1.e2" origId="s1.p15" charOffset="99-106" type="drug" text="digoxin"/><entity id="DrugDDI.d483.s1.e3" origId="s1.p16" charOffset="108-116" type="drug" text="warfarin"/><entity id="DrugDDI.d483.s1.e4" origId="s1.p17" charOffset="118-127" type="drug" text="phenytoin"/><entity id="DrugDDI.d483.s1.e5" origId="s1.p19" charOffset="131-143" type="drug" text="indomethacin"/><pair id="DrugDDI.d483.s1.p0" e1="DrugDDI.d483.s1.e0" e2="DrugDDI.d483.s1.e1" interaction="false"/><pair id="DrugDDI.d483.s1.p1" e1="DrugDDI.d483.s1.e0" e2="DrugDDI.d483.s1.e2" interaction="false"/><pair id="DrugDDI.d483.s1.p2" e1="DrugDDI.d483.s1.e0" e2="DrugDDI.d483.s1.e3" interaction="false"/><pair id="DrugDDI.d483.s1.p3" e1="DrugDDI.d483.s1.e0" e2="DrugDDI.d483.s1.e4" interaction="false"/><pair id="DrugDDI.d483.s1.p4" e1="DrugDDI.d483.s1.e0" e2="DrugDDI.d483.s1.e5" interaction="false"/><pair id="DrugDDI.d483.s1.p5" e1="DrugDDI.d483.s1.e1" e2="DrugDDI.d483.s1.e2" interaction="false"/><pair id="DrugDDI.d483.s1.p6" e1="DrugDDI.d483.s1.e1" e2="DrugDDI.d483.s1.e3" interaction="false"/><pair id="DrugDDI.d483.s1.p7" e1="DrugDDI.d483.s1.e1" e2="DrugDDI.d483.s1.e4" interaction="false"/><pair id="DrugDDI.d483.s1.p8" e1="DrugDDI.d483.s1.e1" e2="DrugDDI.d483.s1.e5" interaction="false"/><pair id="DrugDDI.d483.s1.p9" e1="DrugDDI.d483.s1.e2" e2="DrugDDI.d483.s1.e3" interaction="false"/><pair id="DrugDDI.d483.s1.p10" e1="DrugDDI.d483.s1.e2" e2="DrugDDI.d483.s1.e4" interaction="false"/><pair id="DrugDDI.d483.s1.p11" e1="DrugDDI.d483.s1.e2" e2="DrugDDI.d483.s1.e5" interaction="false"/><pair id="DrugDDI.d483.s1.p12" e1="DrugDDI.d483.s1.e3" e2="DrugDDI.d483.s1.e4" interaction="false"/><pair id="DrugDDI.d483.s1.p13" e1="DrugDDI.d483.s1.e3" e2="DrugDDI.d483.s1.e5" interaction="false"/><pair id="DrugDDI.d483.s1.p14" e1="DrugDDI.d483.s1.e4" e2="DrugDDI.d483.s1.e5" interaction="false"/></sentence><sentence id="DrugDDI.d483.s2" origId="s2" text="There is no information on the effect of other highly plasma protein bound drugs on doxazosin binding."><entity id="DrugDDI.d483.s2.e0" origId="s2.p25" charOffset="84-93" type="drug" text="doxazosin"/></sentence><sentence id="DrugDDI.d483.s3" origId="s3" text="Doxazosin mesylate has been administered without any evidence of an adverse drug interaction to patients receiving thiazide diuretics, beta-blocking agents, and nonsteroidal anti-inflammatory drugs."><entity id="DrugDDI.d483.s3.e0" origId="s3.p26" charOffset="0-18" type="drug" text="Doxazosin mesylate"/><entity id="DrugDDI.d483.s3.e1" origId="s3.p34" charOffset="115-133" type="drug" text="thiazide diuretics"/><entity id="DrugDDI.d483.s3.e2" origId="s3.p35" charOffset="135-154" type="drug" text="beta-blocking agent"/><entity id="DrugDDI.d483.s3.e3" origId="s3.p37" charOffset="161-197" type="drug" text="nonsteroidal anti-inflammatory drugs"/><pair id="DrugDDI.d483.s3.p0" e1="DrugDDI.d483.s3.e0" e2="DrugDDI.d483.s3.e1" interaction="false"/><pair id="DrugDDI.d483.s3.p1" e1="DrugDDI.d483.s3.e0" e2="DrugDDI.d483.s3.e2" interaction="false"/><pair id="DrugDDI.d483.s3.p2" e1="DrugDDI.d483.s3.e0" e2="DrugDDI.d483.s3.e3" interaction="false"/><pair id="DrugDDI.d483.s3.p3" e1="DrugDDI.d483.s3.e1" e2="DrugDDI.d483.s3.e2" interaction="false"/><pair id="DrugDDI.d483.s3.p4" e1="DrugDDI.d483.s3.e1" e2="DrugDDI.d483.s3.e3" interaction="false"/><pair id="DrugDDI.d483.s3.p5" e1="DrugDDI.d483.s3.e2" e2="DrugDDI.d483.s3.e3" interaction="false"/></sentence><sentence id="DrugDDI.d483.s4" origId="s4" text="In a placebo-controlled trial in normal volunteers, the administration of a single 1 mg dose of doxazosin on day 1 of a four-day regimen of oral cimetidine (400 mg twice daily) resulted in a 10% increase in mean AUC of doxazosin (p=0.006), and a slight but not statistically significant increase in mean Cmax and mean half-life of doxazosin."><entity id="DrugDDI.d483.s4.e0" origId="s4.p42" charOffset="96-105" type="drug" text="doxazosin"/><entity id="DrugDDI.d483.s4.e1" origId="s4.p45" charOffset="140-155" type="drug" text="oral cimetidine"/><entity id="DrugDDI.d483.s4.e2" origId="s4.p52" charOffset="219-228" type="drug" text="doxazosin"/><entity id="DrugDDI.d483.s4.e3" origId="s4.p64" charOffset="331-340" type="drug" text="doxazosin"/><pair id="DrugDDI.d483.s4.p0" e1="DrugDDI.d483.s4.e0" e2="DrugDDI.d483.s4.e1" interaction="true"/><pair id="DrugDDI.d483.s4.p1" e1="DrugDDI.d483.s4.e0" e2="DrugDDI.d483.s4.e2" interaction="false"/><pair id="DrugDDI.d483.s4.p2" e1="DrugDDI.d483.s4.e0" e2="DrugDDI.d483.s4.e3" interaction="false"/><pair id="DrugDDI.d483.s4.p3" e1="DrugDDI.d483.s4.e1" e2="DrugDDI.d483.s4.e2" interaction="false"/><pair id="DrugDDI.d483.s4.p4" e1="DrugDDI.d483.s4.e1" e2="DrugDDI.d483.s4.e3" interaction="false"/><pair id="DrugDDI.d483.s4.p5" e1="DrugDDI.d483.s4.e2" e2="DrugDDI.d483.s4.e3" interaction="false"/></sentence><sentence id="DrugDDI.d483.s5" origId="s5" text="The clinical significance of this increase in doxazosin AUC is unknown."><entity id="DrugDDI.d483.s5.e0" origId="s5.p67" charOffset="46-55" type="drug" text="doxazosin"/></sentence><sentence id="DrugDDI.d483.s6" origId="s6" text="In clinical trials, doxazosin mesylate tablets have been administered to patients on a variety of concomitant medications;"><entity id="DrugDDI.d483.s6.e0" origId="s6.p71" charOffset="20-38" type="drug" text="doxazosin mesylate"/><entity id="DrugDDI.d483.s6.e1" origId="s6.p77" charOffset="110-121" type="drug" text="medications"/><pair id="DrugDDI.d483.s6.p0" e1="DrugDDI.d483.s6.e0" e2="DrugDDI.d483.s6.e1" interaction="false"/></sentence><sentence id="DrugDDI.d483.s7" origId="s7" text="while no formal interaction studies have been conducted, no interactions were observed."/><sentence id="DrugDDI.d483.s8" origId="s8" text="Doxazosin mesylate tablets have been used with the following drugs or drug classes: 1."><entity id="DrugDDI.d483.s8.e0" origId="s8.p88" charOffset="0-18" type="drug" text="Doxazosin mesylate"/><entity id="DrugDDI.d483.s8.e1" origId="s8.p92" charOffset="61-66" type="drug" text="drugs"/><entity id="DrugDDI.d483.s8.e2" origId="s8.p94" charOffset="70-74" type="drug" text="drug"/><pair id="DrugDDI.d483.s8.p0" e1="DrugDDI.d483.s8.e0" e2="DrugDDI.d483.s8.e1" interaction="false"/><pair id="DrugDDI.d483.s8.p1" e1="DrugDDI.d483.s8.e0" e2="DrugDDI.d483.s8.e2" interaction="false"/><pair id="DrugDDI.d483.s8.p2" e1="DrugDDI.d483.s8.e1" e2="DrugDDI.d483.s8.e2" interaction="false"/></sentence><sentence id="DrugDDI.d483.s9" origId="s9" text="Analgesic/anti-inflammatory (e.g., acetaminophen, aspirin, codeine and codeine combinations, ibuprofen, indomethacin)."><entity id="DrugDDI.d483.s9.e0" origId="s9.p97" charOffset="0-9" type="drug" text="Analgesic"/><entity id="DrugDDI.d483.s9.e1" origId="s9.p101" charOffset="35-48" type="drug" text="acetaminophen"/><entity id="DrugDDI.d483.s9.e2" origId="s9.p102" charOffset="50-57" type="drug" text="aspirin"/><entity id="DrugDDI.d483.s9.e3" origId="s9.p103" charOffset="59-66" type="drug" text="codeine"/><entity id="DrugDDI.d483.s9.e4" origId="s9.p105" charOffset="71-78" type="drug" text="codeine"/><entity id="DrugDDI.d483.s9.e5" origId="s9.p106" charOffset="93-102" type="drug" text="ibuprofen"/><entity id="DrugDDI.d483.s9.e6" origId="s9.p107" charOffset="104-116" type="drug" text="indomethacin"/><pair id="DrugDDI.d483.s9.p0" e1="DrugDDI.d483.s9.e0" e2="DrugDDI.d483.s9.e1" interaction="false"/><pair id="DrugDDI.d483.s9.p1" e1="DrugDDI.d483.s9.e0" e2="DrugDDI.d483.s9.e2" interaction="false"/><pair id="DrugDDI.d483.s9.p2" e1="DrugDDI.d483.s9.e0" e2="DrugDDI.d483.s9.e3" interaction="false"/><pair id="DrugDDI.d483.s9.p3" e1="DrugDDI.d483.s9.e0" e2="DrugDDI.d483.s9.e4" interaction="false"/><pair id="DrugDDI.d483.s9.p4" e1="DrugDDI.d483.s9.e0" e2="DrugDDI.d483.s9.e5" interaction="false"/><pair id="DrugDDI.d483.s9.p5" e1="DrugDDI.d483.s9.e0" e2="DrugDDI.d483.s9.e6" interaction="false"/><pair id="DrugDDI.d483.s9.p6" e1="DrugDDI.d483.s9.e1" e2="DrugDDI.d483.s9.e2" interaction="false"/><pair id="DrugDDI.d483.s9.p7" e1="DrugDDI.d483.s9.e1" e2="DrugDDI.d483.s9.e3" interaction="false"/><pair id="DrugDDI.d483.s9.p8" e1="DrugDDI.d483.s9.e1" e2="DrugDDI.d483.s9.e4" interaction="false"/><pair id="DrugDDI.d483.s9.p9" e1="DrugDDI.d483.s9.e1" e2="DrugDDI.d483.s9.e5" interaction="false"/><pair id="DrugDDI.d483.s9.p10" e1="DrugDDI.d483.s9.e1" e2="DrugDDI.d483.s9.e6" interaction="false"/><pair id="DrugDDI.d483.s9.p11" e1="DrugDDI.d483.s9.e2" e2="DrugDDI.d483.s9.e3" interaction="false"/><pair id="DrugDDI.d483.s9.p12" e1="DrugDDI.d483.s9.e2" e2="DrugDDI.d483.s9.e4" interaction="false"/><pair id="DrugDDI.d483.s9.p13" e1="DrugDDI.d483.s9.e2" e2="DrugDDI.d483.s9.e5" interaction="false"/><pair id="DrugDDI.d483.s9.p14" e1="DrugDDI.d483.s9.e2" e2="DrugDDI.d483.s9.e6" interaction="false"/><pair id="DrugDDI.d483.s9.p15" e1="DrugDDI.d483.s9.e3" e2="DrugDDI.d483.s9.e4" interaction="false"/><pair id="DrugDDI.d483.s9.p16" e1="DrugDDI.d483.s9.e3" e2="DrugDDI.d483.s9.e5" interaction="false"/><pair id="DrugDDI.d483.s9.p17" e1="DrugDDI.d483.s9.e3" e2="DrugDDI.d483.s9.e6" interaction="false"/><pair id="DrugDDI.d483.s9.p18" e1="DrugDDI.d483.s9.e4" e2="DrugDDI.d483.s9.e5" interaction="false"/><pair id="DrugDDI.d483.s9.p19" e1="DrugDDI.d483.s9.e4" e2="DrugDDI.d483.s9.e6" interaction="false"/><pair id="DrugDDI.d483.s9.p20" e1="DrugDDI.d483.s9.e5" e2="DrugDDI.d483.s9.e6" interaction="false"/></sentence><sentence id="DrugDDI.d483.s10" origId="s10" text="2."/><sentence id="DrugDDI.d483.s11" origId="s11" text="Antibiotics (e.g., erythromycin, trimethoprim and sulfamethoxazole, amoxicillin)."><entity id="DrugDDI.d483.s11.e0" origId="s11.p110" charOffset="0-11" type="drug" text="Antibiotics"/><entity id="DrugDDI.d483.s11.e1" origId="s11.p113" charOffset="19-31" type="drug" text="erythromycin"/><entity id="DrugDDI.d483.s11.e2" origId="s11.p114" charOffset="33-45" type="drug" text="trimethoprim"/><entity id="DrugDDI.d483.s11.e3" origId="s11.p116" charOffset="50-66" type="drug" text="sulfamethoxazole"/><entity id="DrugDDI.d483.s11.e4" origId="s11.p117" charOffset="68-79" type="drug" text="amoxicillin"/><pair id="DrugDDI.d483.s11.p0" e1="DrugDDI.d483.s11.e0" e2="DrugDDI.d483.s11.e1" interaction="false"/><pair id="DrugDDI.d483.s11.p1" e1="DrugDDI.d483.s11.e0" e2="DrugDDI.d483.s11.e2" interaction="false"/><pair id="DrugDDI.d483.s11.p2" e1="DrugDDI.d483.s11.e0" e2="DrugDDI.d483.s11.e3" interaction="false"/><pair id="DrugDDI.d483.s11.p3" e1="DrugDDI.d483.s11.e0" e2="DrugDDI.d483.s11.e4" interaction="false"/><pair id="DrugDDI.d483.s11.p4" e1="DrugDDI.d483.s11.e1" e2="DrugDDI.d483.s11.e2" interaction="false"/><pair id="DrugDDI.d483.s11.p5" e1="DrugDDI.d483.s11.e1" e2="DrugDDI.d483.s11.e3" interaction="false"/><pair id="DrugDDI.d483.s11.p6" e1="DrugDDI.d483.s11.e1" e2="DrugDDI.d483.s11.e4" interaction="false"/><pair id="DrugDDI.d483.s11.p7" e1="DrugDDI.d483.s11.e2" e2="DrugDDI.d483.s11.e3" interaction="false"/><pair id="DrugDDI.d483.s11.p8" e1="DrugDDI.d483.s11.e2" e2="DrugDDI.d483.s11.e4" interaction="false"/><pair id="DrugDDI.d483.s11.p9" e1="DrugDDI.d483.s11.e3" e2="DrugDDI.d483.s11.e4" interaction="false"/></sentence><sentence id="DrugDDI.d483.s12" origId="s12" text="3."/><sentence id="DrugDDI.d483.s13" origId="s13" text="Antihistamines (e.g., chlorpheniramine)."><entity id="DrugDDI.d483.s13.e0" origId="s13.p120" charOffset="0-14" type="drug" text="Antihistamines"/><entity id="DrugDDI.d483.s13.e1" origId="s13.p123" charOffset="22-38" type="drug" text="chlorpheniramine"/><pair id="DrugDDI.d483.s13.p0" e1="DrugDDI.d483.s13.e0" e2="DrugDDI.d483.s13.e1" interaction="false"/></sentence><sentence id="DrugDDI.d483.s14" origId="s14" text="4."/><sentence id="DrugDDI.d483.s15" origId="s15" text="Cardiovascular agents (e.g., atenolol, hydrochlorothiazide, propranolol)."><entity id="DrugDDI.d483.s15.e0" origId="s15.p126" charOffset="0-21" type="drug" text="Cardiovascular agents"/><entity id="DrugDDI.d483.s15.e1" origId="s15.p129" charOffset="29-37" type="drug" text="atenolol"/><entity id="DrugDDI.d483.s15.e2" origId="s15.p130" charOffset="39-58" type="drug" text="hydrochlorothiazide"/><entity id="DrugDDI.d483.s15.e3" origId="s15.p131" charOffset="60-71" type="drug" text="propranolol"/><pair id="DrugDDI.d483.s15.p0" e1="DrugDDI.d483.s15.e0" e2="DrugDDI.d483.s15.e1" interaction="false"/><pair id="DrugDDI.d483.s15.p1" e1="DrugDDI.d483.s15.e0" e2="DrugDDI.d483.s15.e2" interaction="false"/><pair id="DrugDDI.d483.s15.p2" e1="DrugDDI.d483.s15.e0" e2="DrugDDI.d483.s15.e3" interaction="false"/><pair id="DrugDDI.d483.s15.p3" e1="DrugDDI.d483.s15.e1" e2="DrugDDI.d483.s15.e2" interaction="false"/><pair id="DrugDDI.d483.s15.p4" e1="DrugDDI.d483.s15.e1" e2="DrugDDI.d483.s15.e3" interaction="false"/><pair id="DrugDDI.d483.s15.p5" e1="DrugDDI.d483.s15.e2" e2="DrugDDI.d483.s15.e3" interaction="false"/></sentence><sentence id="DrugDDI.d483.s16" origId="s16" text="5."/><sentence id="DrugDDI.d483.s17" origId="s17" text="Corticosteroids."><entity id="DrugDDI.d483.s17.e0" origId="s17.p134" charOffset="0-15" type="drug" text="Corticosteroids"/></sentence><sentence id="DrugDDI.d483.s18" origId="s18" text="6."/><sentence id="DrugDDI.d483.s19" origId="s19" text="Gastrointestinal agents (e.g., antacids)."><entity id="DrugDDI.d483.s19.e0" origId="s19.p136" charOffset="0-23" type="drug" text="Gastrointestinal agents"/><entity id="DrugDDI.d483.s19.e1" origId="s19.p139" charOffset="31-39" type="drug" text="antacids"/><pair id="DrugDDI.d483.s19.p0" e1="DrugDDI.d483.s19.e0" e2="DrugDDI.d483.s19.e1" interaction="false"/></sentence><sentence id="DrugDDI.d483.s20" origId="s20" text="7."/><sentence id="DrugDDI.d483.s21" origId="s21" text="Hypoglycemics and endocrine drugs."><entity id="DrugDDI.d483.s21.e0" origId="s21.p142" charOffset="0-13" type="drug" text="Hypoglycemics"/><entity id="DrugDDI.d483.s21.e1" origId="s21.p144" charOffset="18-33" type="drug" text="endocrine drugs"/><pair id="DrugDDI.d483.s21.p0" e1="DrugDDI.d483.s21.e0" e2="DrugDDI.d483.s21.e1" interaction="false"/></sentence><sentence id="DrugDDI.d483.s22" origId="s22" text="8."/><sentence id="DrugDDI.d483.s23" origId="s23" text="Sedatives and tranquilizers (e.g., diazepam)."><entity id="DrugDDI.d483.s23.e0" origId="s23.p146" charOffset="0-9" type="drug" text="Sedatives"/><entity id="DrugDDI.d483.s23.e1" origId="s23.p148" charOffset="14-27" type="drug" text="tranquilizers"/><entity id="DrugDDI.d483.s23.e2" origId="s23.p151" charOffset="35-43" type="drug" text="diazepam"/><pair id="DrugDDI.d483.s23.p0" e1="DrugDDI.d483.s23.e0" e2="DrugDDI.d483.s23.e1" interaction="false"/><pair id="DrugDDI.d483.s23.p1" e1="DrugDDI.d483.s23.e0" e2="DrugDDI.d483.s23.e2" interaction="false"/><pair id="DrugDDI.d483.s23.p2" e1="DrugDDI.d483.s23.e1" e2="DrugDDI.d483.s23.e2" interaction="false"/></sentence><sentence id="DrugDDI.d483.s24" origId="s24" text="9."/><sentence id="DrugDDI.d483.s25" origId="s25" text="Cold and flu remedies."><entity id="DrugDDI.d483.s25.e0" origId="s25.p156" charOffset="13-21" type="drug" text="remedies"/></sentence></document>