<?xml version="1.0" encoding="UTF-8"?>
<document id="DrugDDI.d200" origId="Doxacurium chloride"><sentence id="DrugDDI.d200.s0" origId="s0" text="Prior administration of succinylcholine has no clinically important effect on the neuromuscular blocking action of NUROMAX."><entity id="DrugDDI.d200.s0.e0" origId="s0.p1" charOffset="24-39" type="drug" text="succinylcholine"/><entity id="DrugDDI.d200.s0.e1" origId="s0.p5" charOffset="115-122" type="drug" text="NUROMAX"/><pair id="DrugDDI.d200.s0.p0" e1="DrugDDI.d200.s0.e0" e2="DrugDDI.d200.s0.e1" interaction="false"/></sentence><sentence id="DrugDDI.d200.s1" origId="s1" text="The use of NUROMAX before succinylcholine to attenuate some of the side effects of succinylcholine has not been studied."><entity id="DrugDDI.d200.s1.e0" origId="s1.p7" charOffset="11-18" type="drug" text="NUROMAX"/><entity id="DrugDDI.d200.s1.e1" origId="s1.p8" charOffset="26-41" type="drug" text="succinylcholine"/><entity id="DrugDDI.d200.s1.e2" origId="s1.p12" charOffset="83-98" type="drug" text="succinylcholine"/><pair id="DrugDDI.d200.s1.p0" e1="DrugDDI.d200.s1.e0" e2="DrugDDI.d200.s1.e1" interaction="false"/><pair id="DrugDDI.d200.s1.p1" e1="DrugDDI.d200.s1.e0" e2="DrugDDI.d200.s1.e2" interaction="false"/><pair id="DrugDDI.d200.s1.p2" e1="DrugDDI.d200.s1.e1" e2="DrugDDI.d200.s1.e2" interaction="false"/></sentence><sentence id="DrugDDI.d200.s2" origId="s2" text="There are no clinical data on concomitant use of NUROMAX and other nondepolarizing neuromuscular blocking agents."><entity id="DrugDDI.d200.s2.e0" origId="s2.p21" charOffset="49-56" type="drug" text="NUROMAX"/><entity id="DrugDDI.d200.s2.e1" origId="s2.p23" charOffset="83-112" type="drug" text="neuromuscular blocking agents"/><pair id="DrugDDI.d200.s2.p0" e1="DrugDDI.d200.s2.e0" e2="DrugDDI.d200.s2.e1" interaction="false"/></sentence><sentence id="DrugDDI.d200.s3" origId="s3" text="Isoflurane, enflurane, and halothane decrease the ED50 of NUROMAX by 30% to 45%."><entity id="DrugDDI.d200.s3.e0" origId="s3.p24" charOffset="0-10" type="drug" text="Isoflurane"/><entity id="DrugDDI.d200.s3.e1" origId="s3.p25" charOffset="12-21" type="drug" text="enflurane"/><entity id="DrugDDI.d200.s3.e2" origId="s3.p27" charOffset="27-36" type="drug" text="halothane"/><entity id="DrugDDI.d200.s3.e3" origId="s3.p30" charOffset="58-65" type="drug" text="NUROMAX"/><pair id="DrugDDI.d200.s3.p0" e1="DrugDDI.d200.s3.e0" e2="DrugDDI.d200.s3.e1" interaction="false"/><pair id="DrugDDI.d200.s3.p1" e1="DrugDDI.d200.s3.e0" e2="DrugDDI.d200.s3.e2" interaction="false"/><pair id="DrugDDI.d200.s3.p2" e1="DrugDDI.d200.s3.e0" e2="DrugDDI.d200.s3.e3" interaction="true"/><pair id="DrugDDI.d200.s3.p3" e1="DrugDDI.d200.s3.e1" e2="DrugDDI.d200.s3.e2" interaction="false"/><pair id="DrugDDI.d200.s3.p4" e1="DrugDDI.d200.s3.e1" e2="DrugDDI.d200.s3.e3" interaction="true"/><pair id="DrugDDI.d200.s3.p5" e1="DrugDDI.d200.s3.e2" e2="DrugDDI.d200.s3.e3" interaction="true"/></sentence><sentence id="DrugDDI.d200.s4" origId="s4" text="These agents may also prolong the clinically effective duration of action by up to 25%."/><sentence id="DrugDDI.d200.s5" origId="s5" text="Other drugs which may enhance the neuromuscular blocking action of nondepolarizing agents such as NUROMAX include certain antibiotics (e. g., aminoglycosides, tetracyclines, bacitracin, polymyxins, lincomycin, clindamycin, colistin, and sodium colistimethate), magnesium salts, lithium, local anesthetics, procainamide, and quinidine."><entity id="DrugDDI.d200.s5.e0" origId="s5.p41" charOffset="6-11" type="drug" text="drugs"/><entity id="DrugDDI.d200.s5.e1" origId="s5.p46" charOffset="67-88" type="drug" text="nondepolarizing agent"/><entity id="DrugDDI.d200.s5.e2" origId="s5.p47" charOffset="98-105" type="drug" text="NUROMAX"/><entity id="DrugDDI.d200.s5.e3" origId="s5.p49" charOffset="122-133" type="drug" text="antibiotics"/><entity id="DrugDDI.d200.s5.e4" origId="s5.p52" charOffset="142-157" type="drug" text="aminoglycosides"/><entity id="DrugDDI.d200.s5.e5" origId="s5.p53" charOffset="159-172" type="drug" text="tetracyclines"/><entity id="DrugDDI.d200.s5.e6" origId="s5.p54" charOffset="174-184" type="drug" text="bacitracin"/><entity id="DrugDDI.d200.s5.e7" origId="s5.p55" charOffset="186-196" type="drug" text="polymyxins"/><entity id="DrugDDI.d200.s5.e8" origId="s5.p56" charOffset="198-208" type="drug" text="lincomycin"/><entity id="DrugDDI.d200.s5.e9" origId="s5.p57" charOffset="210-221" type="drug" text="clindamycin"/><entity id="DrugDDI.d200.s5.e10" origId="s5.p58" charOffset="223-231" type="drug" text="colistin"/><entity id="DrugDDI.d200.s5.e11" origId="s5.p60" charOffset="237-243" type="drug" text="sodium"/><entity id="DrugDDI.d200.s5.e12" origId="s5.p63" charOffset="261-275" type="drug" text="magnesium salt"/><entity id="DrugDDI.d200.s5.e13" origId="s5.p64" charOffset="278-285" type="drug" text="lithium"/><entity id="DrugDDI.d200.s5.e14" origId="s5.p65" charOffset="287-304" type="drug" text="local anesthetics"/><entity id="DrugDDI.d200.s5.e15" origId="s5.p66" charOffset="306-318" type="drug" text="procainamide"/><entity id="DrugDDI.d200.s5.e16" origId="s5.p68" charOffset="324-333" type="drug" text="quinidine"/><pair id="DrugDDI.d200.s5.p0" e1="DrugDDI.d200.s5.e0" e2="DrugDDI.d200.s5.e1" interaction="true"/><pair id="DrugDDI.d200.s5.p1" e1="DrugDDI.d200.s5.e0" e2="DrugDDI.d200.s5.e2" interaction="true"/><pair id="DrugDDI.d200.s5.p2" e1="DrugDDI.d200.s5.e0" e2="DrugDDI.d200.s5.e3" interaction="false"/><pair id="DrugDDI.d200.s5.p3" e1="DrugDDI.d200.s5.e0" e2="DrugDDI.d200.s5.e4" interaction="false"/><pair id="DrugDDI.d200.s5.p4" e1="DrugDDI.d200.s5.e0" e2="DrugDDI.d200.s5.e5" interaction="false"/><pair id="DrugDDI.d200.s5.p5" e1="DrugDDI.d200.s5.e0" e2="DrugDDI.d200.s5.e6" interaction="false"/><pair id="DrugDDI.d200.s5.p6" e1="DrugDDI.d200.s5.e0" e2="DrugDDI.d200.s5.e7" interaction="false"/><pair id="DrugDDI.d200.s5.p7" e1="DrugDDI.d200.s5.e0" e2="DrugDDI.d200.s5.e8" interaction="false"/><pair id="DrugDDI.d200.s5.p8" e1="DrugDDI.d200.s5.e0" e2="DrugDDI.d200.s5.e9" interaction="false"/><pair id="DrugDDI.d200.s5.p9" e1="DrugDDI.d200.s5.e0" e2="DrugDDI.d200.s5.e10" interaction="false"/><pair id="DrugDDI.d200.s5.p10" e1="DrugDDI.d200.s5.e0" e2="DrugDDI.d200.s5.e11" interaction="false"/><pair id="DrugDDI.d200.s5.p11" e1="DrugDDI.d200.s5.e0" e2="DrugDDI.d200.s5.e12" interaction="false"/><pair id="DrugDDI.d200.s5.p12" e1="DrugDDI.d200.s5.e0" e2="DrugDDI.d200.s5.e13" interaction="false"/><pair id="DrugDDI.d200.s5.p13" e1="DrugDDI.d200.s5.e0" e2="DrugDDI.d200.s5.e14" interaction="false"/><pair id="DrugDDI.d200.s5.p14" e1="DrugDDI.d200.s5.e0" e2="DrugDDI.d200.s5.e15" interaction="false"/><pair id="DrugDDI.d200.s5.p15" e1="DrugDDI.d200.s5.e0" e2="DrugDDI.d200.s5.e16" interaction="false"/><pair id="DrugDDI.d200.s5.p16" e1="DrugDDI.d200.s5.e1" e2="DrugDDI.d200.s5.e2" interaction="false"/><pair id="DrugDDI.d200.s5.p17" e1="DrugDDI.d200.s5.e1" e2="DrugDDI.d200.s5.e3" interaction="false"/><pair id="DrugDDI.d200.s5.p18" e1="DrugDDI.d200.s5.e1" e2="DrugDDI.d200.s5.e4" interaction="false"/><pair id="DrugDDI.d200.s5.p19" e1="DrugDDI.d200.s5.e1" e2="DrugDDI.d200.s5.e5" interaction="false"/><pair id="DrugDDI.d200.s5.p20" e1="DrugDDI.d200.s5.e1" e2="DrugDDI.d200.s5.e6" interaction="false"/><pair id="DrugDDI.d200.s5.p21" e1="DrugDDI.d200.s5.e1" e2="DrugDDI.d200.s5.e7" interaction="false"/><pair id="DrugDDI.d200.s5.p22" e1="DrugDDI.d200.s5.e1" e2="DrugDDI.d200.s5.e8" interaction="false"/><pair id="DrugDDI.d200.s5.p23" e1="DrugDDI.d200.s5.e1" e2="DrugDDI.d200.s5.e9" interaction="false"/><pair id="DrugDDI.d200.s5.p24" e1="DrugDDI.d200.s5.e1" e2="DrugDDI.d200.s5.e10" interaction="false"/><pair id="DrugDDI.d200.s5.p25" e1="DrugDDI.d200.s5.e1" e2="DrugDDI.d200.s5.e11" interaction="false"/><pair id="DrugDDI.d200.s5.p26" e1="DrugDDI.d200.s5.e1" e2="DrugDDI.d200.s5.e12" interaction="false"/><pair id="DrugDDI.d200.s5.p27" e1="DrugDDI.d200.s5.e1" e2="DrugDDI.d200.s5.e13" interaction="false"/><pair id="DrugDDI.d200.s5.p28" e1="DrugDDI.d200.s5.e1" e2="DrugDDI.d200.s5.e14" interaction="false"/><pair id="DrugDDI.d200.s5.p29" e1="DrugDDI.d200.s5.e1" e2="DrugDDI.d200.s5.e15" interaction="false"/><pair id="DrugDDI.d200.s5.p30" e1="DrugDDI.d200.s5.e1" e2="DrugDDI.d200.s5.e16" interaction="false"/><pair id="DrugDDI.d200.s5.p31" e1="DrugDDI.d200.s5.e2" e2="DrugDDI.d200.s5.e3" interaction="false"/><pair id="DrugDDI.d200.s5.p32" e1="DrugDDI.d200.s5.e2" e2="DrugDDI.d200.s5.e4" interaction="true"/><pair id="DrugDDI.d200.s5.p33" e1="DrugDDI.d200.s5.e2" e2="DrugDDI.d200.s5.e5" interaction="true"/><pair id="DrugDDI.d200.s5.p34" e1="DrugDDI.d200.s5.e2" e2="DrugDDI.d200.s5.e6" interaction="true"/><pair id="DrugDDI.d200.s5.p35" e1="DrugDDI.d200.s5.e2" e2="DrugDDI.d200.s5.e7" interaction="true"/><pair id="DrugDDI.d200.s5.p36" e1="DrugDDI.d200.s5.e2" e2="DrugDDI.d200.s5.e8" interaction="true"/><pair id="DrugDDI.d200.s5.p37" e1="DrugDDI.d200.s5.e2" e2="DrugDDI.d200.s5.e9" interaction="true"/><pair id="DrugDDI.d200.s5.p38" e1="DrugDDI.d200.s5.e2" e2="DrugDDI.d200.s5.e10" interaction="true"/><pair id="DrugDDI.d200.s5.p39" e1="DrugDDI.d200.s5.e2" e2="DrugDDI.d200.s5.e11" interaction="true"/><pair id="DrugDDI.d200.s5.p40" e1="DrugDDI.d200.s5.e2" e2="DrugDDI.d200.s5.e12" interaction="true"/><pair id="DrugDDI.d200.s5.p41" e1="DrugDDI.d200.s5.e2" e2="DrugDDI.d200.s5.e13" interaction="true"/><pair id="DrugDDI.d200.s5.p42" e1="DrugDDI.d200.s5.e2" e2="DrugDDI.d200.s5.e14" interaction="true"/><pair id="DrugDDI.d200.s5.p43" e1="DrugDDI.d200.s5.e2" e2="DrugDDI.d200.s5.e15" interaction="true"/><pair id="DrugDDI.d200.s5.p44" e1="DrugDDI.d200.s5.e2" e2="DrugDDI.d200.s5.e16" interaction="true"/><pair id="DrugDDI.d200.s5.p45" e1="DrugDDI.d200.s5.e3" e2="DrugDDI.d200.s5.e4" interaction="false"/><pair id="DrugDDI.d200.s5.p46" e1="DrugDDI.d200.s5.e3" e2="DrugDDI.d200.s5.e5" interaction="false"/><pair id="DrugDDI.d200.s5.p47" e1="DrugDDI.d200.s5.e3" e2="DrugDDI.d200.s5.e6" interaction="false"/><pair id="DrugDDI.d200.s5.p48" e1="DrugDDI.d200.s5.e3" e2="DrugDDI.d200.s5.e7" interaction="false"/><pair id="DrugDDI.d200.s5.p49" e1="DrugDDI.d200.s5.e3" e2="DrugDDI.d200.s5.e8" interaction="false"/><pair id="DrugDDI.d200.s5.p50" e1="DrugDDI.d200.s5.e3" e2="DrugDDI.d200.s5.e9" interaction="false"/><pair id="DrugDDI.d200.s5.p51" e1="DrugDDI.d200.s5.e3" e2="DrugDDI.d200.s5.e10" interaction="false"/><pair id="DrugDDI.d200.s5.p52" e1="DrugDDI.d200.s5.e3" e2="DrugDDI.d200.s5.e11" interaction="false"/><pair id="DrugDDI.d200.s5.p53" e1="DrugDDI.d200.s5.e3" e2="DrugDDI.d200.s5.e12" interaction="false"/><pair id="DrugDDI.d200.s5.p54" e1="DrugDDI.d200.s5.e3" e2="DrugDDI.d200.s5.e13" interaction="false"/><pair id="DrugDDI.d200.s5.p55" e1="DrugDDI.d200.s5.e3" e2="DrugDDI.d200.s5.e14" interaction="false"/><pair id="DrugDDI.d200.s5.p56" e1="DrugDDI.d200.s5.e3" e2="DrugDDI.d200.s5.e15" interaction="false"/><pair id="DrugDDI.d200.s5.p57" e1="DrugDDI.d200.s5.e3" e2="DrugDDI.d200.s5.e16" interaction="false"/><pair id="DrugDDI.d200.s5.p58" e1="DrugDDI.d200.s5.e4" e2="DrugDDI.d200.s5.e5" interaction="false"/><pair id="DrugDDI.d200.s5.p59" e1="DrugDDI.d200.s5.e4" e2="DrugDDI.d200.s5.e6" interaction="false"/><pair id="DrugDDI.d200.s5.p60" e1="DrugDDI.d200.s5.e4" e2="DrugDDI.d200.s5.e7" interaction="false"/><pair id="DrugDDI.d200.s5.p61" e1="DrugDDI.d200.s5.e4" e2="DrugDDI.d200.s5.e8" interaction="false"/><pair id="DrugDDI.d200.s5.p62" e1="DrugDDI.d200.s5.e4" e2="DrugDDI.d200.s5.e9" interaction="false"/><pair id="DrugDDI.d200.s5.p63" e1="DrugDDI.d200.s5.e4" e2="DrugDDI.d200.s5.e10" interaction="false"/><pair id="DrugDDI.d200.s5.p64" e1="DrugDDI.d200.s5.e4" e2="DrugDDI.d200.s5.e11" interaction="false"/><pair id="DrugDDI.d200.s5.p65" e1="DrugDDI.d200.s5.e4" e2="DrugDDI.d200.s5.e12" interaction="false"/><pair id="DrugDDI.d200.s5.p66" e1="DrugDDI.d200.s5.e4" e2="DrugDDI.d200.s5.e13" interaction="false"/><pair id="DrugDDI.d200.s5.p67" e1="DrugDDI.d200.s5.e4" e2="DrugDDI.d200.s5.e14" interaction="false"/><pair id="DrugDDI.d200.s5.p68" e1="DrugDDI.d200.s5.e4" e2="DrugDDI.d200.s5.e15" interaction="false"/><pair id="DrugDDI.d200.s5.p69" e1="DrugDDI.d200.s5.e4" e2="DrugDDI.d200.s5.e16" interaction="false"/><pair id="DrugDDI.d200.s5.p70" e1="DrugDDI.d200.s5.e5" e2="DrugDDI.d200.s5.e6" interaction="false"/><pair id="DrugDDI.d200.s5.p71" e1="DrugDDI.d200.s5.e5" e2="DrugDDI.d200.s5.e7" interaction="false"/><pair id="DrugDDI.d200.s5.p72" e1="DrugDDI.d200.s5.e5" e2="DrugDDI.d200.s5.e8" interaction="false"/><pair id="DrugDDI.d200.s5.p73" e1="DrugDDI.d200.s5.e5" e2="DrugDDI.d200.s5.e9" interaction="false"/><pair id="DrugDDI.d200.s5.p74" e1="DrugDDI.d200.s5.e5" e2="DrugDDI.d200.s5.e10" interaction="false"/><pair id="DrugDDI.d200.s5.p75" e1="DrugDDI.d200.s5.e5" e2="DrugDDI.d200.s5.e11" interaction="false"/><pair id="DrugDDI.d200.s5.p76" e1="DrugDDI.d200.s5.e5" e2="DrugDDI.d200.s5.e12" interaction="false"/><pair id="DrugDDI.d200.s5.p77" e1="DrugDDI.d200.s5.e5" e2="DrugDDI.d200.s5.e13" interaction="false"/><pair id="DrugDDI.d200.s5.p78" e1="DrugDDI.d200.s5.e5" e2="DrugDDI.d200.s5.e14" interaction="false"/><pair id="DrugDDI.d200.s5.p79" e1="DrugDDI.d200.s5.e5" e2="DrugDDI.d200.s5.e15" interaction="false"/><pair id="DrugDDI.d200.s5.p80" e1="DrugDDI.d200.s5.e5" e2="DrugDDI.d200.s5.e16" interaction="false"/><pair id="DrugDDI.d200.s5.p81" e1="DrugDDI.d200.s5.e6" e2="DrugDDI.d200.s5.e7" interaction="false"/><pair id="DrugDDI.d200.s5.p82" e1="DrugDDI.d200.s5.e6" e2="DrugDDI.d200.s5.e8" interaction="false"/><pair id="DrugDDI.d200.s5.p83" e1="DrugDDI.d200.s5.e6" e2="DrugDDI.d200.s5.e9" interaction="false"/><pair id="DrugDDI.d200.s5.p84" e1="DrugDDI.d200.s5.e6" e2="DrugDDI.d200.s5.e10" interaction="false"/><pair id="DrugDDI.d200.s5.p85" e1="DrugDDI.d200.s5.e6" e2="DrugDDI.d200.s5.e11" interaction="false"/><pair id="DrugDDI.d200.s5.p86" e1="DrugDDI.d200.s5.e6" e2="DrugDDI.d200.s5.e12" interaction="false"/><pair id="DrugDDI.d200.s5.p87" e1="DrugDDI.d200.s5.e6" e2="DrugDDI.d200.s5.e13" interaction="false"/><pair id="DrugDDI.d200.s5.p88" e1="DrugDDI.d200.s5.e6" e2="DrugDDI.d200.s5.e14" interaction="false"/><pair id="DrugDDI.d200.s5.p89" e1="DrugDDI.d200.s5.e6" e2="DrugDDI.d200.s5.e15" interaction="false"/><pair id="DrugDDI.d200.s5.p90" e1="DrugDDI.d200.s5.e6" e2="DrugDDI.d200.s5.e16" interaction="false"/><pair id="DrugDDI.d200.s5.p91" e1="DrugDDI.d200.s5.e7" e2="DrugDDI.d200.s5.e8" interaction="false"/><pair id="DrugDDI.d200.s5.p92" e1="DrugDDI.d200.s5.e7" e2="DrugDDI.d200.s5.e9" interaction="false"/><pair id="DrugDDI.d200.s5.p93" e1="DrugDDI.d200.s5.e7" e2="DrugDDI.d200.s5.e10" interaction="false"/><pair id="DrugDDI.d200.s5.p94" e1="DrugDDI.d200.s5.e7" e2="DrugDDI.d200.s5.e11" interaction="false"/><pair id="DrugDDI.d200.s5.p95" e1="DrugDDI.d200.s5.e7" e2="DrugDDI.d200.s5.e12" interaction="false"/><pair id="DrugDDI.d200.s5.p96" e1="DrugDDI.d200.s5.e7" e2="DrugDDI.d200.s5.e13" interaction="false"/><pair id="DrugDDI.d200.s5.p97" e1="DrugDDI.d200.s5.e7" e2="DrugDDI.d200.s5.e14" interaction="false"/><pair id="DrugDDI.d200.s5.p98" e1="DrugDDI.d200.s5.e7" e2="DrugDDI.d200.s5.e15" interaction="false"/><pair id="DrugDDI.d200.s5.p99" e1="DrugDDI.d200.s5.e7" e2="DrugDDI.d200.s5.e16" interaction="false"/><pair id="DrugDDI.d200.s5.p100" e1="DrugDDI.d200.s5.e8" e2="DrugDDI.d200.s5.e9" interaction="false"/><pair id="DrugDDI.d200.s5.p101" e1="DrugDDI.d200.s5.e8" e2="DrugDDI.d200.s5.e10" interaction="false"/><pair id="DrugDDI.d200.s5.p102" e1="DrugDDI.d200.s5.e8" e2="DrugDDI.d200.s5.e11" interaction="false"/><pair id="DrugDDI.d200.s5.p103" e1="DrugDDI.d200.s5.e8" e2="DrugDDI.d200.s5.e12" interaction="false"/><pair id="DrugDDI.d200.s5.p104" e1="DrugDDI.d200.s5.e8" e2="DrugDDI.d200.s5.e13" interaction="false"/><pair id="DrugDDI.d200.s5.p105" e1="DrugDDI.d200.s5.e8" e2="DrugDDI.d200.s5.e14" interaction="false"/><pair id="DrugDDI.d200.s5.p106" e1="DrugDDI.d200.s5.e8" e2="DrugDDI.d200.s5.e15" interaction="false"/><pair id="DrugDDI.d200.s5.p107" e1="DrugDDI.d200.s5.e8" e2="DrugDDI.d200.s5.e16" interaction="false"/><pair id="DrugDDI.d200.s5.p108" e1="DrugDDI.d200.s5.e9" e2="DrugDDI.d200.s5.e10" interaction="false"/><pair id="DrugDDI.d200.s5.p109" e1="DrugDDI.d200.s5.e9" e2="DrugDDI.d200.s5.e11" interaction="false"/><pair id="DrugDDI.d200.s5.p110" e1="DrugDDI.d200.s5.e9" e2="DrugDDI.d200.s5.e12" interaction="false"/><pair id="DrugDDI.d200.s5.p111" e1="DrugDDI.d200.s5.e9" e2="DrugDDI.d200.s5.e13" interaction="false"/><pair id="DrugDDI.d200.s5.p112" e1="DrugDDI.d200.s5.e9" e2="DrugDDI.d200.s5.e14" interaction="false"/><pair id="DrugDDI.d200.s5.p113" e1="DrugDDI.d200.s5.e9" e2="DrugDDI.d200.s5.e15" interaction="false"/><pair id="DrugDDI.d200.s5.p114" e1="DrugDDI.d200.s5.e9" e2="DrugDDI.d200.s5.e16" interaction="false"/><pair id="DrugDDI.d200.s5.p115" e1="DrugDDI.d200.s5.e10" e2="DrugDDI.d200.s5.e11" interaction="false"/><pair id="DrugDDI.d200.s5.p116" e1="DrugDDI.d200.s5.e10" e2="DrugDDI.d200.s5.e12" interaction="false"/><pair id="DrugDDI.d200.s5.p117" e1="DrugDDI.d200.s5.e10" e2="DrugDDI.d200.s5.e13" interaction="false"/><pair id="DrugDDI.d200.s5.p118" e1="DrugDDI.d200.s5.e10" e2="DrugDDI.d200.s5.e14" interaction="false"/><pair id="DrugDDI.d200.s5.p119" e1="DrugDDI.d200.s5.e10" e2="DrugDDI.d200.s5.e15" interaction="false"/><pair id="DrugDDI.d200.s5.p120" e1="DrugDDI.d200.s5.e10" e2="DrugDDI.d200.s5.e16" interaction="false"/><pair id="DrugDDI.d200.s5.p121" e1="DrugDDI.d200.s5.e11" e2="DrugDDI.d200.s5.e12" interaction="false"/><pair id="DrugDDI.d200.s5.p122" e1="DrugDDI.d200.s5.e11" e2="DrugDDI.d200.s5.e13" interaction="false"/><pair id="DrugDDI.d200.s5.p123" e1="DrugDDI.d200.s5.e11" e2="DrugDDI.d200.s5.e14" interaction="false"/><pair id="DrugDDI.d200.s5.p124" e1="DrugDDI.d200.s5.e11" e2="DrugDDI.d200.s5.e15" interaction="false"/><pair id="DrugDDI.d200.s5.p125" e1="DrugDDI.d200.s5.e11" e2="DrugDDI.d200.s5.e16" interaction="false"/><pair id="DrugDDI.d200.s5.p126" e1="DrugDDI.d200.s5.e12" e2="DrugDDI.d200.s5.e13" interaction="false"/><pair id="DrugDDI.d200.s5.p127" e1="DrugDDI.d200.s5.e12" e2="DrugDDI.d200.s5.e14" interaction="false"/><pair id="DrugDDI.d200.s5.p128" e1="DrugDDI.d200.s5.e12" e2="DrugDDI.d200.s5.e15" interaction="false"/><pair id="DrugDDI.d200.s5.p129" e1="DrugDDI.d200.s5.e12" e2="DrugDDI.d200.s5.e16" interaction="false"/><pair id="DrugDDI.d200.s5.p130" e1="DrugDDI.d200.s5.e13" e2="DrugDDI.d200.s5.e14" interaction="false"/><pair id="DrugDDI.d200.s5.p131" e1="DrugDDI.d200.s5.e13" e2="DrugDDI.d200.s5.e15" interaction="false"/><pair id="DrugDDI.d200.s5.p132" e1="DrugDDI.d200.s5.e13" e2="DrugDDI.d200.s5.e16" interaction="false"/><pair id="DrugDDI.d200.s5.p133" e1="DrugDDI.d200.s5.e14" e2="DrugDDI.d200.s5.e15" interaction="false"/><pair id="DrugDDI.d200.s5.p134" e1="DrugDDI.d200.s5.e14" e2="DrugDDI.d200.s5.e16" interaction="false"/><pair id="DrugDDI.d200.s5.p135" e1="DrugDDI.d200.s5.e15" e2="DrugDDI.d200.s5.e16" interaction="false"/></sentence><sentence id="DrugDDI.d200.s6" origId="s6" text="As with some other nondepolarizing neuromuscular blocking agents, the time of onset of neuromuscular block induced by NUROMAX is lengthened and the duration of block is shortened in patients receiving phenytoin or carbamazepine."><entity id="DrugDDI.d200.s6.e0" origId="s6.p70" charOffset="35-64" type="drug" text="neuromuscular blocking agents"/><entity id="DrugDDI.d200.s6.e1" origId="s6.p75" charOffset="118-125" type="drug" text="NUROMAX"/><entity id="DrugDDI.d200.s6.e2" origId="s6.p85" charOffset="201-210" type="drug" text="phenytoin"/><entity id="DrugDDI.d200.s6.e3" origId="s6.p87" charOffset="214-227" type="drug" text="carbamazepine"/><pair id="DrugDDI.d200.s6.p0" e1="DrugDDI.d200.s6.e0" e2="DrugDDI.d200.s6.e1" interaction="false"/><pair id="DrugDDI.d200.s6.p1" e1="DrugDDI.d200.s6.e0" e2="DrugDDI.d200.s6.e2" interaction="true"/><pair id="DrugDDI.d200.s6.p2" e1="DrugDDI.d200.s6.e0" e2="DrugDDI.d200.s6.e3" interaction="true"/><pair id="DrugDDI.d200.s6.p3" e1="DrugDDI.d200.s6.e1" e2="DrugDDI.d200.s6.e2" interaction="true"/><pair id="DrugDDI.d200.s6.p4" e1="DrugDDI.d200.s6.e1" e2="DrugDDI.d200.s6.e3" interaction="true"/><pair id="DrugDDI.d200.s6.p5" e1="DrugDDI.d200.s6.e2" e2="DrugDDI.d200.s6.e3" interaction="false"/></sentence></document>