<?xml version="1.0" encoding="UTF-8"?>
<document id="DrugDDI.d161" origId="Doxorubicin"><sentence id="DrugDDI.d161.s0" origId="s0" text="No formal drug interaction studies have been conducted with DOXIL? ."/><sentence id="DrugDDI.d161.s1" origId="s1" text="Until specific compatibility data are available, it is not recommended that DOXIL? be mixed with other drugs."><entity id="DrugDDI.d161.s1.e0" origId="s1.p15" charOffset="103-108" type="drug" text="drugs"/></sentence><sentence id="DrugDDI.d161.s2" origId="s2" text="DOXIL? may interact with drugs known to interact with the conventional formulation of doxorubicin HCl."><entity id="DrugDDI.d161.s2.e0" origId="s2.p19" charOffset="25-30" type="drug" text="drugs"/><entity id="DrugDDI.d161.s2.e1" origId="s2.p24" charOffset="86-101" type="drug" text="doxorubicin HCl"/><pair id="DrugDDI.d161.s2.p0" e1="DrugDDI.d161.s2.e0" e2="DrugDDI.d161.s2.e1" interaction="false"/></sentence></document>