<?xml version="1.0" encoding="UTF-8"?>
<document id="DrugDDI.d260" origId="Doxycycline"><sentence id="DrugDDI.d260.s0" origId="s0" text="Because tetracyclines have been shown to depress plasma prothrombin activity, patients who are on anticoagulant therapy may require downward adjustment of their anticoagulant dosage."><entity id="DrugDDI.d260.s0.e0" origId="s0.p1" charOffset="8-21" type="drug" text="tetracyclines"/><entity id="DrugDDI.d260.s0.e1" origId="s0.p15" charOffset="161-174" type="drug" text="anticoagulant"/><pair id="DrugDDI.d260.s0.p0" e1="DrugDDI.d260.s0.e0" e2="DrugDDI.d260.s0.e1" interaction="true"/></sentence><sentence id="DrugDDI.d260.s1" origId="s1" text="Since bacteriostatic drugs may interfere with the bactericidal action of penicillin, it is advisable to avoid giving tetracyclines in conjunction with penicillin."><entity id="DrugDDI.d260.s1.e0" origId="s1.p17" charOffset="6-18" type="drug" text="bacteriostat"/><entity id="DrugDDI.d260.s1.e1" origId="s1.p21" charOffset="73-83" type="drug" text="penicillin"/><entity id="DrugDDI.d260.s1.e2" origId="s1.p26" charOffset="117-130" type="drug" text="tetracyclines"/><entity id="DrugDDI.d260.s1.e3" origId="s1.p27" charOffset="151-161" type="drug" text="penicillin"/><pair id="DrugDDI.d260.s1.p0" e1="DrugDDI.d260.s1.e0" e2="DrugDDI.d260.s1.e1" interaction="true"/><pair id="DrugDDI.d260.s1.p1" e1="DrugDDI.d260.s1.e0" e2="DrugDDI.d260.s1.e2" interaction="false"/><pair id="DrugDDI.d260.s1.p2" e1="DrugDDI.d260.s1.e0" e2="DrugDDI.d260.s1.e3" interaction="false"/><pair id="DrugDDI.d260.s1.p3" e1="DrugDDI.d260.s1.e1" e2="DrugDDI.d260.s1.e2" interaction="false"/><pair id="DrugDDI.d260.s1.p4" e1="DrugDDI.d260.s1.e1" e2="DrugDDI.d260.s1.e3" interaction="false"/><pair id="DrugDDI.d260.s1.p5" e1="DrugDDI.d260.s1.e2" e2="DrugDDI.d260.s1.e3" interaction="true"/></sentence><sentence id="DrugDDI.d260.s2" origId="s2" text="Absorption of tetracyclines is impaired by antacids containing aluminum, calcium, or magnesium, and iron-containing preparations."><entity id="DrugDDI.d260.s2.e0" origId="s2.p29" charOffset="14-27" type="drug" text="tetracyclines"/><entity id="DrugDDI.d260.s2.e1" origId="s2.p32" charOffset="43-51" type="drug" text="antacids"/><entity id="DrugDDI.d260.s2.e2" origId="s2.p35" charOffset="73-80" type="drug" text="calcium"/><entity id="DrugDDI.d260.s2.e3" origId="s2.p37" charOffset="85-94" type="drug" text="magnesium"/><entity id="DrugDDI.d260.s2.e4" origId="s2.p39" charOffset="100-128" type="drug" text="iron-containing preparations"/><pair id="DrugDDI.d260.s2.p0" e1="DrugDDI.d260.s2.e0" e2="DrugDDI.d260.s2.e1" interaction="true"/><pair id="DrugDDI.d260.s2.p1" e1="DrugDDI.d260.s2.e0" e2="DrugDDI.d260.s2.e2" interaction="false"/><pair id="DrugDDI.d260.s2.p2" e1="DrugDDI.d260.s2.e0" e2="DrugDDI.d260.s2.e3" interaction="true"/><pair id="DrugDDI.d260.s2.p3" e1="DrugDDI.d260.s2.e0" e2="DrugDDI.d260.s2.e4" interaction="true"/><pair id="DrugDDI.d260.s2.p4" e1="DrugDDI.d260.s2.e1" e2="DrugDDI.d260.s2.e2" interaction="false"/><pair id="DrugDDI.d260.s2.p5" e1="DrugDDI.d260.s2.e1" e2="DrugDDI.d260.s2.e3" interaction="false"/><pair id="DrugDDI.d260.s2.p6" e1="DrugDDI.d260.s2.e1" e2="DrugDDI.d260.s2.e4" interaction="false"/><pair id="DrugDDI.d260.s2.p7" e1="DrugDDI.d260.s2.e2" e2="DrugDDI.d260.s2.e3" interaction="false"/><pair id="DrugDDI.d260.s2.p8" e1="DrugDDI.d260.s2.e2" e2="DrugDDI.d260.s2.e4" interaction="true"/><pair id="DrugDDI.d260.s2.p9" e1="DrugDDI.d260.s2.e3" e2="DrugDDI.d260.s2.e4" interaction="false"/></sentence><sentence id="DrugDDI.d260.s3" origId="s3" text="Absorption of tetracycline is impaired by bismuth subsalicylate."><entity id="DrugDDI.d260.s3.e0" origId="s3.p41" charOffset="14-26" type="drug" text="tetracycline"/><entity id="DrugDDI.d260.s3.e1" origId="s3.p44" charOffset="42-63" type="drug" text="bismuth subsalicylate"/><pair id="DrugDDI.d260.s3.p0" e1="DrugDDI.d260.s3.e0" e2="DrugDDI.d260.s3.e1" interaction="true"/></sentence><sentence id="DrugDDI.d260.s4" origId="s4" text="Barbiturates, carbamazepine, and phenytoin decrease the half-life of doxycycline."><entity id="DrugDDI.d260.s4.e0" origId="s4.p45" charOffset="0-12" type="drug" text="Barbiturates"/><entity id="DrugDDI.d260.s4.e1" origId="s4.p46" charOffset="14-27" type="drug" text="carbamazepine"/><entity id="DrugDDI.d260.s4.e2" origId="s4.p48" charOffset="33-42" type="drug" text="phenytoin"/><entity id="DrugDDI.d260.s4.e3" origId="s4.p51" charOffset="69-80" type="drug" text="doxycycline"/><pair id="DrugDDI.d260.s4.p0" e1="DrugDDI.d260.s4.e0" e2="DrugDDI.d260.s4.e1" interaction="false"/><pair id="DrugDDI.d260.s4.p1" e1="DrugDDI.d260.s4.e0" e2="DrugDDI.d260.s4.e2" interaction="false"/><pair id="DrugDDI.d260.s4.p2" e1="DrugDDI.d260.s4.e0" e2="DrugDDI.d260.s4.e3" interaction="true"/><pair id="DrugDDI.d260.s4.p3" e1="DrugDDI.d260.s4.e1" e2="DrugDDI.d260.s4.e2" interaction="false"/><pair id="DrugDDI.d260.s4.p4" e1="DrugDDI.d260.s4.e1" e2="DrugDDI.d260.s4.e3" interaction="true"/><pair id="DrugDDI.d260.s4.p5" e1="DrugDDI.d260.s4.e2" e2="DrugDDI.d260.s4.e3" interaction="true"/></sentence><sentence id="DrugDDI.d260.s5" origId="s5" text="The concurrent use of tetracycline and Penthrane (methoxyflurane) has been reported to result in fatal renal toxicity."><entity id="DrugDDI.d260.s5.e0" origId="s5.p53" charOffset="22-34" type="drug" text="tetracycline"/><entity id="DrugDDI.d260.s5.e1" origId="s5.p55" charOffset="39-48" type="drug" text="Penthrane"/><entity id="DrugDDI.d260.s5.e2" origId="s5.p57" charOffset="50-64" type="drug" text="methoxyflurane"/><pair id="DrugDDI.d260.s5.p0" e1="DrugDDI.d260.s5.e0" e2="DrugDDI.d260.s5.e1" interaction="true"/><pair id="DrugDDI.d260.s5.p1" e1="DrugDDI.d260.s5.e0" e2="DrugDDI.d260.s5.e2" interaction="true"/><pair id="DrugDDI.d260.s5.p2" e1="DrugDDI.d260.s5.e1" e2="DrugDDI.d260.s5.e2" interaction="false"/></sentence><sentence id="DrugDDI.d260.s6" origId="s6" text="Concurrent use of tetracycline may render oral contraceptives less effective."><entity id="DrugDDI.d260.s6.e0" origId="s6.p66" charOffset="18-30" type="drug" text="tetracycline"/><entity id="DrugDDI.d260.s6.e1" origId="s6.p69" charOffset="42-73" type="drug" text="oral contraceptives less effect"/><pair id="DrugDDI.d260.s6.p0" e1="DrugDDI.d260.s6.e0" e2="DrugDDI.d260.s6.e1" interaction="false"/></sentence><sentence id="DrugDDI.d260.s7" origId="s7" text="Drug/Laboratory Test Interactions False elevations of urinary catecholamine levels may occur due to interference with the fluorescence test."><entity id="DrugDDI.d260.s7.e0" origId="s7.p70" charOffset="0-4" type="drug" text="Drug"/></sentence></document>