<?xml version="1.0" encoding="UTF-8"?>
<document id="DrugDDI.d156" origId="Doxylamine"><sentence id="DrugDDI.d156.s0" origId="s0" text="Potential drug interactions for doxylamine include, increased seda?tion if doxylamine is combined with other CNS depressant drugs."><entity id="DrugDDI.d156.s0.e0" origId="s0.p1" charOffset="32-42" type="drug" text="doxylamine"/><entity id="DrugDDI.d156.s0.e1" origId="s0.p6" charOffset="75-85" type="drug" text="doxylamine"/><entity id="DrugDDI.d156.s0.e2" origId="s0.p9" charOffset="109-129" type="drug" text="CNS depressant drugs"/><pair id="DrugDDI.d156.s0.p0" e1="DrugDDI.d156.s0.e0" e2="DrugDDI.d156.s0.e1" interaction="false"/><pair id="DrugDDI.d156.s0.p1" e1="DrugDDI.d156.s0.e0" e2="DrugDDI.d156.s0.e2" interaction="false"/><pair id="DrugDDI.d156.s0.p2" e1="DrugDDI.d156.s0.e1" e2="DrugDDI.d156.s0.e2" interaction="true"/></sentence><sentence id="DrugDDI.d156.s1" origId="s1" text="Antihistamines may partially counteract the anticoagulation effects of heparin or warfarin."><entity id="DrugDDI.d156.s1.e0" origId="s1.p10" charOffset="0-14" type="drug" text="Antihistamines"/><entity id="DrugDDI.d156.s1.e1" origId="s1.p15" charOffset="71-78" type="drug" text="heparin"/><entity id="DrugDDI.d156.s1.e2" origId="s1.p17" charOffset="82-90" type="drug" text="warfarin"/><pair id="DrugDDI.d156.s1.p0" e1="DrugDDI.d156.s1.e0" e2="DrugDDI.d156.s1.e1" interaction="true"/><pair id="DrugDDI.d156.s1.p1" e1="DrugDDI.d156.s1.e0" e2="DrugDDI.d156.s1.e2" interaction="true"/><pair id="DrugDDI.d156.s1.p2" e1="DrugDDI.d156.s1.e1" e2="DrugDDI.d156.s1.e2" interaction="false"/></sentence><sentence id="DrugDDI.d156.s2" origId="s2" text="Doxylamine may enhance the effects of epinephrine."><entity id="DrugDDI.d156.s2.e0" origId="s2.p18" charOffset="0-10" type="drug" text="Doxylamine"/><entity id="DrugDDI.d156.s2.e1" origId="s2.p22" charOffset="38-49" type="drug" text="epinephrine"/><pair id="DrugDDI.d156.s2.p0" e1="DrugDDI.d156.s2.e0" e2="DrugDDI.d156.s2.e1" interaction="true"/></sentence></document>