<?xml version="1.0" encoding="UTF-8"?>
<document id="DrugDDI.d95" origId="Droperidol"><sentence id="DrugDDI.d95.s0" origId="s0" text="Other CNS depressant drugs (e.g. barbiturates, tranquilizers, opioids and general anesthetics) have additive or potentiating effects with INAPSINE."><entity id="DrugDDI.d95.s0.e0" origId="s0.p0" charOffset="6-26" type="drug" text="CNS depressant drugs"/><entity id="DrugDDI.d95.s0.e1" origId="s0.p2" charOffset="33-45" type="drug" text="barbiturates"/><entity id="DrugDDI.d95.s0.e2" origId="s0.p3" charOffset="47-60" type="drug" text="tranquilizers"/><entity id="DrugDDI.d95.s0.e3" origId="s0.p4" charOffset="62-69" type="drug" text="opioids"/><entity id="DrugDDI.d95.s0.e4" origId="s0.p6" charOffset="74-93" type="drug" text="general anesthetics"/><entity id="DrugDDI.d95.s0.e5" origId="s0.p12" charOffset="138-146" type="drug" text="INAPSINE"/><pair id="DrugDDI.d95.s0.p0" e1="DrugDDI.d95.s0.e0" e2="DrugDDI.d95.s0.e1" interaction="false"/><pair id="DrugDDI.d95.s0.p1" e1="DrugDDI.d95.s0.e0" e2="DrugDDI.d95.s0.e2" interaction="false"/><pair id="DrugDDI.d95.s0.p2" e1="DrugDDI.d95.s0.e0" e2="DrugDDI.d95.s0.e3" interaction="false"/><pair id="DrugDDI.d95.s0.p3" e1="DrugDDI.d95.s0.e0" e2="DrugDDI.d95.s0.e4" interaction="false"/><pair id="DrugDDI.d95.s0.p4" e1="DrugDDI.d95.s0.e0" e2="DrugDDI.d95.s0.e5" interaction="true"/><pair id="DrugDDI.d95.s0.p5" e1="DrugDDI.d95.s0.e1" e2="DrugDDI.d95.s0.e2" interaction="false"/><pair id="DrugDDI.d95.s0.p6" e1="DrugDDI.d95.s0.e1" e2="DrugDDI.d95.s0.e3" interaction="false"/><pair id="DrugDDI.d95.s0.p7" e1="DrugDDI.d95.s0.e1" e2="DrugDDI.d95.s0.e4" interaction="false"/><pair id="DrugDDI.d95.s0.p8" e1="DrugDDI.d95.s0.e1" e2="DrugDDI.d95.s0.e5" interaction="true"/><pair id="DrugDDI.d95.s0.p9" e1="DrugDDI.d95.s0.e2" e2="DrugDDI.d95.s0.e3" interaction="false"/><pair id="DrugDDI.d95.s0.p10" e1="DrugDDI.d95.s0.e2" e2="DrugDDI.d95.s0.e4" interaction="false"/><pair id="DrugDDI.d95.s0.p11" e1="DrugDDI.d95.s0.e2" e2="DrugDDI.d95.s0.e5" interaction="true"/><pair id="DrugDDI.d95.s0.p12" e1="DrugDDI.d95.s0.e3" e2="DrugDDI.d95.s0.e4" interaction="false"/><pair id="DrugDDI.d95.s0.p13" e1="DrugDDI.d95.s0.e3" e2="DrugDDI.d95.s0.e5" interaction="true"/><pair id="DrugDDI.d95.s0.p14" e1="DrugDDI.d95.s0.e4" e2="DrugDDI.d95.s0.e5" interaction="true"/></sentence><sentence id="DrugDDI.d95.s1" origId="s1" text="When patients have received such drugs, the dose of INAPSINE required will be less than usual."><entity id="DrugDDI.d95.s1.e0" origId="s1.p17" charOffset="33-38" type="drug" text="drugs"/><entity id="DrugDDI.d95.s1.e1" origId="s1.p19" charOffset="52-60" type="drug" text="INAPSINE"/><pair id="DrugDDI.d95.s1.p0" e1="DrugDDI.d95.s1.e0" e2="DrugDDI.d95.s1.e1" interaction="true"/></sentence><sentence id="DrugDDI.d95.s2" origId="s2" text="Following the administration of INAPSINE, the dose of other CNS depressant drugs should be reduced."><entity id="DrugDDI.d95.s2.e0" origId="s2.p27" charOffset="32-40" type="drug" text="INAPSINE"/><entity id="DrugDDI.d95.s2.e1" origId="s2.p29" charOffset="60-80" type="drug" text="CNS depressant drugs"/><pair id="DrugDDI.d95.s2.p0" e1="DrugDDI.d95.s2.e0" e2="DrugDDI.d95.s2.e1" interaction="true"/></sentence></document>