<?xml version="1.0" encoding="UTF-8"?>
<document id="DrugDDI.d64" origId="Duloxetine"><sentence id="DrugDDI.d64.s0" origId="s0" text="Potential for Other Drugs to Affect Duloxetine: Both CYP1A2 and CYP2D6 are responsible for duloxetine metabolism."><entity id="DrugDDI.d64.s0.e0" origId="s0.p1" charOffset="20-25" type="drug" text="Drugs"/><entity id="DrugDDI.d64.s0.e1" origId="s0.p3" charOffset="36-46" type="drug" text="Duloxetine"/><entity id="DrugDDI.d64.s0.e2" origId="s0.p6" charOffset="53-59" type="drug" text="CYP1A2"/><entity id="DrugDDI.d64.s0.e3" origId="s0.p8" charOffset="64-70" type="drug" text="CYP2D6"/><entity id="DrugDDI.d64.s0.e4" origId="s0.p11" charOffset="91-101" type="drug" text="duloxetine"/><pair id="DrugDDI.d64.s0.p0" e1="DrugDDI.d64.s0.e0" e2="DrugDDI.d64.s0.e1" interaction="false"/><pair id="DrugDDI.d64.s0.p1" e1="DrugDDI.d64.s0.e0" e2="DrugDDI.d64.s0.e2" interaction="false"/><pair id="DrugDDI.d64.s0.p2" e1="DrugDDI.d64.s0.e0" e2="DrugDDI.d64.s0.e3" interaction="false"/><pair id="DrugDDI.d64.s0.p3" e1="DrugDDI.d64.s0.e0" e2="DrugDDI.d64.s0.e4" interaction="false"/><pair id="DrugDDI.d64.s0.p4" e1="DrugDDI.d64.s0.e1" e2="DrugDDI.d64.s0.e2" interaction="false"/><pair id="DrugDDI.d64.s0.p5" e1="DrugDDI.d64.s0.e1" e2="DrugDDI.d64.s0.e3" interaction="false"/><pair id="DrugDDI.d64.s0.p6" e1="DrugDDI.d64.s0.e1" e2="DrugDDI.d64.s0.e4" interaction="false"/><pair id="DrugDDI.d64.s0.p7" e1="DrugDDI.d64.s0.e2" e2="DrugDDI.d64.s0.e3" interaction="false"/><pair id="DrugDDI.d64.s0.p8" e1="DrugDDI.d64.s0.e2" e2="DrugDDI.d64.s0.e4" interaction="true"/><pair id="DrugDDI.d64.s0.p9" e1="DrugDDI.d64.s0.e3" e2="DrugDDI.d64.s0.e4" interaction="true"/></sentence><sentence id="DrugDDI.d64.s1" origId="s1" text="Inhibitors of CYP1A2: Concomitant use of duloxetine with fluvoxamine, an inhibitor of CYP1A2, results in approximately a 6-fold increase in AUC and about a 2.5-fold increase in Cmax of duloxetine."><entity id="DrugDDI.d64.s1.e0" origId="s1.p13" charOffset="14-20" type="drug" text="CYP1A2"/><entity id="DrugDDI.d64.s1.e1" origId="s1.p16" charOffset="41-51" type="drug" text="duloxetine"/><entity id="DrugDDI.d64.s1.e2" origId="s1.p17" charOffset="57-68" type="drug" text="fluvoxamine"/><entity id="DrugDDI.d64.s1.e3" origId="s1.p19" charOffset="86-92" type="drug" text="CYP1A2"/><entity id="DrugDDI.d64.s1.e4" origId="s1.p26" charOffset="185-195" type="drug" text="duloxetine"/><pair id="DrugDDI.d64.s1.p0" e1="DrugDDI.d64.s1.e0" e2="DrugDDI.d64.s1.e1" interaction="false"/><pair id="DrugDDI.d64.s1.p1" e1="DrugDDI.d64.s1.e0" e2="DrugDDI.d64.s1.e2" interaction="false"/><pair id="DrugDDI.d64.s1.p2" e1="DrugDDI.d64.s1.e0" e2="DrugDDI.d64.s1.e3" interaction="false"/><pair id="DrugDDI.d64.s1.p3" e1="DrugDDI.d64.s1.e0" e2="DrugDDI.d64.s1.e4" interaction="false"/><pair id="DrugDDI.d64.s1.p4" e1="DrugDDI.d64.s1.e1" e2="DrugDDI.d64.s1.e2" interaction="true"/><pair id="DrugDDI.d64.s1.p5" e1="DrugDDI.d64.s1.e1" e2="DrugDDI.d64.s1.e3" interaction="false"/><pair id="DrugDDI.d64.s1.p6" e1="DrugDDI.d64.s1.e1" e2="DrugDDI.d64.s1.e4" interaction="false"/><pair id="DrugDDI.d64.s1.p7" e1="DrugDDI.d64.s1.e2" e2="DrugDDI.d64.s1.e3" interaction="false"/><pair id="DrugDDI.d64.s1.p8" e1="DrugDDI.d64.s1.e2" e2="DrugDDI.d64.s1.e4" interaction="false"/><pair id="DrugDDI.d64.s1.p9" e1="DrugDDI.d64.s1.e3" e2="DrugDDI.d64.s1.e4" interaction="false"/></sentence><sentence id="DrugDDI.d64.s2" origId="s2" text="Some quinolone antibiotics would be expected to have similar effects and these combinations should be avoided."><entity id="DrugDDI.d64.s2.e0" origId="s2.p27" charOffset="5-25" type="drug" text="quinolone antibiotic"/></sentence><sentence id="DrugDDI.d64.s3" origId="s3" text="Inhibitors of CYP2D6: Because CYP2D6 is involved in duloxetine metabolism, concomitant use of duloxetine with potent inhibitors of CYP2D6 may result in higher concentrations of duloxetine."><entity id="DrugDDI.d64.s3.e0" origId="s3.p40" charOffset="14-20" type="drug" text="CYP2D6"/><entity id="DrugDDI.d64.s3.e1" origId="s3.p43" charOffset="30-36" type="drug" text="CYP2D6"/><entity id="DrugDDI.d64.s3.e2" origId="s3.p46" charOffset="52-62" type="drug" text="duloxetine"/><entity id="DrugDDI.d64.s3.e3" origId="s3.p48" charOffset="94-104" type="drug" text="duloxetine"/><entity id="DrugDDI.d64.s3.e4" origId="s3.p50" charOffset="131-137" type="drug" text="CYP2D6"/><entity id="DrugDDI.d64.s3.e5" origId="s3.p54" charOffset="177-187" type="drug" text="duloxetine"/><pair id="DrugDDI.d64.s3.p0" e1="DrugDDI.d64.s3.e0" e2="DrugDDI.d64.s3.e1" interaction="false"/><pair id="DrugDDI.d64.s3.p1" e1="DrugDDI.d64.s3.e0" e2="DrugDDI.d64.s3.e2" interaction="false"/><pair id="DrugDDI.d64.s3.p2" e1="DrugDDI.d64.s3.e0" e2="DrugDDI.d64.s3.e3" interaction="false"/><pair id="DrugDDI.d64.s3.p3" e1="DrugDDI.d64.s3.e0" e2="DrugDDI.d64.s3.e4" interaction="false"/><pair id="DrugDDI.d64.s3.p4" e1="DrugDDI.d64.s3.e0" e2="DrugDDI.d64.s3.e5" interaction="false"/><pair id="DrugDDI.d64.s3.p5" e1="DrugDDI.d64.s3.e1" e2="DrugDDI.d64.s3.e2" interaction="false"/><pair id="DrugDDI.d64.s3.p6" e1="DrugDDI.d64.s3.e1" e2="DrugDDI.d64.s3.e3" interaction="false"/><pair id="DrugDDI.d64.s3.p7" e1="DrugDDI.d64.s3.e1" e2="DrugDDI.d64.s3.e4" interaction="false"/><pair id="DrugDDI.d64.s3.p8" e1="DrugDDI.d64.s3.e1" e2="DrugDDI.d64.s3.e5" interaction="false"/><pair id="DrugDDI.d64.s3.p9" e1="DrugDDI.d64.s3.e2" e2="DrugDDI.d64.s3.e3" interaction="false"/><pair id="DrugDDI.d64.s3.p10" e1="DrugDDI.d64.s3.e2" e2="DrugDDI.d64.s3.e4" interaction="false"/><pair id="DrugDDI.d64.s3.p11" e1="DrugDDI.d64.s3.e2" e2="DrugDDI.d64.s3.e5" interaction="false"/><pair id="DrugDDI.d64.s3.p12" e1="DrugDDI.d64.s3.e3" e2="DrugDDI.d64.s3.e4" interaction="false"/><pair id="DrugDDI.d64.s3.p13" e1="DrugDDI.d64.s3.e3" e2="DrugDDI.d64.s3.e5" interaction="false"/><pair id="DrugDDI.d64.s3.p14" e1="DrugDDI.d64.s3.e4" e2="DrugDDI.d64.s3.e5" interaction="false"/></sentence><sentence id="DrugDDI.d64.s4" origId="s4" text="Paroxetine (20 mg QD) increased the concentration of duloxetine (40 mg QD) by about 60%, and greater degrees of inhibition are expected with higher doses of paroxetine."><entity id="DrugDDI.d64.s4.e0" origId="s4.p55" charOffset="0-10" type="drug" text="Paroxetine"/><entity id="DrugDDI.d64.s4.e1" origId="s4.p61" charOffset="53-63" type="drug" text="duloxetine"/><entity id="DrugDDI.d64.s4.e2" origId="s4.p72" charOffset="157-167" type="drug" text="paroxetine"/><pair id="DrugDDI.d64.s4.p0" e1="DrugDDI.d64.s4.e0" e2="DrugDDI.d64.s4.e1" interaction="true"/><pair id="DrugDDI.d64.s4.p1" e1="DrugDDI.d64.s4.e0" e2="DrugDDI.d64.s4.e2" interaction="false"/><pair id="DrugDDI.d64.s4.p2" e1="DrugDDI.d64.s4.e1" e2="DrugDDI.d64.s4.e2" interaction="false"/></sentence><sentence id="DrugDDI.d64.s5" origId="s5" text="Similar effects would be expected with other potent CYP2D6 inhibitors (e.g., fluoxetine, quinidine)."><entity id="DrugDDI.d64.s5.e0" origId="s5.p77" charOffset="52-58" type="drug" text="CYP2D6"/><entity id="DrugDDI.d64.s5.e1" origId="s5.p80" charOffset="77-87" type="drug" text="fluoxetine"/><entity id="DrugDDI.d64.s5.e2" origId="s5.p81" charOffset="89-98" type="drug" text="quinidine"/><pair id="DrugDDI.d64.s5.p0" e1="DrugDDI.d64.s5.e0" e2="DrugDDI.d64.s5.e1" interaction="false"/><pair id="DrugDDI.d64.s5.p1" e1="DrugDDI.d64.s5.e0" e2="DrugDDI.d64.s5.e2" interaction="false"/><pair id="DrugDDI.d64.s5.p2" e1="DrugDDI.d64.s5.e1" e2="DrugDDI.d64.s5.e2" interaction="false"/></sentence><sentence id="DrugDDI.d64.s6" origId="s6" text="Potential for Duloxetine to Affect Other Drugs: Drugs Metabolized by CYP1A2: In vitro drug interaction studies demonstrate that duloxetine does not induce CYP1A2 activity, and it is unlikely to have a clinically significant effect on the metabolism of CYP1A2 substrates."><entity id="DrugDDI.d64.s6.e0" origId="s6.p84" charOffset="14-24" type="drug" text="Duloxetine"/><entity id="DrugDDI.d64.s6.e1" origId="s6.p86" charOffset="41-46" type="drug" text="Drugs"/><entity id="DrugDDI.d64.s6.e2" origId="s6.p88" charOffset="48-53" type="drug" text="Drugs"/><entity id="DrugDDI.d64.s6.e3" origId="s6.p90" charOffset="69-75" type="drug" text="CYP1A2"/><entity id="DrugDDI.d64.s6.e4" origId="s6.p94" charOffset="128-138" type="drug" text="duloxetine"/><entity id="DrugDDI.d64.s6.e5" origId="s6.p98" charOffset="155-161" type="drug" text="CYP1A2"/><entity id="DrugDDI.d64.s6.e6" origId="s6.p106" charOffset="252-258" type="drug" text="CYP1A2"/><pair id="DrugDDI.d64.s6.p0" e1="DrugDDI.d64.s6.e0" e2="DrugDDI.d64.s6.e1" interaction="false"/><pair id="DrugDDI.d64.s6.p1" e1="DrugDDI.d64.s6.e0" e2="DrugDDI.d64.s6.e2" interaction="false"/><pair id="DrugDDI.d64.s6.p2" e1="DrugDDI.d64.s6.e0" e2="DrugDDI.d64.s6.e3" interaction="false"/><pair id="DrugDDI.d64.s6.p3" e1="DrugDDI.d64.s6.e0" e2="DrugDDI.d64.s6.e4" interaction="false"/><pair id="DrugDDI.d64.s6.p4" e1="DrugDDI.d64.s6.e0" e2="DrugDDI.d64.s6.e5" interaction="false"/><pair id="DrugDDI.d64.s6.p5" e1="DrugDDI.d64.s6.e0" e2="DrugDDI.d64.s6.e6" interaction="false"/><pair id="DrugDDI.d64.s6.p6" e1="DrugDDI.d64.s6.e1" e2="DrugDDI.d64.s6.e2" interaction="false"/><pair id="DrugDDI.d64.s6.p7" e1="DrugDDI.d64.s6.e1" e2="DrugDDI.d64.s6.e3" interaction="false"/><pair id="DrugDDI.d64.s6.p8" e1="DrugDDI.d64.s6.e1" e2="DrugDDI.d64.s6.e4" interaction="false"/><pair id="DrugDDI.d64.s6.p9" e1="DrugDDI.d64.s6.e1" e2="DrugDDI.d64.s6.e5" interaction="false"/><pair id="DrugDDI.d64.s6.p10" e1="DrugDDI.d64.s6.e1" e2="DrugDDI.d64.s6.e6" interaction="false"/><pair id="DrugDDI.d64.s6.p11" e1="DrugDDI.d64.s6.e2" e2="DrugDDI.d64.s6.e3" interaction="false"/><pair id="DrugDDI.d64.s6.p12" e1="DrugDDI.d64.s6.e2" e2="DrugDDI.d64.s6.e4" interaction="false"/><pair id="DrugDDI.d64.s6.p13" e1="DrugDDI.d64.s6.e2" e2="DrugDDI.d64.s6.e5" interaction="false"/><pair id="DrugDDI.d64.s6.p14" e1="DrugDDI.d64.s6.e2" e2="DrugDDI.d64.s6.e6" interaction="false"/><pair id="DrugDDI.d64.s6.p15" e1="DrugDDI.d64.s6.e3" e2="DrugDDI.d64.s6.e4" interaction="false"/><pair id="DrugDDI.d64.s6.p16" e1="DrugDDI.d64.s6.e3" e2="DrugDDI.d64.s6.e5" interaction="false"/><pair id="DrugDDI.d64.s6.p17" e1="DrugDDI.d64.s6.e3" e2="DrugDDI.d64.s6.e6" interaction="false"/><pair id="DrugDDI.d64.s6.p18" e1="DrugDDI.d64.s6.e4" e2="DrugDDI.d64.s6.e5" interaction="false"/><pair id="DrugDDI.d64.s6.p19" e1="DrugDDI.d64.s6.e4" e2="DrugDDI.d64.s6.e6" interaction="false"/><pair id="DrugDDI.d64.s6.p20" e1="DrugDDI.d64.s6.e5" e2="DrugDDI.d64.s6.e6" interaction="false"/></sentence><sentence id="DrugDDI.d64.s7" origId="s7" text="Drugs Metabolized by CYP2D6: Duloxetine is a moderate inhibitor of CYP2D6."><entity id="DrugDDI.d64.s7.e0" origId="s7.p107" charOffset="0-5" type="drug" text="Drugs"/><entity id="DrugDDI.d64.s7.e1" origId="s7.p109" charOffset="21-27" type="drug" text="CYP2D6"/><entity id="DrugDDI.d64.s7.e2" origId="s7.p111" charOffset="29-39" type="drug" text="Duloxetine"/><entity id="DrugDDI.d64.s7.e3" origId="s7.p114" charOffset="67-73" type="drug" text="CYP2D6"/><pair id="DrugDDI.d64.s7.p0" e1="DrugDDI.d64.s7.e0" e2="DrugDDI.d64.s7.e1" interaction="false"/><pair id="DrugDDI.d64.s7.p1" e1="DrugDDI.d64.s7.e0" e2="DrugDDI.d64.s7.e2" interaction="false"/><pair id="DrugDDI.d64.s7.p2" e1="DrugDDI.d64.s7.e0" e2="DrugDDI.d64.s7.e3" interaction="false"/><pair id="DrugDDI.d64.s7.p3" e1="DrugDDI.d64.s7.e1" e2="DrugDDI.d64.s7.e2" interaction="false"/><pair id="DrugDDI.d64.s7.p4" e1="DrugDDI.d64.s7.e1" e2="DrugDDI.d64.s7.e3" interaction="false"/><pair id="DrugDDI.d64.s7.p5" e1="DrugDDI.d64.s7.e2" e2="DrugDDI.d64.s7.e3" interaction="true"/></sentence><sentence id="DrugDDI.d64.s8" origId="s8" text="When duloxetine was administered (at a dose of 60 mg BID) in conjunction with a single 50-mg dose of desipramine, a CYP2D6 substrate, the AUC of desipramine increased 3-fold."><entity id="DrugDDI.d64.s8.e0" origId="s8.p116" charOffset="5-15" type="drug" text="duloxetine"/><entity id="DrugDDI.d64.s8.e1" origId="s8.p121" charOffset="53-56" type="drug" text="BID"/><entity id="DrugDDI.d64.s8.e2" origId="s8.p124" charOffset="101-112" type="drug" text="desipramine"/><entity id="DrugDDI.d64.s8.e3" origId="s8.p125" charOffset="116-122" type="drug" text="CYP2D6"/><entity id="DrugDDI.d64.s8.e4" origId="s8.p127" charOffset="145-156" type="drug" text="desipramine"/><pair id="DrugDDI.d64.s8.p0" e1="DrugDDI.d64.s8.e0" e2="DrugDDI.d64.s8.e1" interaction="false"/><pair id="DrugDDI.d64.s8.p1" e1="DrugDDI.d64.s8.e0" e2="DrugDDI.d64.s8.e2" interaction="true"/><pair id="DrugDDI.d64.s8.p2" e1="DrugDDI.d64.s8.e0" e2="DrugDDI.d64.s8.e3" interaction="false"/><pair id="DrugDDI.d64.s8.p3" e1="DrugDDI.d64.s8.e0" e2="DrugDDI.d64.s8.e4" interaction="false"/><pair id="DrugDDI.d64.s8.p4" e1="DrugDDI.d64.s8.e1" e2="DrugDDI.d64.s8.e2" interaction="false"/><pair id="DrugDDI.d64.s8.p5" e1="DrugDDI.d64.s8.e1" e2="DrugDDI.d64.s8.e3" interaction="false"/><pair id="DrugDDI.d64.s8.p6" e1="DrugDDI.d64.s8.e1" e2="DrugDDI.d64.s8.e4" interaction="false"/><pair id="DrugDDI.d64.s8.p7" e1="DrugDDI.d64.s8.e2" e2="DrugDDI.d64.s8.e3" interaction="false"/><pair id="DrugDDI.d64.s8.p8" e1="DrugDDI.d64.s8.e2" e2="DrugDDI.d64.s8.e4" interaction="false"/><pair id="DrugDDI.d64.s8.p9" e1="DrugDDI.d64.s8.e3" e2="DrugDDI.d64.s8.e4" interaction="false"/></sentence><sentence id="DrugDDI.d64.s9" origId="s9" text="Therefore, co-administration of Duloxetine with other drugs that are extensively metabolized by this isozyme and which have a narrow therapeutic index, including certain antidepressants (tricyclic antidepressants [TCAs], such as nortriptyline, amitriptyline, and imipramine), phenothiazines and Type 1C antiarrhythmics (e.g., propafenone, flecainide), should be approached with caution."><entity id="DrugDDI.d64.s9.e0" origId="s9.p132" charOffset="32-42" type="drug" text="Duloxetine"/><entity id="DrugDDI.d64.s9.e1" origId="s9.p133" charOffset="54-59" type="drug" text="drugs"/><entity id="DrugDDI.d64.s9.e2" origId="s9.p138" charOffset="101-108" type="drug" text="isozyme"/><entity id="DrugDDI.d64.s9.e3" origId="s9.p144" charOffset="170-185" type="drug" text="antidepressants"/><entity id="DrugDDI.d64.s9.e4" origId="s9.p146" charOffset="187-212" type="drug" text="tricyclic antidepressants"/><entity id="DrugDDI.d64.s9.e5" origId="s9.p147" charOffset="229-242" type="drug" text="nortriptyline"/><entity id="DrugDDI.d64.s9.e6" origId="s9.p148" charOffset="244-257" type="drug" text="amitriptyline"/><entity id="DrugDDI.d64.s9.e7" origId="s9.p150" charOffset="263-273" type="drug" text="imipramine"/><entity id="DrugDDI.d64.s9.e8" origId="s9.p153" charOffset="276-290" type="drug" text="phenothiazines"/><entity id="DrugDDI.d64.s9.e9" origId="s9.p155" charOffset="303-318" type="drug" text="antiarrhythmics"/><entity id="DrugDDI.d64.s9.e10" origId="s9.p158" charOffset="326-337" type="drug" text="propafenone"/><entity id="DrugDDI.d64.s9.e11" origId="s9.p159" charOffset="339-349" type="drug" text="flecainide"/><pair id="DrugDDI.d64.s9.p0" e1="DrugDDI.d64.s9.e0" e2="DrugDDI.d64.s9.e1" interaction="true"/><pair id="DrugDDI.d64.s9.p1" e1="DrugDDI.d64.s9.e0" e2="DrugDDI.d64.s9.e2" interaction="false"/><pair id="DrugDDI.d64.s9.p2" e1="DrugDDI.d64.s9.e0" e2="DrugDDI.d64.s9.e3" interaction="true"/><pair id="DrugDDI.d64.s9.p3" e1="DrugDDI.d64.s9.e0" e2="DrugDDI.d64.s9.e4" interaction="true"/><pair id="DrugDDI.d64.s9.p4" e1="DrugDDI.d64.s9.e0" e2="DrugDDI.d64.s9.e5" interaction="true"/><pair id="DrugDDI.d64.s9.p5" e1="DrugDDI.d64.s9.e0" e2="DrugDDI.d64.s9.e6" interaction="true"/><pair id="DrugDDI.d64.s9.p6" e1="DrugDDI.d64.s9.e0" e2="DrugDDI.d64.s9.e7" interaction="true"/><pair id="DrugDDI.d64.s9.p7" e1="DrugDDI.d64.s9.e0" e2="DrugDDI.d64.s9.e8" interaction="true"/><pair id="DrugDDI.d64.s9.p8" e1="DrugDDI.d64.s9.e0" e2="DrugDDI.d64.s9.e9" interaction="true"/><pair id="DrugDDI.d64.s9.p9" e1="DrugDDI.d64.s9.e0" e2="DrugDDI.d64.s9.e10" interaction="true"/><pair id="DrugDDI.d64.s9.p10" e1="DrugDDI.d64.s9.e0" e2="DrugDDI.d64.s9.e11" interaction="true"/><pair id="DrugDDI.d64.s9.p11" e1="DrugDDI.d64.s9.e1" e2="DrugDDI.d64.s9.e2" interaction="false"/><pair id="DrugDDI.d64.s9.p12" e1="DrugDDI.d64.s9.e1" e2="DrugDDI.d64.s9.e3" interaction="false"/><pair id="DrugDDI.d64.s9.p13" e1="DrugDDI.d64.s9.e1" e2="DrugDDI.d64.s9.e4" interaction="false"/><pair id="DrugDDI.d64.s9.p14" e1="DrugDDI.d64.s9.e1" e2="DrugDDI.d64.s9.e5" interaction="false"/><pair id="DrugDDI.d64.s9.p15" e1="DrugDDI.d64.s9.e1" e2="DrugDDI.d64.s9.e6" interaction="false"/><pair id="DrugDDI.d64.s9.p16" e1="DrugDDI.d64.s9.e1" e2="DrugDDI.d64.s9.e7" interaction="false"/><pair id="DrugDDI.d64.s9.p17" e1="DrugDDI.d64.s9.e1" e2="DrugDDI.d64.s9.e8" interaction="false"/><pair id="DrugDDI.d64.s9.p18" e1="DrugDDI.d64.s9.e1" e2="DrugDDI.d64.s9.e9" interaction="false"/><pair id="DrugDDI.d64.s9.p19" e1="DrugDDI.d64.s9.e1" e2="DrugDDI.d64.s9.e10" interaction="false"/><pair id="DrugDDI.d64.s9.p20" e1="DrugDDI.d64.s9.e1" e2="DrugDDI.d64.s9.e11" interaction="false"/><pair id="DrugDDI.d64.s9.p21" e1="DrugDDI.d64.s9.e2" e2="DrugDDI.d64.s9.e3" interaction="false"/><pair id="DrugDDI.d64.s9.p22" e1="DrugDDI.d64.s9.e2" e2="DrugDDI.d64.s9.e4" interaction="false"/><pair id="DrugDDI.d64.s9.p23" e1="DrugDDI.d64.s9.e2" e2="DrugDDI.d64.s9.e5" interaction="false"/><pair id="DrugDDI.d64.s9.p24" e1="DrugDDI.d64.s9.e2" e2="DrugDDI.d64.s9.e6" interaction="false"/><pair id="DrugDDI.d64.s9.p25" e1="DrugDDI.d64.s9.e2" e2="DrugDDI.d64.s9.e7" interaction="false"/><pair id="DrugDDI.d64.s9.p26" e1="DrugDDI.d64.s9.e2" e2="DrugDDI.d64.s9.e8" interaction="false"/><pair id="DrugDDI.d64.s9.p27" e1="DrugDDI.d64.s9.e2" e2="DrugDDI.d64.s9.e9" interaction="false"/><pair id="DrugDDI.d64.s9.p28" e1="DrugDDI.d64.s9.e2" e2="DrugDDI.d64.s9.e10" interaction="false"/><pair id="DrugDDI.d64.s9.p29" e1="DrugDDI.d64.s9.e2" e2="DrugDDI.d64.s9.e11" interaction="false"/><pair id="DrugDDI.d64.s9.p30" e1="DrugDDI.d64.s9.e3" e2="DrugDDI.d64.s9.e4" interaction="false"/><pair id="DrugDDI.d64.s9.p31" e1="DrugDDI.d64.s9.e3" e2="DrugDDI.d64.s9.e5" interaction="false"/><pair id="DrugDDI.d64.s9.p32" e1="DrugDDI.d64.s9.e3" e2="DrugDDI.d64.s9.e6" interaction="false"/><pair id="DrugDDI.d64.s9.p33" e1="DrugDDI.d64.s9.e3" e2="DrugDDI.d64.s9.e7" interaction="false"/><pair id="DrugDDI.d64.s9.p34" e1="DrugDDI.d64.s9.e3" e2="DrugDDI.d64.s9.e8" interaction="false"/><pair id="DrugDDI.d64.s9.p35" e1="DrugDDI.d64.s9.e3" e2="DrugDDI.d64.s9.e9" interaction="false"/><pair id="DrugDDI.d64.s9.p36" e1="DrugDDI.d64.s9.e3" e2="DrugDDI.d64.s9.e10" interaction="false"/><pair id="DrugDDI.d64.s9.p37" e1="DrugDDI.d64.s9.e3" e2="DrugDDI.d64.s9.e11" interaction="false"/><pair id="DrugDDI.d64.s9.p38" e1="DrugDDI.d64.s9.e4" e2="DrugDDI.d64.s9.e5" interaction="false"/><pair id="DrugDDI.d64.s9.p39" e1="DrugDDI.d64.s9.e4" e2="DrugDDI.d64.s9.e6" interaction="false"/><pair id="DrugDDI.d64.s9.p40" e1="DrugDDI.d64.s9.e4" e2="DrugDDI.d64.s9.e7" interaction="false"/><pair id="DrugDDI.d64.s9.p41" e1="DrugDDI.d64.s9.e4" e2="DrugDDI.d64.s9.e8" interaction="false"/><pair id="DrugDDI.d64.s9.p42" e1="DrugDDI.d64.s9.e4" e2="DrugDDI.d64.s9.e9" interaction="false"/><pair id="DrugDDI.d64.s9.p43" e1="DrugDDI.d64.s9.e4" e2="DrugDDI.d64.s9.e10" interaction="false"/><pair id="DrugDDI.d64.s9.p44" e1="DrugDDI.d64.s9.e4" e2="DrugDDI.d64.s9.e11" interaction="false"/><pair id="DrugDDI.d64.s9.p45" e1="DrugDDI.d64.s9.e5" e2="DrugDDI.d64.s9.e6" interaction="false"/><pair id="DrugDDI.d64.s9.p46" e1="DrugDDI.d64.s9.e5" e2="DrugDDI.d64.s9.e7" interaction="false"/><pair id="DrugDDI.d64.s9.p47" e1="DrugDDI.d64.s9.e5" e2="DrugDDI.d64.s9.e8" interaction="false"/><pair id="DrugDDI.d64.s9.p48" e1="DrugDDI.d64.s9.e5" e2="DrugDDI.d64.s9.e9" interaction="false"/><pair id="DrugDDI.d64.s9.p49" e1="DrugDDI.d64.s9.e5" e2="DrugDDI.d64.s9.e10" interaction="false"/><pair id="DrugDDI.d64.s9.p50" e1="DrugDDI.d64.s9.e5" e2="DrugDDI.d64.s9.e11" interaction="false"/><pair id="DrugDDI.d64.s9.p51" e1="DrugDDI.d64.s9.e6" e2="DrugDDI.d64.s9.e7" interaction="false"/><pair id="DrugDDI.d64.s9.p52" e1="DrugDDI.d64.s9.e6" e2="DrugDDI.d64.s9.e8" interaction="false"/><pair id="DrugDDI.d64.s9.p53" e1="DrugDDI.d64.s9.e6" e2="DrugDDI.d64.s9.e9" interaction="false"/><pair id="DrugDDI.d64.s9.p54" e1="DrugDDI.d64.s9.e6" e2="DrugDDI.d64.s9.e10" interaction="false"/><pair id="DrugDDI.d64.s9.p55" e1="DrugDDI.d64.s9.e6" e2="DrugDDI.d64.s9.e11" interaction="false"/><pair id="DrugDDI.d64.s9.p56" e1="DrugDDI.d64.s9.e7" e2="DrugDDI.d64.s9.e8" interaction="false"/><pair id="DrugDDI.d64.s9.p57" e1="DrugDDI.d64.s9.e7" e2="DrugDDI.d64.s9.e9" interaction="false"/><pair id="DrugDDI.d64.s9.p58" e1="DrugDDI.d64.s9.e7" e2="DrugDDI.d64.s9.e10" interaction="false"/><pair id="DrugDDI.d64.s9.p59" e1="DrugDDI.d64.s9.e7" e2="DrugDDI.d64.s9.e11" interaction="false"/><pair id="DrugDDI.d64.s9.p60" e1="DrugDDI.d64.s9.e8" e2="DrugDDI.d64.s9.e9" interaction="false"/><pair id="DrugDDI.d64.s9.p61" e1="DrugDDI.d64.s9.e8" e2="DrugDDI.d64.s9.e10" interaction="false"/><pair id="DrugDDI.d64.s9.p62" e1="DrugDDI.d64.s9.e8" e2="DrugDDI.d64.s9.e11" interaction="false"/><pair id="DrugDDI.d64.s9.p63" e1="DrugDDI.d64.s9.e9" e2="DrugDDI.d64.s9.e10" interaction="false"/><pair id="DrugDDI.d64.s9.p64" e1="DrugDDI.d64.s9.e9" e2="DrugDDI.d64.s9.e11" interaction="false"/><pair id="DrugDDI.d64.s9.p65" e1="DrugDDI.d64.s9.e10" e2="DrugDDI.d64.s9.e11" interaction="false"/></sentence><sentence id="DrugDDI.d64.s10" origId="s10" text="Plasma TCA concentrations may need to be monitored and the dose of the TCA may need to be reduced if a TCA is co-administered with Duloxetine."><entity id="DrugDDI.d64.s10.e0" origId="s10.p183" charOffset="131-141" type="drug" text="Duloxetine"/></sentence><sentence id="DrugDDI.d64.s11" origId="s11" text="Because of the risk of serious ventricular arrhythmias and sudden death potentially associated with elevated plasma levels of thioridazine, Duloxetine and thioridazine should not be co-administered."><entity id="DrugDDI.d64.s11.e0" origId="s11.p190" charOffset="126-138" type="drug" text="thioridazine"/><entity id="DrugDDI.d64.s11.e1" origId="s11.p191" charOffset="140-150" type="drug" text="Duloxetine"/><entity id="DrugDDI.d64.s11.e2" origId="s11.p193" charOffset="155-167" type="drug" text="thioridazine"/><pair id="DrugDDI.d64.s11.p0" e1="DrugDDI.d64.s11.e0" e2="DrugDDI.d64.s11.e1" interaction="false"/><pair id="DrugDDI.d64.s11.p1" e1="DrugDDI.d64.s11.e0" e2="DrugDDI.d64.s11.e2" interaction="false"/><pair id="DrugDDI.d64.s11.p2" e1="DrugDDI.d64.s11.e1" e2="DrugDDI.d64.s11.e2" interaction="true"/></sentence><sentence id="DrugDDI.d64.s12" origId="s12" text="Drugs Metabolized by CYP3A: Results of in vitro studies demonstrate that duloxetine does not inhibit or induce CYP3A activity."><entity id="DrugDDI.d64.s12.e0" origId="s12.p198" charOffset="0-5" type="drug" text="Drugs"/><entity id="DrugDDI.d64.s12.e1" origId="s12.p200" charOffset="21-26" type="drug" text="CYP3A"/><entity id="DrugDDI.d64.s12.e2" origId="s12.p205" charOffset="73-83" type="drug" text="duloxetine"/><entity id="DrugDDI.d64.s12.e3" origId="s12.p211" charOffset="111-116" type="drug" text="CYP3A"/><pair id="DrugDDI.d64.s12.p0" e1="DrugDDI.d64.s12.e0" e2="DrugDDI.d64.s12.e1" interaction="false"/><pair id="DrugDDI.d64.s12.p1" e1="DrugDDI.d64.s12.e0" e2="DrugDDI.d64.s12.e2" interaction="false"/><pair id="DrugDDI.d64.s12.p2" e1="DrugDDI.d64.s12.e0" e2="DrugDDI.d64.s12.e3" interaction="false"/><pair id="DrugDDI.d64.s12.p3" e1="DrugDDI.d64.s12.e1" e2="DrugDDI.d64.s12.e2" interaction="false"/><pair id="DrugDDI.d64.s12.p4" e1="DrugDDI.d64.s12.e1" e2="DrugDDI.d64.s12.e3" interaction="false"/><pair id="DrugDDI.d64.s12.p5" e1="DrugDDI.d64.s12.e2" e2="DrugDDI.d64.s12.e3" interaction="false"/></sentence><sentence id="DrugDDI.d64.s13" origId="s13" text="Duloxetine May Have a Clinically Important Interaction with the Following Other Drugs: Alcohol: When Duloxetine and ethanol were administered several hours apart so that peak concentrations of each would coincide, Duloxetine did not increase the impairment of mental and motor skills caused by alcohol."><entity id="DrugDDI.d64.s13.e0" origId="s13.p212" charOffset="0-10" type="drug" text="Duloxetine"/><entity id="DrugDDI.d64.s13.e1" origId="s13.p215" charOffset="80-85" type="drug" text="Drugs"/><entity id="DrugDDI.d64.s13.e2" origId="s13.p217" charOffset="87-94" type="drug" text="Alcohol"/><entity id="DrugDDI.d64.s13.e3" origId="s13.p220" charOffset="101-111" type="drug" text="Duloxetine"/><entity id="DrugDDI.d64.s13.e4" origId="s13.p222" charOffset="116-123" type="drug" text="ethanol"/><entity id="DrugDDI.d64.s13.e5" origId="s13.p231" charOffset="214-224" type="drug" text="Duloxetine"/><entity id="DrugDDI.d64.s13.e6" origId="s13.p240" charOffset="294-301" type="drug" text="alcohol"/><pair id="DrugDDI.d64.s13.p0" e1="DrugDDI.d64.s13.e0" e2="DrugDDI.d64.s13.e1" interaction="true"/><pair id="DrugDDI.d64.s13.p1" e1="DrugDDI.d64.s13.e0" e2="DrugDDI.d64.s13.e2" interaction="false"/><pair id="DrugDDI.d64.s13.p2" e1="DrugDDI.d64.s13.e0" e2="DrugDDI.d64.s13.e3" interaction="false"/><pair id="DrugDDI.d64.s13.p3" e1="DrugDDI.d64.s13.e0" e2="DrugDDI.d64.s13.e4" interaction="false"/><pair id="DrugDDI.d64.s13.p4" e1="DrugDDI.d64.s13.e0" e2="DrugDDI.d64.s13.e5" interaction="false"/><pair id="DrugDDI.d64.s13.p5" e1="DrugDDI.d64.s13.e0" e2="DrugDDI.d64.s13.e6" interaction="false"/><pair id="DrugDDI.d64.s13.p6" e1="DrugDDI.d64.s13.e1" e2="DrugDDI.d64.s13.e2" interaction="false"/><pair id="DrugDDI.d64.s13.p7" e1="DrugDDI.d64.s13.e1" e2="DrugDDI.d64.s13.e3" interaction="false"/><pair id="DrugDDI.d64.s13.p8" e1="DrugDDI.d64.s13.e1" e2="DrugDDI.d64.s13.e4" interaction="false"/><pair id="DrugDDI.d64.s13.p9" e1="DrugDDI.d64.s13.e1" e2="DrugDDI.d64.s13.e5" interaction="false"/><pair id="DrugDDI.d64.s13.p10" e1="DrugDDI.d64.s13.e1" e2="DrugDDI.d64.s13.e6" interaction="false"/><pair id="DrugDDI.d64.s13.p11" e1="DrugDDI.d64.s13.e2" e2="DrugDDI.d64.s13.e3" interaction="false"/><pair id="DrugDDI.d64.s13.p12" e1="DrugDDI.d64.s13.e2" e2="DrugDDI.d64.s13.e4" interaction="false"/><pair id="DrugDDI.d64.s13.p13" e1="DrugDDI.d64.s13.e2" e2="DrugDDI.d64.s13.e5" interaction="false"/><pair id="DrugDDI.d64.s13.p14" e1="DrugDDI.d64.s13.e2" e2="DrugDDI.d64.s13.e6" interaction="false"/><pair id="DrugDDI.d64.s13.p15" e1="DrugDDI.d64.s13.e3" e2="DrugDDI.d64.s13.e4" interaction="false"/><pair id="DrugDDI.d64.s13.p16" e1="DrugDDI.d64.s13.e3" e2="DrugDDI.d64.s13.e5" interaction="false"/><pair id="DrugDDI.d64.s13.p17" e1="DrugDDI.d64.s13.e3" e2="DrugDDI.d64.s13.e6" interaction="false"/><pair id="DrugDDI.d64.s13.p18" e1="DrugDDI.d64.s13.e4" e2="DrugDDI.d64.s13.e5" interaction="false"/><pair id="DrugDDI.d64.s13.p19" e1="DrugDDI.d64.s13.e4" e2="DrugDDI.d64.s13.e6" interaction="false"/><pair id="DrugDDI.d64.s13.p20" e1="DrugDDI.d64.s13.e5" e2="DrugDDI.d64.s13.e6" interaction="false"/></sentence><sentence id="DrugDDI.d64.s14" origId="s14" text="In the Duloxetine clinical trials database, three Duloxetine-treated patients had liver injury as manifested by ALT and total bilirubin elevations, with evidence of obstruction."><entity id="DrugDDI.d64.s14.e0" origId="s14.p241" charOffset="7-17" type="drug" text="Duloxetine"/><entity id="DrugDDI.d64.s14.e1" origId="s14.p242" charOffset="50-60" type="drug" text="Duloxetine"/><entity id="DrugDDI.d64.s14.e2" origId="s14.p249" charOffset="120-135" type="drug" text="total bilirubin"/><pair id="DrugDDI.d64.s14.p0" e1="DrugDDI.d64.s14.e0" e2="DrugDDI.d64.s14.e1" interaction="false"/><pair id="DrugDDI.d64.s14.p1" e1="DrugDDI.d64.s14.e0" e2="DrugDDI.d64.s14.e2" interaction="false"/><pair id="DrugDDI.d64.s14.p2" e1="DrugDDI.d64.s14.e1" e2="DrugDDI.d64.s14.e2" interaction="false"/></sentence><sentence id="DrugDDI.d64.s15" origId="s15" text="Substantial intercurrent ethanol use was present in each of these cases, and this may have contributed to the abnormalities seen."><entity id="DrugDDI.d64.s15.e0" origId="s15.p252" charOffset="25-32" type="drug" text="ethanol"/></sentence><sentence id="DrugDDI.d64.s16" origId="s16" text="CNS Acting Drugs: Given the primary CNS effects of Duloxetine, it should be used with caution when it is taken in combination with or substituted for other centrally acting drugs, including those with a similar mechanism of action."><entity id="DrugDDI.d64.s16.e0" origId="s16.p264" charOffset="0-16" type="drug" text="cns acting drugs"/><entity id="DrugDDI.d64.s16.e1" origId="s16.p268" charOffset="51-61" type="drug" text="Duloxetine"/><entity id="DrugDDI.d64.s16.e2" origId="s16.p282" charOffset="156-178" type="drug" text="centrally acting drugs"/><pair id="DrugDDI.d64.s16.p0" e1="DrugDDI.d64.s16.e0" e2="DrugDDI.d64.s16.e1" interaction="false"/><pair id="DrugDDI.d64.s16.p1" e1="DrugDDI.d64.s16.e0" e2="DrugDDI.d64.s16.e2" interaction="false"/><pair id="DrugDDI.d64.s16.p2" e1="DrugDDI.d64.s16.e1" e2="DrugDDI.d64.s16.e2" interaction="false"/></sentence><sentence id="DrugDDI.d64.s17" origId="s17" text="Potential for Interaction with Drugs that Affect Gastric Acidity: Duloxetine has an enteric coating that resists dissolution until reaching a segment of the gastrointestinal tract where the pH exceeds 5.5."><entity id="DrugDDI.d64.s17.e0" origId="s17.p288" charOffset="31-36" type="drug" text="Drugs"/><entity id="DrugDDI.d64.s17.e1" origId="s17.p293" charOffset="66-76" type="drug" text="Duloxetine"/><pair id="DrugDDI.d64.s17.p0" e1="DrugDDI.d64.s17.e0" e2="DrugDDI.d64.s17.e1" interaction="false"/></sentence><sentence id="DrugDDI.d64.s18" origId="s18" text="In extremely acidic conditions, Duloxetine, unprotected by the enteric coating, may undergo hydrolysis to form naphthol."><entity id="DrugDDI.d64.s18.e0" origId="s18.p304" charOffset="32-42" type="drug" text="Duloxetine"/></sentence><sentence id="DrugDDI.d64.s19" origId="s19" text="Caution is advised in using Duloxetine in patients with conditions that may slow gastric emptying (e.g., some diabetics)."><entity id="DrugDDI.d64.s19.e0" origId="s19.p317" charOffset="28-38" type="drug" text="Duloxetine"/></sentence><sentence id="DrugDDI.d64.s20" origId="s20" text="Drugs that raise the gastrointestinal pH may lead to an earlier release of duloxetine."><entity id="DrugDDI.d64.s20.e0" origId="s20.p327" charOffset="0-5" type="drug" text="Drugs"/><entity id="DrugDDI.d64.s20.e1" origId="s20.p334" charOffset="75-85" type="drug" text="duloxetine"/><pair id="DrugDDI.d64.s20.p0" e1="DrugDDI.d64.s20.e0" e2="DrugDDI.d64.s20.e1" interaction="true"/></sentence><sentence id="DrugDDI.d64.s21" origId="s21" text="However, co-administration of Duloxetine with aluminum- and magnesium-containing antacids (51 mEq) or Duloxetine with famotidine, had no significant effect on the rate or extent of duloxetine absorption after administration of a 40-mg oral dose."><entity id="DrugDDI.d64.s21.e0" origId="s21.p337" charOffset="30-40" type="drug" text="Duloxetine"/><entity id="DrugDDI.d64.s21.e1" origId="s21.p340" charOffset="60-89" type="drug" text="magnesium-containing antacids"/><entity id="DrugDDI.d64.s21.e2" origId="s21.p345" charOffset="102-112" type="drug" text="Duloxetine"/><entity id="DrugDDI.d64.s21.e3" origId="s21.p346" charOffset="118-128" type="drug" text="famotidine"/><entity id="DrugDDI.d64.s21.e4" origId="s21.p352" charOffset="181-191" type="drug" text="duloxetine"/><pair id="DrugDDI.d64.s21.p0" e1="DrugDDI.d64.s21.e0" e2="DrugDDI.d64.s21.e1" interaction="false"/><pair id="DrugDDI.d64.s21.p1" e1="DrugDDI.d64.s21.e0" e2="DrugDDI.d64.s21.e2" interaction="false"/><pair id="DrugDDI.d64.s21.p2" e1="DrugDDI.d64.s21.e0" e2="DrugDDI.d64.s21.e3" interaction="false"/><pair id="DrugDDI.d64.s21.p3" e1="DrugDDI.d64.s21.e0" e2="DrugDDI.d64.s21.e4" interaction="false"/><pair id="DrugDDI.d64.s21.p4" e1="DrugDDI.d64.s21.e1" e2="DrugDDI.d64.s21.e2" interaction="false"/><pair id="DrugDDI.d64.s21.p5" e1="DrugDDI.d64.s21.e1" e2="DrugDDI.d64.s21.e3" interaction="false"/><pair id="DrugDDI.d64.s21.p6" e1="DrugDDI.d64.s21.e1" e2="DrugDDI.d64.s21.e4" interaction="false"/><pair id="DrugDDI.d64.s21.p7" e1="DrugDDI.d64.s21.e2" e2="DrugDDI.d64.s21.e3" interaction="false"/><pair id="DrugDDI.d64.s21.p8" e1="DrugDDI.d64.s21.e2" e2="DrugDDI.d64.s21.e4" interaction="false"/><pair id="DrugDDI.d64.s21.p9" e1="DrugDDI.d64.s21.e3" e2="DrugDDI.d64.s21.e4" interaction="false"/></sentence><sentence id="DrugDDI.d64.s22" origId="s22" text="It is unknown whether the concomitant administration of proton pump inhibitors affects duloxetine absorption."><entity id="DrugDDI.d64.s22.e0" origId="s22.p359" charOffset="56-78" type="drug" text="proton pump inhibitors"/><entity id="DrugDDI.d64.s22.e1" origId="s22.p361" charOffset="87-97" type="drug" text="duloxetine"/><pair id="DrugDDI.d64.s22.p0" e1="DrugDDI.d64.s22.e0" e2="DrugDDI.d64.s22.e1" interaction="false"/></sentence></document>