<?xml version="1.0" encoding="UTF-8"?>
<document id="DrugDDI.d329" origId="Dyphylline"><sentence id="DrugDDI.d329.s0" origId="s0" text="Synergism between xanthine bronchodilators (e.g., theophylline), ephedrine, and other sympathomimetic bronchodilators has been reported."><entity id="DrugDDI.d329.s0.e0" origId="s0.p1" charOffset="18-42" type="drug" text="xanthine bronchodilators"/><entity id="DrugDDI.d329.s0.e1" origId="s0.p4" charOffset="50-62" type="drug" text="theophylline"/><entity id="DrugDDI.d329.s0.e2" origId="s0.p7" charOffset="65-74" type="drug" text="ephedrine"/><entity id="DrugDDI.d329.s0.e3" origId="s0.p9" charOffset="86-118" type="drug" text="sympathomimetic bronchodilators"/><pair id="DrugDDI.d329.s0.p0" e1="DrugDDI.d329.s0.e0" e2="DrugDDI.d329.s0.e1" interaction="false"/><pair id="DrugDDI.d329.s0.p1" e1="DrugDDI.d329.s0.e0" e2="DrugDDI.d329.s0.e2" interaction="false"/><pair id="DrugDDI.d329.s0.p2" e1="DrugDDI.d329.s0.e0" e2="DrugDDI.d329.s0.e3" interaction="true"/><pair id="DrugDDI.d329.s0.p3" e1="DrugDDI.d329.s0.e1" e2="DrugDDI.d329.s0.e2" interaction="false"/><pair id="DrugDDI.d329.s0.p4" e1="DrugDDI.d329.s0.e1" e2="DrugDDI.d329.s0.e3" interaction="true"/><pair id="DrugDDI.d329.s0.p5" e1="DrugDDI.d329.s0.e2" e2="DrugDDI.d329.s0.e3" interaction="true"/></sentence><sentence id="DrugDDI.d329.s1" origId="s1" text="This should be considered whenever these agents are prescribed concomitantly."/><sentence id="DrugDDI.d329.s2" origId="s2" text="Concurrent administration of dyphylline and probenecid, which competes for tubular secretion, has been shown to increase the plasma half-life of dyphylline ."><entity id="DrugDDI.d329.s2.e0" origId="s2.p23" charOffset="29-40" type="drug" text="dyphylline"/><entity id="DrugDDI.d329.s2.e1" origId="s2.p25" charOffset="44-54" type="drug" text="probenecid"/><entity id="DrugDDI.d329.s2.e2" origId="s2.p27" charOffset="62-69" type="drug" text="compete"/><entity id="DrugDDI.d329.s2.e3" origId="s2.p35" charOffset="145-156" type="drug" text="dyphylline"/><pair id="DrugDDI.d329.s2.p0" e1="DrugDDI.d329.s2.e0" e2="DrugDDI.d329.s2.e1" interaction="true"/><pair id="DrugDDI.d329.s2.p1" e1="DrugDDI.d329.s2.e0" e2="DrugDDI.d329.s2.e2" interaction="false"/><pair id="DrugDDI.d329.s2.p2" e1="DrugDDI.d329.s2.e0" e2="DrugDDI.d329.s2.e3" interaction="false"/><pair id="DrugDDI.d329.s2.p3" e1="DrugDDI.d329.s2.e1" e2="DrugDDI.d329.s2.e2" interaction="false"/><pair id="DrugDDI.d329.s2.p4" e1="DrugDDI.d329.s2.e1" e2="DrugDDI.d329.s2.e3" interaction="false"/><pair id="DrugDDI.d329.s2.p5" e1="DrugDDI.d329.s2.e2" e2="DrugDDI.d329.s2.e3" interaction="false"/></sentence></document>