<?xml version="1.0" encoding="UTF-8"?>
<document id="DrugDDI.d191" origId="Echothiophate Iodide"><sentence id="DrugDDI.d191.s0" origId="s0" text="Phospholine Iodide potentiates other cholinesterase inhibitors such as succinylcholine or organophosphate and carbamate insecticides."><entity id="DrugDDI.d191.s0.e0" origId="s0.p0" charOffset="0-18" type="drug" text="Phospholine Iodide"/><entity id="DrugDDI.d191.s0.e1" origId="s0.p2" charOffset="37-62" type="drug" text="cholinesterase inhibitors"/><entity id="DrugDDI.d191.s0.e2" origId="s0.p3" charOffset="71-86" type="drug" text="succinylcholine"/><entity id="DrugDDI.d191.s0.e3" origId="s0.p5" charOffset="90-105" type="drug" text="organophosphate"/><entity id="DrugDDI.d191.s0.e4" origId="s0.p7" charOffset="110-131" type="drug" text="carbamate insecticide"/><pair id="DrugDDI.d191.s0.p0" e1="DrugDDI.d191.s0.e0" e2="DrugDDI.d191.s0.e1" interaction="true"/><pair id="DrugDDI.d191.s0.p1" e1="DrugDDI.d191.s0.e0" e2="DrugDDI.d191.s0.e2" interaction="true"/><pair id="DrugDDI.d191.s0.p2" e1="DrugDDI.d191.s0.e0" e2="DrugDDI.d191.s0.e3" interaction="true"/><pair id="DrugDDI.d191.s0.p3" e1="DrugDDI.d191.s0.e0" e2="DrugDDI.d191.s0.e4" interaction="true"/><pair id="DrugDDI.d191.s0.p4" e1="DrugDDI.d191.s0.e1" e2="DrugDDI.d191.s0.e2" interaction="false"/><pair id="DrugDDI.d191.s0.p5" e1="DrugDDI.d191.s0.e1" e2="DrugDDI.d191.s0.e3" interaction="false"/><pair id="DrugDDI.d191.s0.p6" e1="DrugDDI.d191.s0.e1" e2="DrugDDI.d191.s0.e4" interaction="false"/><pair id="DrugDDI.d191.s0.p7" e1="DrugDDI.d191.s0.e2" e2="DrugDDI.d191.s0.e3" interaction="false"/><pair id="DrugDDI.d191.s0.p8" e1="DrugDDI.d191.s0.e2" e2="DrugDDI.d191.s0.e4" interaction="false"/><pair id="DrugDDI.d191.s0.p9" e1="DrugDDI.d191.s0.e3" e2="DrugDDI.d191.s0.e4" interaction="false"/></sentence><sentence id="DrugDDI.d191.s1" origId="s1" text="Patients undergoing systemic anticholinesterase treatment should be warned of the possible additive effects of Phospholine Iodide."><entity id="DrugDDI.d191.s1.e0" origId="s1.p13" charOffset="111-129" type="drug" text="Phospholine Iodide"/></sentence></document>