<?xml version="1.0" encoding="UTF-8"?>
<document id="DrugDDI.d43" origId="Emtricitabine"><sentence id="DrugDDI.d43.s0" origId="s0" text="The potential for drug interactions with EMTRIVA has been studied in combination with indinavir, stavudine, famciclovir, and tenofovir disoproxil fumarate."><entity id="DrugDDI.d43.s0.e0" origId="s0.p2" charOffset="41-48" type="drug" text="EMTRIVA"/><entity id="DrugDDI.d43.s0.e1" origId="s0.p7" charOffset="86-95" type="drug" text="indinavir"/><entity id="DrugDDI.d43.s0.e2" origId="s0.p8" charOffset="97-106" type="drug" text="stavudine"/><entity id="DrugDDI.d43.s0.e3" origId="s0.p9" charOffset="108-119" type="drug" text="famciclovir"/><entity id="DrugDDI.d43.s0.e4" origId="s0.p11" charOffset="125-154" type="drug" text="tenofovir disoproxil fumarate"/><pair id="DrugDDI.d43.s0.p0" e1="DrugDDI.d43.s0.e0" e2="DrugDDI.d43.s0.e1" interaction="false"/><pair id="DrugDDI.d43.s0.p1" e1="DrugDDI.d43.s0.e0" e2="DrugDDI.d43.s0.e2" interaction="false"/><pair id="DrugDDI.d43.s0.p2" e1="DrugDDI.d43.s0.e0" e2="DrugDDI.d43.s0.e3" interaction="false"/><pair id="DrugDDI.d43.s0.p3" e1="DrugDDI.d43.s0.e0" e2="DrugDDI.d43.s0.e4" interaction="false"/><pair id="DrugDDI.d43.s0.p4" e1="DrugDDI.d43.s0.e1" e2="DrugDDI.d43.s0.e2" interaction="false"/><pair id="DrugDDI.d43.s0.p5" e1="DrugDDI.d43.s0.e1" e2="DrugDDI.d43.s0.e3" interaction="false"/><pair id="DrugDDI.d43.s0.p6" e1="DrugDDI.d43.s0.e1" e2="DrugDDI.d43.s0.e4" interaction="false"/><pair id="DrugDDI.d43.s0.p7" e1="DrugDDI.d43.s0.e2" e2="DrugDDI.d43.s0.e3" interaction="false"/><pair id="DrugDDI.d43.s0.p8" e1="DrugDDI.d43.s0.e2" e2="DrugDDI.d43.s0.e4" interaction="false"/><pair id="DrugDDI.d43.s0.p9" e1="DrugDDI.d43.s0.e3" e2="DrugDDI.d43.s0.e4" interaction="false"/></sentence><sentence id="DrugDDI.d43.s1" origId="s1" text="There were no clinically significant drug interactions for any of these drugs"><entity id="DrugDDI.d43.s1.e0" origId="s1.p16" charOffset="72-77" type="drug" text="drugs"/></sentence><sentence id="DrugDDI.d43.s2" origId="s2" text="."/><sentence id="DrugDDI.d43.s3" origId="s3" text="?"/></document>