<?xml version="1.0" encoding="UTF-8"?>
<document id="DrugDDI.d446" origId="Enfuvirtide"><sentence id="DrugDDI.d446.s0" origId="s0" text="CYP450 Metabolized Drugs Results from in vitro and in vivo studies suggest that enfuvirtide is unlikely to have significant drug interactions with concomitantly administered drugs metabolized by CYP450 enzymes."><entity id="DrugDDI.d446.s0.e0" origId="s0.p0" charOffset="19-24" type="drug" text="Drugs"/><entity id="DrugDDI.d446.s0.e1" origId="s0.p5" charOffset="80-91" type="drug" text="enfuvirtide"/><entity id="DrugDDI.d446.s0.e2" origId="s0.p10" charOffset="174-179" type="drug" text="drugs"/><pair id="DrugDDI.d446.s0.p0" e1="DrugDDI.d446.s0.e0" e2="DrugDDI.d446.s0.e1" interaction="false"/><pair id="DrugDDI.d446.s0.p1" e1="DrugDDI.d446.s0.e0" e2="DrugDDI.d446.s0.e2" interaction="false"/><pair id="DrugDDI.d446.s0.p2" e1="DrugDDI.d446.s0.e1" e2="DrugDDI.d446.s0.e2" interaction="false"/></sentence><sentence id="DrugDDI.d446.s1" origId="s1" text="Antiretroviral Agents No drug interactions with other antiretroviral medications have been identified that would warrant alteration of either the enfuvirtide dose or the dose of the other antiretroviral medication."><entity id="DrugDDI.d446.s1.e0" origId="s1.p13" charOffset="0-21" type="drug" text="Antiretroviral Agents"/><entity id="DrugDDI.d446.s1.e1" origId="s1.p14" charOffset="54-80" type="drug" text="antiretroviral medications"/><entity id="DrugDDI.d446.s1.e2" origId="s1.p24" charOffset="146-157" type="drug" text="enfuvirtide"/><entity id="DrugDDI.d446.s1.e3" origId="s1.p27" charOffset="188-214" type="drug" text="antiretroviral medication"/><pair id="DrugDDI.d446.s1.p0" e1="DrugDDI.d446.s1.e0" e2="DrugDDI.d446.s1.e1" interaction="false"/><pair id="DrugDDI.d446.s1.p1" e1="DrugDDI.d446.s1.e0" e2="DrugDDI.d446.s1.e2" interaction="false"/><pair id="DrugDDI.d446.s1.p2" e1="DrugDDI.d446.s1.e0" e2="DrugDDI.d446.s1.e3" interaction="false"/><pair id="DrugDDI.d446.s1.p3" e1="DrugDDI.d446.s1.e1" e2="DrugDDI.d446.s1.e2" interaction="false"/><pair id="DrugDDI.d446.s1.p4" e1="DrugDDI.d446.s1.e1" e2="DrugDDI.d446.s1.e3" interaction="false"/><pair id="DrugDDI.d446.s1.p5" e1="DrugDDI.d446.s1.e2" e2="DrugDDI.d446.s1.e3" interaction="false"/></sentence><sentence id="DrugDDI.d446.s2" origId="s2" text="?"/><sentence id="DrugDDI.d446.s3" origId="s3" text="?"/></document>