<?xml version="1.0" encoding="UTF-8"?>
<document id="DrugDDI.d396" origId="Enoxaparin"><sentence id="DrugDDI.d396.s0" origId="s0" text="Unless really needed, agents which may enhance the risk of hemorrhage should be discontinued prior to initiation of Lovenox Injection therapy."><entity id="DrugDDI.d396.s0.e0" origId="s0.p14" charOffset="116-123" type="drug" text="Lovenox"/></sentence><sentence id="DrugDDI.d396.s1" origId="s1" text="These agents include medications such as: anticoagulants, platelet inhibitors including acetylsalicylic acid, sali-cylates, NSAIDs (including ketorolac tromethamine), dipyridamole, or sulfinpyrazone."><entity id="DrugDDI.d396.s1.e0" origId="s1.p17" charOffset="21-32" type="drug" text="medications"/><entity id="DrugDDI.d396.s1.e1" origId="s1.p20" charOffset="42-56" type="drug" text="anticoagulants"/><entity id="DrugDDI.d396.s1.e2" origId="s1.p21" charOffset="58-77" type="drug" text="platelet inhibitors"/><entity id="DrugDDI.d396.s1.e3" origId="s1.p23" charOffset="88-108" type="drug" text="acetylsalicylic acid"/><entity id="DrugDDI.d396.s1.e4" origId="s1.p24" charOffset="115-121" type="drug" text="cylate"/><entity id="DrugDDI.d396.s1.e5" origId="s1.p25" charOffset="124-130" type="drug" text="NSAIDs"/><entity id="DrugDDI.d396.s1.e6" origId="s1.p28" charOffset="142-164" type="drug" text="ketorolac tromethamine"/><entity id="DrugDDI.d396.s1.e7" origId="s1.p31" charOffset="167-179" type="drug" text="dipyridamole"/><entity id="DrugDDI.d396.s1.e8" origId="s1.p33" charOffset="184-198" type="drug" text="sulfinpyrazone"/><pair id="DrugDDI.d396.s1.p0" e1="DrugDDI.d396.s1.e0" e2="DrugDDI.d396.s1.e1" interaction="false"/><pair id="DrugDDI.d396.s1.p1" e1="DrugDDI.d396.s1.e0" e2="DrugDDI.d396.s1.e2" interaction="false"/><pair id="DrugDDI.d396.s1.p2" e1="DrugDDI.d396.s1.e0" e2="DrugDDI.d396.s1.e3" interaction="false"/><pair id="DrugDDI.d396.s1.p3" e1="DrugDDI.d396.s1.e0" e2="DrugDDI.d396.s1.e4" interaction="false"/><pair id="DrugDDI.d396.s1.p4" e1="DrugDDI.d396.s1.e0" e2="DrugDDI.d396.s1.e5" interaction="false"/><pair id="DrugDDI.d396.s1.p5" e1="DrugDDI.d396.s1.e0" e2="DrugDDI.d396.s1.e6" interaction="false"/><pair id="DrugDDI.d396.s1.p6" e1="DrugDDI.d396.s1.e0" e2="DrugDDI.d396.s1.e7" interaction="false"/><pair id="DrugDDI.d396.s1.p7" e1="DrugDDI.d396.s1.e0" e2="DrugDDI.d396.s1.e8" interaction="false"/><pair id="DrugDDI.d396.s1.p8" e1="DrugDDI.d396.s1.e1" e2="DrugDDI.d396.s1.e2" interaction="false"/><pair id="DrugDDI.d396.s1.p9" e1="DrugDDI.d396.s1.e1" e2="DrugDDI.d396.s1.e3" interaction="false"/><pair id="DrugDDI.d396.s1.p10" e1="DrugDDI.d396.s1.e1" e2="DrugDDI.d396.s1.e4" interaction="false"/><pair id="DrugDDI.d396.s1.p11" e1="DrugDDI.d396.s1.e1" e2="DrugDDI.d396.s1.e5" interaction="false"/><pair id="DrugDDI.d396.s1.p12" e1="DrugDDI.d396.s1.e1" e2="DrugDDI.d396.s1.e6" interaction="false"/><pair id="DrugDDI.d396.s1.p13" e1="DrugDDI.d396.s1.e1" e2="DrugDDI.d396.s1.e7" interaction="false"/><pair id="DrugDDI.d396.s1.p14" e1="DrugDDI.d396.s1.e1" e2="DrugDDI.d396.s1.e8" interaction="false"/><pair id="DrugDDI.d396.s1.p15" e1="DrugDDI.d396.s1.e2" e2="DrugDDI.d396.s1.e3" interaction="false"/><pair id="DrugDDI.d396.s1.p16" e1="DrugDDI.d396.s1.e2" e2="DrugDDI.d396.s1.e4" interaction="false"/><pair id="DrugDDI.d396.s1.p17" e1="DrugDDI.d396.s1.e2" e2="DrugDDI.d396.s1.e5" interaction="false"/><pair id="DrugDDI.d396.s1.p18" e1="DrugDDI.d396.s1.e2" e2="DrugDDI.d396.s1.e6" interaction="false"/><pair id="DrugDDI.d396.s1.p19" e1="DrugDDI.d396.s1.e2" e2="DrugDDI.d396.s1.e7" interaction="false"/><pair id="DrugDDI.d396.s1.p20" e1="DrugDDI.d396.s1.e2" e2="DrugDDI.d396.s1.e8" interaction="false"/><pair id="DrugDDI.d396.s1.p21" e1="DrugDDI.d396.s1.e3" e2="DrugDDI.d396.s1.e4" interaction="false"/><pair id="DrugDDI.d396.s1.p22" e1="DrugDDI.d396.s1.e3" e2="DrugDDI.d396.s1.e5" interaction="false"/><pair id="DrugDDI.d396.s1.p23" e1="DrugDDI.d396.s1.e3" e2="DrugDDI.d396.s1.e6" interaction="false"/><pair id="DrugDDI.d396.s1.p24" e1="DrugDDI.d396.s1.e3" e2="DrugDDI.d396.s1.e7" interaction="false"/><pair id="DrugDDI.d396.s1.p25" e1="DrugDDI.d396.s1.e3" e2="DrugDDI.d396.s1.e8" interaction="false"/><pair id="DrugDDI.d396.s1.p26" e1="DrugDDI.d396.s1.e4" e2="DrugDDI.d396.s1.e5" interaction="false"/><pair id="DrugDDI.d396.s1.p27" e1="DrugDDI.d396.s1.e4" e2="DrugDDI.d396.s1.e6" interaction="false"/><pair id="DrugDDI.d396.s1.p28" e1="DrugDDI.d396.s1.e4" e2="DrugDDI.d396.s1.e7" interaction="false"/><pair id="DrugDDI.d396.s1.p29" e1="DrugDDI.d396.s1.e4" e2="DrugDDI.d396.s1.e8" interaction="false"/><pair id="DrugDDI.d396.s1.p30" e1="DrugDDI.d396.s1.e5" e2="DrugDDI.d396.s1.e6" interaction="false"/><pair id="DrugDDI.d396.s1.p31" e1="DrugDDI.d396.s1.e5" e2="DrugDDI.d396.s1.e7" interaction="false"/><pair id="DrugDDI.d396.s1.p32" e1="DrugDDI.d396.s1.e5" e2="DrugDDI.d396.s1.e8" interaction="false"/><pair id="DrugDDI.d396.s1.p33" e1="DrugDDI.d396.s1.e6" e2="DrugDDI.d396.s1.e7" interaction="false"/><pair id="DrugDDI.d396.s1.p34" e1="DrugDDI.d396.s1.e6" e2="DrugDDI.d396.s1.e8" interaction="false"/><pair id="DrugDDI.d396.s1.p35" e1="DrugDDI.d396.s1.e7" e2="DrugDDI.d396.s1.e8" interaction="false"/></sentence><sentence id="DrugDDI.d396.s2" origId="s2" text="If co-administration is essential, conduct close clinical and laboratory monitoring"/><sentence id="DrugDDI.d396.s3" origId="s3" text="."/><sentence id="DrugDDI.d396.s4" origId="s4" text="?"/></document>