<?xml version="1.0" encoding="UTF-8"?>
<document id="DrugDDI.d319" origId="Entacapone"><sentence id="DrugDDI.d319.s0" origId="s0" text="In vitro studies of human CYP enzymes showed that entacapone inhibited the CYP enzymes 1A2, 2A6, 2C9, 2C19, 2D6, 2E1 and 3A only at very high concentrations (IC50 from 200 to over 1000 uM;"><entity id="DrugDDI.d319.s0.e0" origId="s0.p1" charOffset="26-29" type="drug" text="CYP"/><entity id="DrugDDI.d319.s0.e1" origId="s0.p3" charOffset="50-60" type="drug" text="entacapone"/><entity id="DrugDDI.d319.s0.e2" origId="s0.p5" charOffset="75-85" type="drug" text="cyp enzyme"/><pair id="DrugDDI.d319.s0.p0" e1="DrugDDI.d319.s0.e0" e2="DrugDDI.d319.s0.e1" interaction="false"/><pair id="DrugDDI.d319.s0.p1" e1="DrugDDI.d319.s0.e0" e2="DrugDDI.d319.s0.e2" interaction="false"/><pair id="DrugDDI.d319.s0.p2" e1="DrugDDI.d319.s0.e1" e2="DrugDDI.d319.s0.e2" interaction="false"/></sentence><sentence id="DrugDDI.d319.s1" origId="s1" text="an oral 200 mg dose achieves a highest level of approximately 5 uM in people);"/><sentence id="DrugDDI.d319.s2" origId="s2" text="these enzymes would therefore not be expected to be inhibited in clinical use."/><sentence id="DrugDDI.d319.s3" origId="s3" text="Protein Binding: Entacapone is highly protein bound (98%)."><entity id="DrugDDI.d319.s3.e0" origId="s3.p39" charOffset="17-27" type="drug" text="Entacapone"/><entity id="DrugDDI.d319.s3.e1" origId="s3.p41" charOffset="38-45" type="drug" text="protein"/><pair id="DrugDDI.d319.s3.p0" e1="DrugDDI.d319.s3.e0" e2="DrugDDI.d319.s3.e1" interaction="false"/></sentence><sentence id="DrugDDI.d319.s4" origId="s4" text="In vitro studies have shown no binding displacement between entacapone and other highly bound drugs, such as warfarin, salicylic acid, phenylbutazone, and diazepam."><entity id="DrugDDI.d319.s4.e0" origId="s4.p50" charOffset="60-70" type="drug" text="entacapone"/><entity id="DrugDDI.d319.s4.e1" origId="s4.p53" charOffset="109-117" type="drug" text="warfarin"/><entity id="DrugDDI.d319.s4.e2" origId="s4.p54" charOffset="119-133" type="drug" text="salicylic acid"/><entity id="DrugDDI.d319.s4.e3" origId="s4.p55" charOffset="135-149" type="drug" text="phenylbutazone"/><entity id="DrugDDI.d319.s4.e4" origId="s4.p57" charOffset="155-163" type="drug" text="diazepam"/><pair id="DrugDDI.d319.s4.p0" e1="DrugDDI.d319.s4.e0" e2="DrugDDI.d319.s4.e1" interaction="false"/><pair id="DrugDDI.d319.s4.p1" e1="DrugDDI.d319.s4.e0" e2="DrugDDI.d319.s4.e2" interaction="false"/><pair id="DrugDDI.d319.s4.p2" e1="DrugDDI.d319.s4.e0" e2="DrugDDI.d319.s4.e3" interaction="false"/><pair id="DrugDDI.d319.s4.p3" e1="DrugDDI.d319.s4.e0" e2="DrugDDI.d319.s4.e4" interaction="false"/><pair id="DrugDDI.d319.s4.p4" e1="DrugDDI.d319.s4.e1" e2="DrugDDI.d319.s4.e2" interaction="false"/><pair id="DrugDDI.d319.s4.p5" e1="DrugDDI.d319.s4.e1" e2="DrugDDI.d319.s4.e3" interaction="false"/><pair id="DrugDDI.d319.s4.p6" e1="DrugDDI.d319.s4.e1" e2="DrugDDI.d319.s4.e4" interaction="false"/><pair id="DrugDDI.d319.s4.p7" e1="DrugDDI.d319.s4.e2" e2="DrugDDI.d319.s4.e3" interaction="false"/><pair id="DrugDDI.d319.s4.p8" e1="DrugDDI.d319.s4.e2" e2="DrugDDI.d319.s4.e4" interaction="false"/><pair id="DrugDDI.d319.s4.p9" e1="DrugDDI.d319.s4.e3" e2="DrugDDI.d319.s4.e4" interaction="false"/></sentence><sentence id="DrugDDI.d319.s5" origId="s5" text="Drugs Metabolized by Catechol-O-methyltransferase (COMT): Hormone levels: Levodopa is known to depress prolactin secretion and increase growth hormone levels."><entity id="DrugDDI.d319.s5.e0" origId="s5.p58" charOffset="0-5" type="drug" text="Drugs"/><entity id="DrugDDI.d319.s5.e1" origId="s5.p60" charOffset="21-50" type="drug" text="Catechol-O-methyltransferase"/><entity id="DrugDDI.d319.s5.e2" origId="s5.p67" charOffset="74-82" type="drug" text="Levodopa"/><entity id="DrugDDI.d319.s5.e3" origId="s5.p72" charOffset="103-112" type="drug" text="prolactin"/><pair id="DrugDDI.d319.s5.p0" e1="DrugDDI.d319.s5.e0" e2="DrugDDI.d319.s5.e1" interaction="false"/><pair id="DrugDDI.d319.s5.p1" e1="DrugDDI.d319.s5.e0" e2="DrugDDI.d319.s5.e2" interaction="false"/><pair id="DrugDDI.d319.s5.p2" e1="DrugDDI.d319.s5.e0" e2="DrugDDI.d319.s5.e3" interaction="false"/><pair id="DrugDDI.d319.s5.p3" e1="DrugDDI.d319.s5.e1" e2="DrugDDI.d319.s5.e2" interaction="false"/><pair id="DrugDDI.d319.s5.p4" e1="DrugDDI.d319.s5.e1" e2="DrugDDI.d319.s5.e3" interaction="false"/><pair id="DrugDDI.d319.s5.p5" e1="DrugDDI.d319.s5.e2" e2="DrugDDI.d319.s5.e3" interaction="false"/></sentence><sentence id="DrugDDI.d319.s6" origId="s6" text="Treatment with entacapone coadministered with levodopa/dopa decarboxylase inhibitor does not change these effects."><entity id="DrugDDI.d319.s6.e0" origId="s6.p76" charOffset="15-25" type="drug" text="entacapone"/><entity id="DrugDDI.d319.s6.e1" origId="s6.p78" charOffset="46-54" type="drug" text="levodopa"/><entity id="DrugDDI.d319.s6.e2" origId="s6.p79" charOffset="55-83" type="drug" text="dopa decarboxylase inhibitor"/><pair id="DrugDDI.d319.s6.p0" e1="DrugDDI.d319.s6.e0" e2="DrugDDI.d319.s6.e1" interaction="false"/><pair id="DrugDDI.d319.s6.p1" e1="DrugDDI.d319.s6.e0" e2="DrugDDI.d319.s6.e2" interaction="false"/><pair id="DrugDDI.d319.s6.p2" e1="DrugDDI.d319.s6.e1" e2="DrugDDI.d319.s6.e2" interaction="false"/></sentence><sentence id="DrugDDI.d319.s7" origId="s7" text="No interaction was noted with the MAO-B inhibitor selegiline in two multiple-dose interaction studies when entacapone was coadministered with a levodopa/dopa decarboxylase inhibitor (n=29)."><entity id="DrugDDI.d319.s7.e0" origId="s7.p87" charOffset="34-49" type="drug" text="mao-b inhibitor"/><entity id="DrugDDI.d319.s7.e1" origId="s7.p90" charOffset="107-117" type="drug" text="entacapone"/><entity id="DrugDDI.d319.s7.e2" origId="s7.p93" charOffset="144-152" type="drug" text="levodopa"/><entity id="DrugDDI.d319.s7.e3" origId="s7.p94" charOffset="153-181" type="drug" text="dopa decarboxylase inhibitor"/><pair id="DrugDDI.d319.s7.p0" e1="DrugDDI.d319.s7.e0" e2="DrugDDI.d319.s7.e1" interaction="false"/><pair id="DrugDDI.d319.s7.p1" e1="DrugDDI.d319.s7.e0" e2="DrugDDI.d319.s7.e2" interaction="false"/><pair id="DrugDDI.d319.s7.p2" e1="DrugDDI.d319.s7.e0" e2="DrugDDI.d319.s7.e3" interaction="false"/><pair id="DrugDDI.d319.s7.p3" e1="DrugDDI.d319.s7.e1" e2="DrugDDI.d319.s7.e2" interaction="false"/><pair id="DrugDDI.d319.s7.p4" e1="DrugDDI.d319.s7.e1" e2="DrugDDI.d319.s7.e3" interaction="false"/><pair id="DrugDDI.d319.s7.p5" e1="DrugDDI.d319.s7.e2" e2="DrugDDI.d319.s7.e3" interaction="false"/></sentence><sentence id="DrugDDI.d319.s8" origId="s8" text="More than 600 Parkinsons disease patients in clinical trials have used selegiline in combination with entacapone and levodopa/dopa decarboxylase inhibitor."><entity id="DrugDDI.d319.s8.e0" origId="s8.p102" charOffset="71-81" type="drug" text="selegiline"/><entity id="DrugDDI.d319.s8.e1" origId="s8.p104" charOffset="102-112" type="drug" text="entacapone"/><entity id="DrugDDI.d319.s8.e2" origId="s8.p106" charOffset="117-125" type="drug" text="levodopa"/><entity id="DrugDDI.d319.s8.e3" origId="s8.p107" charOffset="126-154" type="drug" text="dopa decarboxylase inhibitor"/><pair id="DrugDDI.d319.s8.p0" e1="DrugDDI.d319.s8.e0" e2="DrugDDI.d319.s8.e1" interaction="false"/><pair id="DrugDDI.d319.s8.p1" e1="DrugDDI.d319.s8.e0" e2="DrugDDI.d319.s8.e2" interaction="false"/><pair id="DrugDDI.d319.s8.p2" e1="DrugDDI.d319.s8.e0" e2="DrugDDI.d319.s8.e3" interaction="false"/><pair id="DrugDDI.d319.s8.p3" e1="DrugDDI.d319.s8.e1" e2="DrugDDI.d319.s8.e2" interaction="false"/><pair id="DrugDDI.d319.s8.p4" e1="DrugDDI.d319.s8.e1" e2="DrugDDI.d319.s8.e3" interaction="false"/><pair id="DrugDDI.d319.s8.p5" e1="DrugDDI.d319.s8.e2" e2="DrugDDI.d319.s8.e3" interaction="false"/></sentence><sentence id="DrugDDI.d319.s9" origId="s9" text="As most entacapone excretion is via the bile, caution should be exercised when drugs known to interfere with biliary excretion, glucuronidation, and intestinal beta-glucuronidase are given concurrently with entacapone."><entity id="DrugDDI.d319.s9.e0" origId="s9.p108" charOffset="8-18" type="drug" text="entacapone"/><entity id="DrugDDI.d319.s9.e1" origId="s9.p116" charOffset="79-84" type="drug" text="drugs"/><entity id="DrugDDI.d319.s9.e2" origId="s9.p123" charOffset="160-178" type="drug" text="beta-glucuronidase"/><entity id="DrugDDI.d319.s9.e3" origId="s9.p127" charOffset="207-217" type="drug" text="entacapone"/><pair id="DrugDDI.d319.s9.p0" e1="DrugDDI.d319.s9.e0" e2="DrugDDI.d319.s9.e1" interaction="false"/><pair id="DrugDDI.d319.s9.p1" e1="DrugDDI.d319.s9.e0" e2="DrugDDI.d319.s9.e2" interaction="false"/><pair id="DrugDDI.d319.s9.p2" e1="DrugDDI.d319.s9.e0" e2="DrugDDI.d319.s9.e3" interaction="false"/><pair id="DrugDDI.d319.s9.p3" e1="DrugDDI.d319.s9.e1" e2="DrugDDI.d319.s9.e2" interaction="false"/><pair id="DrugDDI.d319.s9.p4" e1="DrugDDI.d319.s9.e1" e2="DrugDDI.d319.s9.e3" interaction="true"/><pair id="DrugDDI.d319.s9.p5" e1="DrugDDI.d319.s9.e2" e2="DrugDDI.d319.s9.e3" interaction="false"/></sentence><sentence id="DrugDDI.d319.s10" origId="s10" text="These include probenecid, cholestyramine, and some antibiotics (e.g. erythromycin, rifamipicin, ampicillin and chloramphenicol)."><entity id="DrugDDI.d319.s10.e0" origId="s10.p130" charOffset="14-24" type="drug" text="probenecid"/><entity id="DrugDDI.d319.s10.e1" origId="s10.p131" charOffset="26-40" type="drug" text="cholestyramine"/><entity id="DrugDDI.d319.s10.e2" origId="s10.p133" charOffset="51-62" type="drug" text="antibiotics"/><entity id="DrugDDI.d319.s10.e3" origId="s10.p135" charOffset="69-81" type="drug" text="erythromycin"/><entity id="DrugDDI.d319.s10.e4" origId="s10.p137" charOffset="96-106" type="drug" text="ampicillin"/><entity id="DrugDDI.d319.s10.e5" origId="s10.p139" charOffset="111-126" type="drug" text="chloramphenicol"/><pair id="DrugDDI.d319.s10.p0" e1="DrugDDI.d319.s10.e0" e2="DrugDDI.d319.s10.e1" interaction="false"/><pair id="DrugDDI.d319.s10.p1" e1="DrugDDI.d319.s10.e0" e2="DrugDDI.d319.s10.e2" interaction="false"/><pair id="DrugDDI.d319.s10.p2" e1="DrugDDI.d319.s10.e0" e2="DrugDDI.d319.s10.e3" interaction="false"/><pair id="DrugDDI.d319.s10.p3" e1="DrugDDI.d319.s10.e0" e2="DrugDDI.d319.s10.e4" interaction="false"/><pair id="DrugDDI.d319.s10.p4" e1="DrugDDI.d319.s10.e0" e2="DrugDDI.d319.s10.e5" interaction="false"/><pair id="DrugDDI.d319.s10.p5" e1="DrugDDI.d319.s10.e1" e2="DrugDDI.d319.s10.e2" interaction="false"/><pair id="DrugDDI.d319.s10.p6" e1="DrugDDI.d319.s10.e1" e2="DrugDDI.d319.s10.e3" interaction="false"/><pair id="DrugDDI.d319.s10.p7" e1="DrugDDI.d319.s10.e1" e2="DrugDDI.d319.s10.e4" interaction="false"/><pair id="DrugDDI.d319.s10.p8" e1="DrugDDI.d319.s10.e1" e2="DrugDDI.d319.s10.e5" interaction="false"/><pair id="DrugDDI.d319.s10.p9" e1="DrugDDI.d319.s10.e2" e2="DrugDDI.d319.s10.e3" interaction="false"/><pair id="DrugDDI.d319.s10.p10" e1="DrugDDI.d319.s10.e2" e2="DrugDDI.d319.s10.e4" interaction="false"/><pair id="DrugDDI.d319.s10.p11" e1="DrugDDI.d319.s10.e2" e2="DrugDDI.d319.s10.e5" interaction="false"/><pair id="DrugDDI.d319.s10.p12" e1="DrugDDI.d319.s10.e3" e2="DrugDDI.d319.s10.e4" interaction="false"/><pair id="DrugDDI.d319.s10.p13" e1="DrugDDI.d319.s10.e3" e2="DrugDDI.d319.s10.e5" interaction="false"/><pair id="DrugDDI.d319.s10.p14" e1="DrugDDI.d319.s10.e4" e2="DrugDDI.d319.s10.e5" interaction="false"/></sentence><sentence id="DrugDDI.d319.s11" origId="s11" text="No interaction with the tricyclic antidepressant imipramine was shown in a single-dose study with entacapone without coadministered levodopa/dopa-decarboxylase inhibitor."><entity id="DrugDDI.d319.s11.e0" origId="s11.p142" charOffset="24-48" type="drug" text="tricyclic antidepressant"/><entity id="DrugDDI.d319.s11.e1" origId="s11.p146" charOffset="98-108" type="drug" text="entacapone"/><entity id="DrugDDI.d319.s11.e2" origId="s11.p147" charOffset="132-140" type="drug" text="levodopa"/><entity id="DrugDDI.d319.s11.e3" origId="s11.p148" charOffset="141-169" type="drug" text="dopa-decarboxylase inhibitor"/><pair id="DrugDDI.d319.s11.p0" e1="DrugDDI.d319.s11.e0" e2="DrugDDI.d319.s11.e1" interaction="false"/><pair id="DrugDDI.d319.s11.p1" e1="DrugDDI.d319.s11.e0" e2="DrugDDI.d319.s11.e2" interaction="false"/><pair id="DrugDDI.d319.s11.p2" e1="DrugDDI.d319.s11.e0" e2="DrugDDI.d319.s11.e3" interaction="false"/><pair id="DrugDDI.d319.s11.p3" e1="DrugDDI.d319.s11.e1" e2="DrugDDI.d319.s11.e2" interaction="false"/><pair id="DrugDDI.d319.s11.p4" e1="DrugDDI.d319.s11.e1" e2="DrugDDI.d319.s11.e3" interaction="false"/><pair id="DrugDDI.d319.s11.p5" e1="DrugDDI.d319.s11.e2" e2="DrugDDI.d319.s11.e3" interaction="false"/></sentence></document>