<?xml version="1.0" encoding="UTF-8"?>
<document id="DrugDDI.d262" origId="Epoprostenol"><sentence id="DrugDDI.d262.s0" origId="s0" text="Additional reductions in blood pressure may occur when FLOLAN is administered with diuretics, antihypertensive agents, or other vasodilators."><entity id="DrugDDI.d262.s0.e0" origId="s0.p5" charOffset="55-61" type="drug" text="FLOLAN"/><entity id="DrugDDI.d262.s0.e1" origId="s0.p8" charOffset="83-92" type="drug" text="diuretics"/><entity id="DrugDDI.d262.s0.e2" origId="s0.p9" charOffset="94-117" type="drug" text="antihypertensive agents"/><entity id="DrugDDI.d262.s0.e3" origId="s0.p11" charOffset="128-140" type="drug" text="vasodilators"/><pair id="DrugDDI.d262.s0.p0" e1="DrugDDI.d262.s0.e0" e2="DrugDDI.d262.s0.e1" interaction="true"/><pair id="DrugDDI.d262.s0.p1" e1="DrugDDI.d262.s0.e0" e2="DrugDDI.d262.s0.e2" interaction="true"/><pair id="DrugDDI.d262.s0.p2" e1="DrugDDI.d262.s0.e0" e2="DrugDDI.d262.s0.e3" interaction="true"/><pair id="DrugDDI.d262.s0.p3" e1="DrugDDI.d262.s0.e1" e2="DrugDDI.d262.s0.e2" interaction="false"/><pair id="DrugDDI.d262.s0.p4" e1="DrugDDI.d262.s0.e1" e2="DrugDDI.d262.s0.e3" interaction="false"/><pair id="DrugDDI.d262.s0.p5" e1="DrugDDI.d262.s0.e2" e2="DrugDDI.d262.s0.e3" interaction="false"/></sentence><sentence id="DrugDDI.d262.s1" origId="s1" text="When other antiplatelet agents or anticoagulants are used concomitantly, there is the potential for FLOLAN to increase the risk of bleeding."><entity id="DrugDDI.d262.s1.e0" origId="s1.p13" charOffset="11-30" type="drug" text="antiplatelet agents"/><entity id="DrugDDI.d262.s1.e1" origId="s1.p15" charOffset="34-48" type="drug" text="anticoagulants"/><entity id="DrugDDI.d262.s1.e2" origId="s1.p22" charOffset="100-106" type="drug" text="FLOLAN"/><pair id="DrugDDI.d262.s1.p0" e1="DrugDDI.d262.s1.e0" e2="DrugDDI.d262.s1.e1" interaction="false"/><pair id="DrugDDI.d262.s1.p1" e1="DrugDDI.d262.s1.e0" e2="DrugDDI.d262.s1.e2" interaction="true"/><pair id="DrugDDI.d262.s1.p2" e1="DrugDDI.d262.s1.e1" e2="DrugDDI.d262.s1.e2" interaction="true"/></sentence><sentence id="DrugDDI.d262.s2" origId="s2" text="However, patients receiving infusions of FLOLAN in clinical trials were maintained on anticoagulants without evidence of increased bleeding."><entity id="DrugDDI.d262.s2.e0" origId="s2.p30" charOffset="41-47" type="drug" text="FLOLAN"/><entity id="DrugDDI.d262.s2.e1" origId="s2.p34" charOffset="86-100" type="drug" text="anticoagulants"/><pair id="DrugDDI.d262.s2.p0" e1="DrugDDI.d262.s2.e0" e2="DrugDDI.d262.s2.e1" interaction="false"/></sentence><sentence id="DrugDDI.d262.s3" origId="s3" text="In clinical trials, FLOLAN was used with digoxin, diuretics, anticoagulants, oral vasodilators, and supplemental oxygen.In a pharmacokinetic substudy in patients with congestive heart failure receiving furosemide or digoxin in whom therapy with FLOLAN was initiated, apparent oral clearance values for furosemide (n = 23) and digoxin (n = 30) were decreased by 13% and 15%, respectively, on the second day of therapy and had returned to baseline values by day 87."><entity id="DrugDDI.d262.s3.e0" origId="s3.p38" charOffset="20-26" type="drug" text="FLOLAN"/><entity id="DrugDDI.d262.s3.e1" origId="s3.p41" charOffset="41-48" type="drug" text="digoxin"/><entity id="DrugDDI.d262.s3.e2" origId="s3.p42" charOffset="50-59" type="drug" text="diuretics"/><entity id="DrugDDI.d262.s3.e3" origId="s3.p43" charOffset="61-75" type="drug" text="anticoagulants"/><entity id="DrugDDI.d262.s3.e4" origId="s3.p44" charOffset="82-94" type="drug" text="vasodilators"/><entity id="DrugDDI.d262.s3.e5" origId="s3.p46" charOffset="113-119" type="drug" text="oxygen"/><entity id="DrugDDI.d262.s3.e6" origId="s3.p49" charOffset="202-213" type="drug" text="furosemide"/><entity id="DrugDDI.d262.s3.e7" origId="s3.p51" charOffset="216-223" type="drug" text="digoxin"/><entity id="DrugDDI.d262.s3.e8" origId="s3.p53" charOffset="245-251" type="drug" text="FLOLAN"/><entity id="DrugDDI.d262.s3.e9" origId="s3.p58" charOffset="302-313" type="drug" text="furosemide"/><entity id="DrugDDI.d262.s3.e10" origId="s3.p63" charOffset="326-333" type="drug" text="digoxin"/><pair id="DrugDDI.d262.s3.p0" e1="DrugDDI.d262.s3.e0" e2="DrugDDI.d262.s3.e1" interaction="false"/><pair id="DrugDDI.d262.s3.p1" e1="DrugDDI.d262.s3.e0" e2="DrugDDI.d262.s3.e2" interaction="false"/><pair id="DrugDDI.d262.s3.p2" e1="DrugDDI.d262.s3.e0" e2="DrugDDI.d262.s3.e3" interaction="false"/><pair id="DrugDDI.d262.s3.p3" e1="DrugDDI.d262.s3.e0" e2="DrugDDI.d262.s3.e4" interaction="false"/><pair id="DrugDDI.d262.s3.p4" e1="DrugDDI.d262.s3.e0" e2="DrugDDI.d262.s3.e5" interaction="false"/><pair id="DrugDDI.d262.s3.p5" e1="DrugDDI.d262.s3.e0" e2="DrugDDI.d262.s3.e6" interaction="false"/><pair id="DrugDDI.d262.s3.p6" e1="DrugDDI.d262.s3.e0" e2="DrugDDI.d262.s3.e7" interaction="false"/><pair id="DrugDDI.d262.s3.p7" e1="DrugDDI.d262.s3.e0" e2="DrugDDI.d262.s3.e8" interaction="false"/><pair id="DrugDDI.d262.s3.p8" e1="DrugDDI.d262.s3.e0" e2="DrugDDI.d262.s3.e9" interaction="false"/><pair id="DrugDDI.d262.s3.p9" e1="DrugDDI.d262.s3.e0" e2="DrugDDI.d262.s3.e10" interaction="false"/><pair id="DrugDDI.d262.s3.p10" e1="DrugDDI.d262.s3.e1" e2="DrugDDI.d262.s3.e2" interaction="false"/><pair id="DrugDDI.d262.s3.p11" e1="DrugDDI.d262.s3.e1" e2="DrugDDI.d262.s3.e3" interaction="false"/><pair id="DrugDDI.d262.s3.p12" e1="DrugDDI.d262.s3.e1" e2="DrugDDI.d262.s3.e4" interaction="false"/><pair id="DrugDDI.d262.s3.p13" e1="DrugDDI.d262.s3.e1" e2="DrugDDI.d262.s3.e5" interaction="false"/><pair id="DrugDDI.d262.s3.p14" e1="DrugDDI.d262.s3.e1" e2="DrugDDI.d262.s3.e6" interaction="false"/><pair id="DrugDDI.d262.s3.p15" e1="DrugDDI.d262.s3.e1" e2="DrugDDI.d262.s3.e7" interaction="false"/><pair id="DrugDDI.d262.s3.p16" e1="DrugDDI.d262.s3.e1" e2="DrugDDI.d262.s3.e8" interaction="false"/><pair id="DrugDDI.d262.s3.p17" e1="DrugDDI.d262.s3.e1" e2="DrugDDI.d262.s3.e9" interaction="false"/><pair id="DrugDDI.d262.s3.p18" e1="DrugDDI.d262.s3.e1" e2="DrugDDI.d262.s3.e10" interaction="false"/><pair id="DrugDDI.d262.s3.p19" e1="DrugDDI.d262.s3.e2" e2="DrugDDI.d262.s3.e3" interaction="false"/><pair id="DrugDDI.d262.s3.p20" e1="DrugDDI.d262.s3.e2" e2="DrugDDI.d262.s3.e4" interaction="false"/><pair id="DrugDDI.d262.s3.p21" e1="DrugDDI.d262.s3.e2" e2="DrugDDI.d262.s3.e5" interaction="false"/><pair id="DrugDDI.d262.s3.p22" e1="DrugDDI.d262.s3.e2" e2="DrugDDI.d262.s3.e6" interaction="false"/><pair id="DrugDDI.d262.s3.p23" e1="DrugDDI.d262.s3.e2" e2="DrugDDI.d262.s3.e7" interaction="false"/><pair id="DrugDDI.d262.s3.p24" e1="DrugDDI.d262.s3.e2" e2="DrugDDI.d262.s3.e8" interaction="false"/><pair id="DrugDDI.d262.s3.p25" e1="DrugDDI.d262.s3.e2" e2="DrugDDI.d262.s3.e9" interaction="false"/><pair id="DrugDDI.d262.s3.p26" e1="DrugDDI.d262.s3.e2" e2="DrugDDI.d262.s3.e10" interaction="false"/><pair id="DrugDDI.d262.s3.p27" e1="DrugDDI.d262.s3.e3" e2="DrugDDI.d262.s3.e4" interaction="false"/><pair id="DrugDDI.d262.s3.p28" e1="DrugDDI.d262.s3.e3" e2="DrugDDI.d262.s3.e5" interaction="false"/><pair id="DrugDDI.d262.s3.p29" e1="DrugDDI.d262.s3.e3" e2="DrugDDI.d262.s3.e6" interaction="false"/><pair id="DrugDDI.d262.s3.p30" e1="DrugDDI.d262.s3.e3" e2="DrugDDI.d262.s3.e7" interaction="false"/><pair id="DrugDDI.d262.s3.p31" e1="DrugDDI.d262.s3.e3" e2="DrugDDI.d262.s3.e8" interaction="false"/><pair id="DrugDDI.d262.s3.p32" e1="DrugDDI.d262.s3.e3" e2="DrugDDI.d262.s3.e9" interaction="false"/><pair id="DrugDDI.d262.s3.p33" e1="DrugDDI.d262.s3.e3" e2="DrugDDI.d262.s3.e10" interaction="false"/><pair id="DrugDDI.d262.s3.p34" e1="DrugDDI.d262.s3.e4" e2="DrugDDI.d262.s3.e5" interaction="false"/><pair id="DrugDDI.d262.s3.p35" e1="DrugDDI.d262.s3.e4" e2="DrugDDI.d262.s3.e6" interaction="false"/><pair id="DrugDDI.d262.s3.p36" e1="DrugDDI.d262.s3.e4" e2="DrugDDI.d262.s3.e7" interaction="false"/><pair id="DrugDDI.d262.s3.p37" e1="DrugDDI.d262.s3.e4" e2="DrugDDI.d262.s3.e8" interaction="false"/><pair id="DrugDDI.d262.s3.p38" e1="DrugDDI.d262.s3.e4" e2="DrugDDI.d262.s3.e9" interaction="false"/><pair id="DrugDDI.d262.s3.p39" e1="DrugDDI.d262.s3.e4" e2="DrugDDI.d262.s3.e10" interaction="false"/><pair id="DrugDDI.d262.s3.p40" e1="DrugDDI.d262.s3.e5" e2="DrugDDI.d262.s3.e6" interaction="false"/><pair id="DrugDDI.d262.s3.p41" e1="DrugDDI.d262.s3.e5" e2="DrugDDI.d262.s3.e7" interaction="false"/><pair id="DrugDDI.d262.s3.p42" e1="DrugDDI.d262.s3.e5" e2="DrugDDI.d262.s3.e8" interaction="false"/><pair id="DrugDDI.d262.s3.p43" e1="DrugDDI.d262.s3.e5" e2="DrugDDI.d262.s3.e9" interaction="false"/><pair id="DrugDDI.d262.s3.p44" e1="DrugDDI.d262.s3.e5" e2="DrugDDI.d262.s3.e10" interaction="false"/><pair id="DrugDDI.d262.s3.p45" e1="DrugDDI.d262.s3.e6" e2="DrugDDI.d262.s3.e7" interaction="false"/><pair id="DrugDDI.d262.s3.p46" e1="DrugDDI.d262.s3.e6" e2="DrugDDI.d262.s3.e8" interaction="true"/><pair id="DrugDDI.d262.s3.p47" e1="DrugDDI.d262.s3.e6" e2="DrugDDI.d262.s3.e9" interaction="false"/><pair id="DrugDDI.d262.s3.p48" e1="DrugDDI.d262.s3.e6" e2="DrugDDI.d262.s3.e10" interaction="false"/><pair id="DrugDDI.d262.s3.p49" e1="DrugDDI.d262.s3.e7" e2="DrugDDI.d262.s3.e8" interaction="true"/><pair id="DrugDDI.d262.s3.p50" e1="DrugDDI.d262.s3.e7" e2="DrugDDI.d262.s3.e9" interaction="false"/><pair id="DrugDDI.d262.s3.p51" e1="DrugDDI.d262.s3.e7" e2="DrugDDI.d262.s3.e10" interaction="false"/><pair id="DrugDDI.d262.s3.p52" e1="DrugDDI.d262.s3.e8" e2="DrugDDI.d262.s3.e9" interaction="false"/><pair id="DrugDDI.d262.s3.p53" e1="DrugDDI.d262.s3.e8" e2="DrugDDI.d262.s3.e10" interaction="false"/><pair id="DrugDDI.d262.s3.p54" e1="DrugDDI.d262.s3.e9" e2="DrugDDI.d262.s3.e10" interaction="false"/></sentence><sentence id="DrugDDI.d262.s4" origId="s4" text="The change in furosemide clearance value is not likely to be clinically significant."><entity id="DrugDDI.d262.s4.e0" origId="s4.p81" charOffset="14-25" type="drug" text="furosemide"/></sentence><sentence id="DrugDDI.d262.s5" origId="s5" text="However, patients on digoxin may show elevations of digoxin concentrations after initiation of therapy with FLOLAN, which may be clinically significant in patients prone to digoxin toxicity."><entity id="DrugDDI.d262.s5.e0" origId="s5.p88" charOffset="21-28" type="drug" text="digoxin"/><entity id="DrugDDI.d262.s5.e1" origId="s5.p92" charOffset="52-59" type="drug" text="digoxin"/><entity id="DrugDDI.d262.s5.e2" origId="s5.p95" charOffset="108-114" type="drug" text="FLOLAN"/><pair id="DrugDDI.d262.s5.p0" e1="DrugDDI.d262.s5.e0" e2="DrugDDI.d262.s5.e1" interaction="false"/><pair id="DrugDDI.d262.s5.p1" e1="DrugDDI.d262.s5.e0" e2="DrugDDI.d262.s5.e2" interaction="true"/><pair id="DrugDDI.d262.s5.p2" e1="DrugDDI.d262.s5.e1" e2="DrugDDI.d262.s5.e2" interaction="false"/></sentence></document>