<?xml version="1.0" encoding="UTF-8"?>
<document id="DrugDDI.d416" origId="Ergocalciferol"><sentence id="DrugDDI.d416.s0" origId="s0" text="Mineral oil interferes with the absorption of fat-soluble vitamins, including vitamin D preparations."><entity id="DrugDDI.d416.s0.e0" origId="s0.p0" charOffset="0-11" type="drug" text="Mineral oil"/><entity id="DrugDDI.d416.s0.e1" origId="s0.p5" charOffset="78-100" type="drug" text="vitamin D preparations"/><pair id="DrugDDI.d416.s0.p0" e1="DrugDDI.d416.s0.e0" e2="DrugDDI.d416.s0.e1" interaction="true"/></sentence><sentence id="DrugDDI.d416.s1" origId="s1" text="Administration of thiazide diuretics to hypoparathyroid patients who are concurrently being treated with ergocalciferol may cause hypercalcemia."><entity id="DrugDDI.d416.s1.e0" origId="s1.p7" charOffset="18-36" type="drug" text="thiazide diuretics"/><entity id="DrugDDI.d416.s1.e1" origId="s1.p14" charOffset="105-119" type="drug" text="ergocalciferol"/><pair id="DrugDDI.d416.s1.p0" e1="DrugDDI.d416.s1.e0" e2="DrugDDI.d416.s1.e1" interaction="true"/></sentence></document>