<?xml version="1.0" encoding="UTF-8"?>
<document id="DrugDDI.d318" origId="Erlotinib"><sentence id="DrugDDI.d318.s0" origId="s0" text="Co-treatment with the potent CYP3A4 inhibitor ketoconazole increases erlotinib AUC by 2/3."><entity id="DrugDDI.d318.s0.e0" origId="s0.p1" charOffset="46-58" type="drug" text="ketoconazole"/><entity id="DrugDDI.d318.s0.e1" origId="s0.p3" charOffset="69-78" type="drug" text="erlotinib"/><pair id="DrugDDI.d318.s0.p0" e1="DrugDDI.d318.s0.e0" e2="DrugDDI.d318.s0.e1" interaction="true"/></sentence><sentence id="DrugDDI.d318.s1" origId="s1" text="Caution should be used when administering or taking TARCEVA with ketoconazole and other strong CYP3A4 inhibitors such as, but not limited to, atazanavir, clarithromycin, indinavir, itraconazole, nefazodone, nelfinavir, ritonavir, saquinavir, telithromycin, troleandomycin (TAO), and voriconazole ."><entity id="DrugDDI.d318.s1.e0" origId="s1.p12" charOffset="52-59" type="drug" text="TARCEVA"/><entity id="DrugDDI.d318.s1.e1" origId="s1.p13" charOffset="65-77" type="drug" text="ketoconazole"/><entity id="DrugDDI.d318.s1.e2" origId="s1.p15" charOffset="95-101" type="drug" text="CYP3A4"/><entity id="DrugDDI.d318.s1.e3" origId="s1.p21" charOffset="142-152" type="drug" text="atazanavir"/><entity id="DrugDDI.d318.s1.e4" origId="s1.p22" charOffset="154-168" type="drug" text="clarithromycin"/><entity id="DrugDDI.d318.s1.e5" origId="s1.p23" charOffset="170-179" type="drug" text="indinavir"/><entity id="DrugDDI.d318.s1.e6" origId="s1.p24" charOffset="181-193" type="drug" text="itraconazole"/><entity id="DrugDDI.d318.s1.e7" origId="s1.p25" charOffset="195-205" type="drug" text="nefazodone"/><entity id="DrugDDI.d318.s1.e8" origId="s1.p26" charOffset="207-217" type="drug" text="nelfinavir"/><entity id="DrugDDI.d318.s1.e9" origId="s1.p27" charOffset="219-228" type="drug" text="ritonavir"/><entity id="DrugDDI.d318.s1.e10" origId="s1.p28" charOffset="230-240" type="drug" text="saquinavir"/><entity id="DrugDDI.d318.s1.e11" origId="s1.p29" charOffset="242-255" type="drug" text="telithromycin"/><entity id="DrugDDI.d318.s1.e12" origId="s1.p30" charOffset="257-271" type="drug" text="troleandomycin"/><entity id="DrugDDI.d318.s1.e13" origId="s1.p32" charOffset="273-277" type="drug" text="TAO"/><entity id="DrugDDI.d318.s1.e14" origId="s1.p36" charOffset="283-295" type="drug" text="voriconazole"/><pair id="DrugDDI.d318.s1.p0" e1="DrugDDI.d318.s1.e0" e2="DrugDDI.d318.s1.e1" interaction="true"/><pair id="DrugDDI.d318.s1.p1" e1="DrugDDI.d318.s1.e0" e2="DrugDDI.d318.s1.e2" interaction="true"/><pair id="DrugDDI.d318.s1.p2" e1="DrugDDI.d318.s1.e0" e2="DrugDDI.d318.s1.e3" interaction="true"/><pair id="DrugDDI.d318.s1.p3" e1="DrugDDI.d318.s1.e0" e2="DrugDDI.d318.s1.e4" interaction="true"/><pair id="DrugDDI.d318.s1.p4" e1="DrugDDI.d318.s1.e0" e2="DrugDDI.d318.s1.e5" interaction="true"/><pair id="DrugDDI.d318.s1.p5" e1="DrugDDI.d318.s1.e0" e2="DrugDDI.d318.s1.e6" interaction="true"/><pair id="DrugDDI.d318.s1.p6" e1="DrugDDI.d318.s1.e0" e2="DrugDDI.d318.s1.e7" interaction="true"/><pair id="DrugDDI.d318.s1.p7" e1="DrugDDI.d318.s1.e0" e2="DrugDDI.d318.s1.e8" interaction="true"/><pair id="DrugDDI.d318.s1.p8" e1="DrugDDI.d318.s1.e0" e2="DrugDDI.d318.s1.e9" interaction="true"/><pair id="DrugDDI.d318.s1.p9" e1="DrugDDI.d318.s1.e0" e2="DrugDDI.d318.s1.e10" interaction="true"/><pair id="DrugDDI.d318.s1.p10" e1="DrugDDI.d318.s1.e0" e2="DrugDDI.d318.s1.e11" interaction="true"/><pair id="DrugDDI.d318.s1.p11" e1="DrugDDI.d318.s1.e0" e2="DrugDDI.d318.s1.e12" interaction="true"/><pair id="DrugDDI.d318.s1.p12" e1="DrugDDI.d318.s1.e0" e2="DrugDDI.d318.s1.e13" interaction="true"/><pair id="DrugDDI.d318.s1.p13" e1="DrugDDI.d318.s1.e0" e2="DrugDDI.d318.s1.e14" interaction="true"/><pair id="DrugDDI.d318.s1.p14" e1="DrugDDI.d318.s1.e1" e2="DrugDDI.d318.s1.e2" interaction="false"/><pair id="DrugDDI.d318.s1.p15" e1="DrugDDI.d318.s1.e1" e2="DrugDDI.d318.s1.e3" interaction="false"/><pair id="DrugDDI.d318.s1.p16" e1="DrugDDI.d318.s1.e1" e2="DrugDDI.d318.s1.e4" interaction="false"/><pair id="DrugDDI.d318.s1.p17" e1="DrugDDI.d318.s1.e1" e2="DrugDDI.d318.s1.e5" interaction="false"/><pair id="DrugDDI.d318.s1.p18" e1="DrugDDI.d318.s1.e1" e2="DrugDDI.d318.s1.e6" interaction="false"/><pair id="DrugDDI.d318.s1.p19" e1="DrugDDI.d318.s1.e1" e2="DrugDDI.d318.s1.e7" interaction="false"/><pair id="DrugDDI.d318.s1.p20" e1="DrugDDI.d318.s1.e1" e2="DrugDDI.d318.s1.e8" interaction="false"/><pair id="DrugDDI.d318.s1.p21" e1="DrugDDI.d318.s1.e1" e2="DrugDDI.d318.s1.e9" interaction="false"/><pair id="DrugDDI.d318.s1.p22" e1="DrugDDI.d318.s1.e1" e2="DrugDDI.d318.s1.e10" interaction="false"/><pair id="DrugDDI.d318.s1.p23" e1="DrugDDI.d318.s1.e1" e2="DrugDDI.d318.s1.e11" interaction="false"/><pair id="DrugDDI.d318.s1.p24" e1="DrugDDI.d318.s1.e1" e2="DrugDDI.d318.s1.e12" interaction="false"/><pair id="DrugDDI.d318.s1.p25" e1="DrugDDI.d318.s1.e1" e2="DrugDDI.d318.s1.e13" interaction="false"/><pair id="DrugDDI.d318.s1.p26" e1="DrugDDI.d318.s1.e1" e2="DrugDDI.d318.s1.e14" interaction="false"/><pair id="DrugDDI.d318.s1.p27" e1="DrugDDI.d318.s1.e2" e2="DrugDDI.d318.s1.e3" interaction="false"/><pair id="DrugDDI.d318.s1.p28" e1="DrugDDI.d318.s1.e2" e2="DrugDDI.d318.s1.e4" interaction="false"/><pair id="DrugDDI.d318.s1.p29" e1="DrugDDI.d318.s1.e2" e2="DrugDDI.d318.s1.e5" interaction="false"/><pair id="DrugDDI.d318.s1.p30" e1="DrugDDI.d318.s1.e2" e2="DrugDDI.d318.s1.e6" interaction="false"/><pair id="DrugDDI.d318.s1.p31" e1="DrugDDI.d318.s1.e2" e2="DrugDDI.d318.s1.e7" interaction="false"/><pair id="DrugDDI.d318.s1.p32" e1="DrugDDI.d318.s1.e2" e2="DrugDDI.d318.s1.e8" interaction="false"/><pair id="DrugDDI.d318.s1.p33" e1="DrugDDI.d318.s1.e2" e2="DrugDDI.d318.s1.e9" interaction="false"/><pair id="DrugDDI.d318.s1.p34" e1="DrugDDI.d318.s1.e2" e2="DrugDDI.d318.s1.e10" interaction="false"/><pair id="DrugDDI.d318.s1.p35" e1="DrugDDI.d318.s1.e2" e2="DrugDDI.d318.s1.e11" interaction="false"/><pair id="DrugDDI.d318.s1.p36" e1="DrugDDI.d318.s1.e2" e2="DrugDDI.d318.s1.e12" interaction="false"/><pair id="DrugDDI.d318.s1.p37" e1="DrugDDI.d318.s1.e2" e2="DrugDDI.d318.s1.e13" interaction="false"/><pair id="DrugDDI.d318.s1.p38" e1="DrugDDI.d318.s1.e2" e2="DrugDDI.d318.s1.e14" interaction="false"/><pair id="DrugDDI.d318.s1.p39" e1="DrugDDI.d318.s1.e3" e2="DrugDDI.d318.s1.e4" interaction="false"/><pair id="DrugDDI.d318.s1.p40" e1="DrugDDI.d318.s1.e3" e2="DrugDDI.d318.s1.e5" interaction="false"/><pair id="DrugDDI.d318.s1.p41" e1="DrugDDI.d318.s1.e3" e2="DrugDDI.d318.s1.e6" interaction="false"/><pair id="DrugDDI.d318.s1.p42" e1="DrugDDI.d318.s1.e3" e2="DrugDDI.d318.s1.e7" interaction="false"/><pair id="DrugDDI.d318.s1.p43" e1="DrugDDI.d318.s1.e3" e2="DrugDDI.d318.s1.e8" interaction="false"/><pair id="DrugDDI.d318.s1.p44" e1="DrugDDI.d318.s1.e3" e2="DrugDDI.d318.s1.e9" interaction="false"/><pair id="DrugDDI.d318.s1.p45" e1="DrugDDI.d318.s1.e3" e2="DrugDDI.d318.s1.e10" interaction="false"/><pair id="DrugDDI.d318.s1.p46" e1="DrugDDI.d318.s1.e3" e2="DrugDDI.d318.s1.e11" interaction="false"/><pair id="DrugDDI.d318.s1.p47" e1="DrugDDI.d318.s1.e3" e2="DrugDDI.d318.s1.e12" interaction="false"/><pair id="DrugDDI.d318.s1.p48" e1="DrugDDI.d318.s1.e3" e2="DrugDDI.d318.s1.e13" interaction="false"/><pair id="DrugDDI.d318.s1.p49" e1="DrugDDI.d318.s1.e3" e2="DrugDDI.d318.s1.e14" interaction="false"/><pair id="DrugDDI.d318.s1.p50" e1="DrugDDI.d318.s1.e4" e2="DrugDDI.d318.s1.e5" interaction="false"/><pair id="DrugDDI.d318.s1.p51" e1="DrugDDI.d318.s1.e4" e2="DrugDDI.d318.s1.e6" interaction="false"/><pair id="DrugDDI.d318.s1.p52" e1="DrugDDI.d318.s1.e4" e2="DrugDDI.d318.s1.e7" interaction="false"/><pair id="DrugDDI.d318.s1.p53" e1="DrugDDI.d318.s1.e4" e2="DrugDDI.d318.s1.e8" interaction="false"/><pair id="DrugDDI.d318.s1.p54" e1="DrugDDI.d318.s1.e4" e2="DrugDDI.d318.s1.e9" interaction="false"/><pair id="DrugDDI.d318.s1.p55" e1="DrugDDI.d318.s1.e4" e2="DrugDDI.d318.s1.e10" interaction="false"/><pair id="DrugDDI.d318.s1.p56" e1="DrugDDI.d318.s1.e4" e2="DrugDDI.d318.s1.e11" interaction="false"/><pair id="DrugDDI.d318.s1.p57" e1="DrugDDI.d318.s1.e4" e2="DrugDDI.d318.s1.e12" interaction="false"/><pair id="DrugDDI.d318.s1.p58" e1="DrugDDI.d318.s1.e4" e2="DrugDDI.d318.s1.e13" interaction="false"/><pair id="DrugDDI.d318.s1.p59" e1="DrugDDI.d318.s1.e4" e2="DrugDDI.d318.s1.e14" interaction="false"/><pair id="DrugDDI.d318.s1.p60" e1="DrugDDI.d318.s1.e5" e2="DrugDDI.d318.s1.e6" interaction="false"/><pair id="DrugDDI.d318.s1.p61" e1="DrugDDI.d318.s1.e5" e2="DrugDDI.d318.s1.e7" interaction="false"/><pair id="DrugDDI.d318.s1.p62" e1="DrugDDI.d318.s1.e5" e2="DrugDDI.d318.s1.e8" interaction="false"/><pair id="DrugDDI.d318.s1.p63" e1="DrugDDI.d318.s1.e5" e2="DrugDDI.d318.s1.e9" interaction="false"/><pair id="DrugDDI.d318.s1.p64" e1="DrugDDI.d318.s1.e5" e2="DrugDDI.d318.s1.e10" interaction="false"/><pair id="DrugDDI.d318.s1.p65" e1="DrugDDI.d318.s1.e5" e2="DrugDDI.d318.s1.e11" interaction="false"/><pair id="DrugDDI.d318.s1.p66" e1="DrugDDI.d318.s1.e5" e2="DrugDDI.d318.s1.e12" interaction="false"/><pair id="DrugDDI.d318.s1.p67" e1="DrugDDI.d318.s1.e5" e2="DrugDDI.d318.s1.e13" interaction="false"/><pair id="DrugDDI.d318.s1.p68" e1="DrugDDI.d318.s1.e5" e2="DrugDDI.d318.s1.e14" interaction="false"/><pair id="DrugDDI.d318.s1.p69" e1="DrugDDI.d318.s1.e6" e2="DrugDDI.d318.s1.e7" interaction="false"/><pair id="DrugDDI.d318.s1.p70" e1="DrugDDI.d318.s1.e6" e2="DrugDDI.d318.s1.e8" interaction="false"/><pair id="DrugDDI.d318.s1.p71" e1="DrugDDI.d318.s1.e6" e2="DrugDDI.d318.s1.e9" interaction="false"/><pair id="DrugDDI.d318.s1.p72" e1="DrugDDI.d318.s1.e6" e2="DrugDDI.d318.s1.e10" interaction="false"/><pair id="DrugDDI.d318.s1.p73" e1="DrugDDI.d318.s1.e6" e2="DrugDDI.d318.s1.e11" interaction="false"/><pair id="DrugDDI.d318.s1.p74" e1="DrugDDI.d318.s1.e6" e2="DrugDDI.d318.s1.e12" interaction="false"/><pair id="DrugDDI.d318.s1.p75" e1="DrugDDI.d318.s1.e6" e2="DrugDDI.d318.s1.e13" interaction="false"/><pair id="DrugDDI.d318.s1.p76" e1="DrugDDI.d318.s1.e6" e2="DrugDDI.d318.s1.e14" interaction="false"/><pair id="DrugDDI.d318.s1.p77" e1="DrugDDI.d318.s1.e7" e2="DrugDDI.d318.s1.e8" interaction="false"/><pair id="DrugDDI.d318.s1.p78" e1="DrugDDI.d318.s1.e7" e2="DrugDDI.d318.s1.e9" interaction="false"/><pair id="DrugDDI.d318.s1.p79" e1="DrugDDI.d318.s1.e7" e2="DrugDDI.d318.s1.e10" interaction="false"/><pair id="DrugDDI.d318.s1.p80" e1="DrugDDI.d318.s1.e7" e2="DrugDDI.d318.s1.e11" interaction="false"/><pair id="DrugDDI.d318.s1.p81" e1="DrugDDI.d318.s1.e7" e2="DrugDDI.d318.s1.e12" interaction="false"/><pair id="DrugDDI.d318.s1.p82" e1="DrugDDI.d318.s1.e7" e2="DrugDDI.d318.s1.e13" interaction="false"/><pair id="DrugDDI.d318.s1.p83" e1="DrugDDI.d318.s1.e7" e2="DrugDDI.d318.s1.e14" interaction="false"/><pair id="DrugDDI.d318.s1.p84" e1="DrugDDI.d318.s1.e8" e2="DrugDDI.d318.s1.e9" interaction="false"/><pair id="DrugDDI.d318.s1.p85" e1="DrugDDI.d318.s1.e8" e2="DrugDDI.d318.s1.e10" interaction="false"/><pair id="DrugDDI.d318.s1.p86" e1="DrugDDI.d318.s1.e8" e2="DrugDDI.d318.s1.e11" interaction="false"/><pair id="DrugDDI.d318.s1.p87" e1="DrugDDI.d318.s1.e8" e2="DrugDDI.d318.s1.e12" interaction="false"/><pair id="DrugDDI.d318.s1.p88" e1="DrugDDI.d318.s1.e8" e2="DrugDDI.d318.s1.e13" interaction="false"/><pair id="DrugDDI.d318.s1.p89" e1="DrugDDI.d318.s1.e8" e2="DrugDDI.d318.s1.e14" interaction="false"/><pair id="DrugDDI.d318.s1.p90" e1="DrugDDI.d318.s1.e9" e2="DrugDDI.d318.s1.e10" interaction="false"/><pair id="DrugDDI.d318.s1.p91" e1="DrugDDI.d318.s1.e9" e2="DrugDDI.d318.s1.e11" interaction="false"/><pair id="DrugDDI.d318.s1.p92" e1="DrugDDI.d318.s1.e9" e2="DrugDDI.d318.s1.e12" interaction="false"/><pair id="DrugDDI.d318.s1.p93" e1="DrugDDI.d318.s1.e9" e2="DrugDDI.d318.s1.e13" interaction="false"/><pair id="DrugDDI.d318.s1.p94" e1="DrugDDI.d318.s1.e9" e2="DrugDDI.d318.s1.e14" interaction="false"/><pair id="DrugDDI.d318.s1.p95" e1="DrugDDI.d318.s1.e10" e2="DrugDDI.d318.s1.e11" interaction="false"/><pair id="DrugDDI.d318.s1.p96" e1="DrugDDI.d318.s1.e10" e2="DrugDDI.d318.s1.e12" interaction="false"/><pair id="DrugDDI.d318.s1.p97" e1="DrugDDI.d318.s1.e10" e2="DrugDDI.d318.s1.e13" interaction="false"/><pair id="DrugDDI.d318.s1.p98" e1="DrugDDI.d318.s1.e10" e2="DrugDDI.d318.s1.e14" interaction="false"/><pair id="DrugDDI.d318.s1.p99" e1="DrugDDI.d318.s1.e11" e2="DrugDDI.d318.s1.e12" interaction="false"/><pair id="DrugDDI.d318.s1.p100" e1="DrugDDI.d318.s1.e11" e2="DrugDDI.d318.s1.e13" interaction="false"/><pair id="DrugDDI.d318.s1.p101" e1="DrugDDI.d318.s1.e11" e2="DrugDDI.d318.s1.e14" interaction="false"/><pair id="DrugDDI.d318.s1.p102" e1="DrugDDI.d318.s1.e12" e2="DrugDDI.d318.s1.e13" interaction="false"/><pair id="DrugDDI.d318.s1.p103" e1="DrugDDI.d318.s1.e12" e2="DrugDDI.d318.s1.e14" interaction="false"/><pair id="DrugDDI.d318.s1.p104" e1="DrugDDI.d318.s1.e13" e2="DrugDDI.d318.s1.e14" interaction="false"/></sentence><sentence id="DrugDDI.d318.s2" origId="s2" text="Pre-treatment with the CYP3A4 inducer rifampicin decreased erlotinib AUC by about 2/3."><entity id="DrugDDI.d318.s2.e0" origId="s2.p38" charOffset="38-48" type="drug" text="rifampicin"/><entity id="DrugDDI.d318.s2.e1" origId="s2.p40" charOffset="59-68" type="drug" text="erlotinib"/><pair id="DrugDDI.d318.s2.p0" e1="DrugDDI.d318.s2.e0" e2="DrugDDI.d318.s2.e1" interaction="true"/></sentence><sentence id="DrugDDI.d318.s3" origId="s3" text="Alternate treatments lacking CYP3A4 inducing activity should be considered."><entity id="DrugDDI.d318.s3.e0" origId="s3.p44" charOffset="29-35" type="drug" text="CYP3A4"/></sentence><sentence id="DrugDDI.d318.s4" origId="s4" text="If an alternative treatment is unavailable, a TARCEVA dose greater than 150 mg should be considered for NSCLC patients, and greater than 100 mg considered for pancreatic cancer patients."><entity id="DrugDDI.d318.s4.e0" origId="s4.p51" charOffset="46-53" type="drug" text="TARCEVA"/></sentence><sentence id="DrugDDI.d318.s5" origId="s5" text="If the TARCEVA dose is adjusted upward, the dose will need to be reduced upon discontinuation of rifampicin or other inducers."><entity id="DrugDDI.d318.s5.e0" origId="s5.p62" charOffset="7-14" type="drug" text="TARCEVA"/><entity id="DrugDDI.d318.s5.e1" origId="s5.p73" charOffset="97-107" type="drug" text="rifampicin"/><pair id="DrugDDI.d318.s5.p0" e1="DrugDDI.d318.s5.e0" e2="DrugDDI.d318.s5.e1" interaction="true"/></sentence><sentence id="DrugDDI.d318.s6" origId="s6" text="Other CYP3A4 inducers include, but are not limited to, rifabutin, rifapentine, phenytoin, carbamazepine, phenobarbital and St. Johns Wort."><entity id="DrugDDI.d318.s6.e0" origId="s6.p76" charOffset="6-12" type="drug" text="CYP3A4"/><entity id="DrugDDI.d318.s6.e1" origId="s6.p84" charOffset="55-64" type="drug" text="rifabutin"/><entity id="DrugDDI.d318.s6.e2" origId="s6.p85" charOffset="66-77" type="drug" text="rifapentine"/><entity id="DrugDDI.d318.s6.e3" origId="s6.p86" charOffset="79-88" type="drug" text="phenytoin"/><entity id="DrugDDI.d318.s6.e4" origId="s6.p87" charOffset="90-103" type="drug" text="carbamazepine"/><entity id="DrugDDI.d318.s6.e5" origId="s6.p88" charOffset="105-118" type="drug" text="phenobarbital"/><entity id="DrugDDI.d318.s6.e6" origId="s6.p90" charOffset="123-137" type="drug" text="St. Johns Wort"/><pair id="DrugDDI.d318.s6.p0" e1="DrugDDI.d318.s6.e0" e2="DrugDDI.d318.s6.e1" interaction="false"/><pair id="DrugDDI.d318.s6.p1" e1="DrugDDI.d318.s6.e0" e2="DrugDDI.d318.s6.e2" interaction="false"/><pair id="DrugDDI.d318.s6.p2" e1="DrugDDI.d318.s6.e0" e2="DrugDDI.d318.s6.e3" interaction="false"/><pair id="DrugDDI.d318.s6.p3" e1="DrugDDI.d318.s6.e0" e2="DrugDDI.d318.s6.e4" interaction="false"/><pair id="DrugDDI.d318.s6.p4" e1="DrugDDI.d318.s6.e0" e2="DrugDDI.d318.s6.e5" interaction="false"/><pair id="DrugDDI.d318.s6.p5" e1="DrugDDI.d318.s6.e0" e2="DrugDDI.d318.s6.e6" interaction="false"/><pair id="DrugDDI.d318.s6.p6" e1="DrugDDI.d318.s6.e1" e2="DrugDDI.d318.s6.e2" interaction="false"/><pair id="DrugDDI.d318.s6.p7" e1="DrugDDI.d318.s6.e1" e2="DrugDDI.d318.s6.e3" interaction="false"/><pair id="DrugDDI.d318.s6.p8" e1="DrugDDI.d318.s6.e1" e2="DrugDDI.d318.s6.e4" interaction="false"/><pair id="DrugDDI.d318.s6.p9" e1="DrugDDI.d318.s6.e1" e2="DrugDDI.d318.s6.e5" interaction="false"/><pair id="DrugDDI.d318.s6.p10" e1="DrugDDI.d318.s6.e1" e2="DrugDDI.d318.s6.e6" interaction="false"/><pair id="DrugDDI.d318.s6.p11" e1="DrugDDI.d318.s6.e2" e2="DrugDDI.d318.s6.e3" interaction="false"/><pair id="DrugDDI.d318.s6.p12" e1="DrugDDI.d318.s6.e2" e2="DrugDDI.d318.s6.e4" interaction="false"/><pair id="DrugDDI.d318.s6.p13" e1="DrugDDI.d318.s6.e2" e2="DrugDDI.d318.s6.e5" interaction="false"/><pair id="DrugDDI.d318.s6.p14" e1="DrugDDI.d318.s6.e2" e2="DrugDDI.d318.s6.e6" interaction="false"/><pair id="DrugDDI.d318.s6.p15" e1="DrugDDI.d318.s6.e3" e2="DrugDDI.d318.s6.e4" interaction="false"/><pair id="DrugDDI.d318.s6.p16" e1="DrugDDI.d318.s6.e3" e2="DrugDDI.d318.s6.e5" interaction="false"/><pair id="DrugDDI.d318.s6.p17" e1="DrugDDI.d318.s6.e3" e2="DrugDDI.d318.s6.e6" interaction="false"/><pair id="DrugDDI.d318.s6.p18" e1="DrugDDI.d318.s6.e4" e2="DrugDDI.d318.s6.e5" interaction="false"/><pair id="DrugDDI.d318.s6.p19" e1="DrugDDI.d318.s6.e4" e2="DrugDDI.d318.s6.e6" interaction="false"/><pair id="DrugDDI.d318.s6.p20" e1="DrugDDI.d318.s6.e5" e2="DrugDDI.d318.s6.e6" interaction="false"/></sentence><sentence id="DrugDDI.d318.s7" origId="s7" text="Hepatotoxicity Asymptomatic increases in liver transaminases have been observed in TARCEVA treated patients;"><entity id="DrugDDI.d318.s7.e0" origId="s7.p92" charOffset="47-60" type="drug" text="transaminases"/><entity id="DrugDDI.d318.s7.e1" origId="s7.p96" charOffset="83-90" type="drug" text="TARCEVA"/><pair id="DrugDDI.d318.s7.p0" e1="DrugDDI.d318.s7.e0" e2="DrugDDI.d318.s7.e1" interaction="false"/></sentence><sentence id="DrugDDI.d318.s8" origId="s8" text="therefore, periodic liver function testing (transaminases, bilirubin, and alkaline phosphatase) should be considered."><entity id="DrugDDI.d318.s8.e0" origId="s8.p101" charOffset="44-57" type="drug" text="transaminases"/><entity id="DrugDDI.d318.s8.e1" origId="s8.p102" charOffset="59-68" type="drug" text="bilirubin"/><entity id="DrugDDI.d318.s8.e2" origId="s8.p104" charOffset="74-94" type="drug" text="alkaline phosphatase"/><pair id="DrugDDI.d318.s8.p0" e1="DrugDDI.d318.s8.e0" e2="DrugDDI.d318.s8.e1" interaction="false"/><pair id="DrugDDI.d318.s8.p1" e1="DrugDDI.d318.s8.e0" e2="DrugDDI.d318.s8.e2" interaction="false"/><pair id="DrugDDI.d318.s8.p2" e1="DrugDDI.d318.s8.e1" e2="DrugDDI.d318.s8.e2" interaction="false"/></sentence><sentence id="DrugDDI.d318.s9" origId="s9" text="Dose reduction or interruption of TARCEVA should be considered if changes in liver function are severe."><entity id="DrugDDI.d318.s9.e0" origId="s9.p112" charOffset="34-41" type="drug" text="TARCEVA"/></sentence><sentence id="DrugDDI.d318.s10" origId="s10" text="Patients with Hepatic Impairment In vitro and in vivo evidence suggest that erlotinib is cleared primarily by the liver."><entity id="DrugDDI.d318.s10.e0" origId="s10.p125" charOffset="76-85" type="drug" text="erlotinib"/><entity id="DrugDDI.d318.s10.e1" origId="s10.p129" charOffset="114-119" type="drug" text="liver"/><pair id="DrugDDI.d318.s10.p0" e1="DrugDDI.d318.s10.e0" e2="DrugDDI.d318.s10.e1" interaction="false"/></sentence><sentence id="DrugDDI.d318.s11" origId="s11" text="Therefore, erlotinib exposure may be increased in patients with hepatic dysfunction."><entity id="DrugDDI.d318.s11.e0" origId="s11.p131" charOffset="11-20" type="drug" text="erlotinib"/></sentence><sentence id="DrugDDI.d318.s12" origId="s12" text="Elevated International Normalized Ratio and Potential Bleeding International Normalized Ratio (INR) elevations and infrequent reports of bleeding events including gastrointestinal and non-gastrointestinal bleedings have been reported in clinical studies, some associated with concomitant warfarin administration."><entity id="DrugDDI.d318.s12.e0" origId="s12.p157" charOffset="288-296" type="drug" text="warfarin"/></sentence><sentence id="DrugDDI.d318.s13" origId="s13" text="Patients taking warfarin or other coumarin-derivative anticoagulants should be monitored regularly for changes in prothrombin time or INR"><entity id="DrugDDI.d318.s13.e0" origId="s13.p160" charOffset="16-24" type="drug" text="warfarin"/><entity id="DrugDDI.d318.s13.e1" origId="s13.p162" charOffset="34-68" type="drug" text="coumarin-derivative anticoagulants"/><pair id="DrugDDI.d318.s13.p0" e1="DrugDDI.d318.s13.e0" e2="DrugDDI.d318.s13.e1" interaction="true"/></sentence><sentence id="DrugDDI.d318.s14" origId="s14" text="."/><sentence id="DrugDDI.d318.s15" origId="s15" text="? ?"/></document>