<?xml version="1.0" encoding="UTF-8"?>
<document id="DrugDDI.d418" origId="Esomeprazole"><sentence id="DrugDDI.d418.s0" origId="s0" text="Esomeprazole is extensively metabolized in the liver by CYP2C19 and CYP3A4."><entity id="DrugDDI.d418.s0.e0" origId="s0.p0" charOffset="0-12" type="drug" text="Esomeprazole"/><entity id="DrugDDI.d418.s0.e1" origId="s0.p4" charOffset="47-52" type="drug" text="liver"/><entity id="DrugDDI.d418.s0.e2" origId="s0.p5" charOffset="56-63" type="drug" text="CYP2C19"/><entity id="DrugDDI.d418.s0.e3" origId="s0.p7" charOffset="68-74" type="drug" text="CYP3A4"/><pair id="DrugDDI.d418.s0.p0" e1="DrugDDI.d418.s0.e0" e2="DrugDDI.d418.s0.e1" interaction="false"/><pair id="DrugDDI.d418.s0.p1" e1="DrugDDI.d418.s0.e0" e2="DrugDDI.d418.s0.e2" interaction="true"/><pair id="DrugDDI.d418.s0.p2" e1="DrugDDI.d418.s0.e0" e2="DrugDDI.d418.s0.e3" interaction="true"/><pair id="DrugDDI.d418.s0.p3" e1="DrugDDI.d418.s0.e1" e2="DrugDDI.d418.s0.e2" interaction="false"/><pair id="DrugDDI.d418.s0.p4" e1="DrugDDI.d418.s0.e1" e2="DrugDDI.d418.s0.e3" interaction="false"/><pair id="DrugDDI.d418.s0.p5" e1="DrugDDI.d418.s0.e2" e2="DrugDDI.d418.s0.e3" interaction="false"/></sentence><sentence id="DrugDDI.d418.s1" origId="s1" text="In vitro and in vivo studies have shown that esomeprazole is not likely to inhibit CYPs 1A2, 2A6, 2C9, 2D6, 2E1 and 3A4."><entity id="DrugDDI.d418.s1.e0" origId="s1.p13" charOffset="45-57" type="drug" text="esomeprazole"/><entity id="DrugDDI.d418.s1.e1" origId="s1.p17" charOffset="83-92" type="drug" text="CYPs 1A2"/><pair id="DrugDDI.d418.s1.p0" e1="DrugDDI.d418.s1.e0" e2="DrugDDI.d418.s1.e1" interaction="false"/></sentence><sentence id="DrugDDI.d418.s2" origId="s2" text="No clinically relevant interactions with drugs metabolized by these CYP enzymes would be expected."><entity id="DrugDDI.d418.s2.e0" origId="s2.p25" charOffset="41-46" type="drug" text="drugs"/><entity id="DrugDDI.d418.s2.e1" origId="s2.p27" charOffset="68-71" type="drug" text="CYP"/><pair id="DrugDDI.d418.s2.p0" e1="DrugDDI.d418.s2.e0" e2="DrugDDI.d418.s2.e1" interaction="false"/></sentence><sentence id="DrugDDI.d418.s3" origId="s3" text="Drug interaction studies have shown that esomeprazole does not have any clinically significant interactions with phenytoin, warfarin, quinidine, clarithromycin or amoxicillin."><entity id="DrugDDI.d418.s3.e0" origId="s3.p34" charOffset="41-53" type="drug" text="esomeprazole"/><entity id="DrugDDI.d418.s3.e1" origId="s3.p39" charOffset="113-122" type="drug" text="phenytoin"/><entity id="DrugDDI.d418.s3.e2" origId="s3.p40" charOffset="124-132" type="drug" text="warfarin"/><entity id="DrugDDI.d418.s3.e3" origId="s3.p41" charOffset="134-143" type="drug" text="quinidine"/><entity id="DrugDDI.d418.s3.e4" origId="s3.p42" charOffset="145-159" type="drug" text="clarithromycin"/><entity id="DrugDDI.d418.s3.e5" origId="s3.p44" charOffset="163-174" type="drug" text="amoxicillin"/><pair id="DrugDDI.d418.s3.p0" e1="DrugDDI.d418.s3.e0" e2="DrugDDI.d418.s3.e1" interaction="false"/><pair id="DrugDDI.d418.s3.p1" e1="DrugDDI.d418.s3.e0" e2="DrugDDI.d418.s3.e2" interaction="false"/><pair id="DrugDDI.d418.s3.p2" e1="DrugDDI.d418.s3.e0" e2="DrugDDI.d418.s3.e3" interaction="false"/><pair id="DrugDDI.d418.s3.p3" e1="DrugDDI.d418.s3.e0" e2="DrugDDI.d418.s3.e4" interaction="false"/><pair id="DrugDDI.d418.s3.p4" e1="DrugDDI.d418.s3.e0" e2="DrugDDI.d418.s3.e5" interaction="false"/><pair id="DrugDDI.d418.s3.p5" e1="DrugDDI.d418.s3.e1" e2="DrugDDI.d418.s3.e2" interaction="false"/><pair id="DrugDDI.d418.s3.p6" e1="DrugDDI.d418.s3.e1" e2="DrugDDI.d418.s3.e3" interaction="false"/><pair id="DrugDDI.d418.s3.p7" e1="DrugDDI.d418.s3.e1" e2="DrugDDI.d418.s3.e4" interaction="false"/><pair id="DrugDDI.d418.s3.p8" e1="DrugDDI.d418.s3.e1" e2="DrugDDI.d418.s3.e5" interaction="false"/><pair id="DrugDDI.d418.s3.p9" e1="DrugDDI.d418.s3.e2" e2="DrugDDI.d418.s3.e3" interaction="false"/><pair id="DrugDDI.d418.s3.p10" e1="DrugDDI.d418.s3.e2" e2="DrugDDI.d418.s3.e4" interaction="false"/><pair id="DrugDDI.d418.s3.p11" e1="DrugDDI.d418.s3.e2" e2="DrugDDI.d418.s3.e5" interaction="false"/><pair id="DrugDDI.d418.s3.p12" e1="DrugDDI.d418.s3.e3" e2="DrugDDI.d418.s3.e4" interaction="false"/><pair id="DrugDDI.d418.s3.p13" e1="DrugDDI.d418.s3.e3" e2="DrugDDI.d418.s3.e5" interaction="false"/><pair id="DrugDDI.d418.s3.p14" e1="DrugDDI.d418.s3.e4" e2="DrugDDI.d418.s3.e5" interaction="false"/></sentence><sentence id="DrugDDI.d418.s4" origId="s4" text="Post-marketing reports of changes in prothrombin measures have been received among patients on concomitant warfarin and esomeprazole therapy."><entity id="DrugDDI.d418.s4.e0" origId="s4.p47" charOffset="37-48" type="drug" text="prothrombin"/><entity id="DrugDDI.d418.s4.e1" origId="s4.p52" charOffset="107-115" type="drug" text="warfarin"/><entity id="DrugDDI.d418.s4.e2" origId="s4.p54" charOffset="120-132" type="drug" text="esomeprazole"/><pair id="DrugDDI.d418.s4.p0" e1="DrugDDI.d418.s4.e0" e2="DrugDDI.d418.s4.e1" interaction="false"/><pair id="DrugDDI.d418.s4.p1" e1="DrugDDI.d418.s4.e0" e2="DrugDDI.d418.s4.e2" interaction="false"/><pair id="DrugDDI.d418.s4.p2" e1="DrugDDI.d418.s4.e1" e2="DrugDDI.d418.s4.e2" interaction="true"/></sentence><sentence id="DrugDDI.d418.s5" origId="s5" text="Increases in INR and prothrombin time may lead to abnormal bleeding and even death."/><sentence id="DrugDDI.d418.s6" origId="s6" text="Patients treated with proton pump inhibitors and warfarin concomitantly may need to be monitored for increases in INR and prothrombin time."><entity id="DrugDDI.d418.s6.e0" origId="s6.p66" charOffset="22-44" type="drug" text="proton pump inhibitors"/><entity id="DrugDDI.d418.s6.e1" origId="s6.p68" charOffset="49-57" type="drug" text="warfarin"/><pair id="DrugDDI.d418.s6.p0" e1="DrugDDI.d418.s6.e0" e2="DrugDDI.d418.s6.e1" interaction="true"/></sentence><sentence id="DrugDDI.d418.s7" origId="s7" text="Esomeprazole may potentially interfere with CYP2C19, the major esomeprazole metabolizing enzyme."><entity id="DrugDDI.d418.s7.e0" origId="s7.p78" charOffset="0-12" type="drug" text="Esomeprazole"/><entity id="DrugDDI.d418.s7.e1" origId="s7.p82" charOffset="44-51" type="drug" text="CYP2C19"/><pair id="DrugDDI.d418.s7.p0" e1="DrugDDI.d418.s7.e0" e2="DrugDDI.d418.s7.e1" interaction="true"/></sentence><sentence id="DrugDDI.d418.s8" origId="s8" text="Coadministration of esomeprazole 30 mg and diazepam, a CYP2C19 substrate, resulted in a 45% decrease in clearance of diazepam."><entity id="DrugDDI.d418.s8.e0" origId="s8.p85" charOffset="20-32" type="drug" text="esomeprazole"/><entity id="DrugDDI.d418.s8.e1" origId="s8.p87" charOffset="43-51" type="drug" text="diazepam"/><entity id="DrugDDI.d418.s8.e2" origId="s8.p88" charOffset="55-62" type="drug" text="CYP2C19"/><entity id="DrugDDI.d418.s8.e3" origId="s8.p92" charOffset="117-125" type="drug" text="diazepam"/><pair id="DrugDDI.d418.s8.p0" e1="DrugDDI.d418.s8.e0" e2="DrugDDI.d418.s8.e1" interaction="true"/><pair id="DrugDDI.d418.s8.p1" e1="DrugDDI.d418.s8.e0" e2="DrugDDI.d418.s8.e2" interaction="false"/><pair id="DrugDDI.d418.s8.p2" e1="DrugDDI.d418.s8.e0" e2="DrugDDI.d418.s8.e3" interaction="false"/><pair id="DrugDDI.d418.s8.p3" e1="DrugDDI.d418.s8.e1" e2="DrugDDI.d418.s8.e2" interaction="false"/><pair id="DrugDDI.d418.s8.p4" e1="DrugDDI.d418.s8.e1" e2="DrugDDI.d418.s8.e3" interaction="false"/><pair id="DrugDDI.d418.s8.p5" e1="DrugDDI.d418.s8.e2" e2="DrugDDI.d418.s8.e3" interaction="false"/></sentence><sentence id="DrugDDI.d418.s9" origId="s9" text="Increased plasma levels of diazepam were observed 12 hours after dosing and onwards."><entity id="DrugDDI.d418.s9.e0" origId="s9.p94" charOffset="27-35" type="drug" text="diazepam"/></sentence><sentence id="DrugDDI.d418.s10" origId="s10" text="However, at that time, the plasma levels of diazepam were below the therapeutic interval, and thus this interaction is unlikely to be of clinical relevance."><entity id="DrugDDI.d418.s10.e0" origId="s10.p105" charOffset="44-52" type="drug" text="diazepam"/></sentence><sentence id="DrugDDI.d418.s11" origId="s11" text="Esomeprazole inhibits gastric acid secretion."><entity id="DrugDDI.d418.s11.e0" origId="s11.p114" charOffset="0-12" type="drug" text="Esomeprazole"/></sentence><sentence id="DrugDDI.d418.s12" origId="s12" text="Therefore, esomeprazole may interfere with the absorption of drugs where gastric pH is an important determinant of bioavailability (eg, ketoconazole, iron salts and digoxin)."><entity id="DrugDDI.d418.s12.e0" origId="s12.p118" charOffset="11-23" type="drug" text="esomeprazole"/><entity id="DrugDDI.d418.s12.e1" origId="s12.p122" charOffset="61-66" type="drug" text="drugs"/><entity id="DrugDDI.d418.s12.e2" origId="s12.p129" charOffset="136-148" type="drug" text="ketoconazole"/><entity id="DrugDDI.d418.s12.e3" origId="s12.p132" charOffset="165-172" type="drug" text="digoxin"/><pair id="DrugDDI.d418.s12.p0" e1="DrugDDI.d418.s12.e0" e2="DrugDDI.d418.s12.e1" interaction="true"/><pair id="DrugDDI.d418.s12.p1" e1="DrugDDI.d418.s12.e0" e2="DrugDDI.d418.s12.e2" interaction="true"/><pair id="DrugDDI.d418.s12.p2" e1="DrugDDI.d418.s12.e0" e2="DrugDDI.d418.s12.e3" interaction="true"/><pair id="DrugDDI.d418.s12.p3" e1="DrugDDI.d418.s12.e1" e2="DrugDDI.d418.s12.e2" interaction="false"/><pair id="DrugDDI.d418.s12.p4" e1="DrugDDI.d418.s12.e1" e2="DrugDDI.d418.s12.e3" interaction="false"/><pair id="DrugDDI.d418.s12.p5" e1="DrugDDI.d418.s12.e2" e2="DrugDDI.d418.s12.e3" interaction="false"/></sentence><sentence id="DrugDDI.d418.s13" origId="s13" text="Coadministration of oral contraceptives, diazepam, phenytoin, or quinidine did not seem to change the pharmacokinetic profile of esomeprazole."><entity id="DrugDDI.d418.s13.e0" origId="s13.p135" charOffset="20-39" type="drug" text="oral contraceptives"/><entity id="DrugDDI.d418.s13.e1" origId="s13.p136" charOffset="41-49" type="drug" text="diazepam"/><entity id="DrugDDI.d418.s13.e2" origId="s13.p137" charOffset="51-60" type="drug" text="phenytoin"/><entity id="DrugDDI.d418.s13.e3" origId="s13.p139" charOffset="65-74" type="drug" text="quinidine"/><entity id="DrugDDI.d418.s13.e4" origId="s13.p146" charOffset="129-141" type="drug" text="esomeprazole"/><pair id="DrugDDI.d418.s13.p0" e1="DrugDDI.d418.s13.e0" e2="DrugDDI.d418.s13.e1" interaction="false"/><pair id="DrugDDI.d418.s13.p1" e1="DrugDDI.d418.s13.e0" e2="DrugDDI.d418.s13.e2" interaction="false"/><pair id="DrugDDI.d418.s13.p2" e1="DrugDDI.d418.s13.e0" e2="DrugDDI.d418.s13.e3" interaction="false"/><pair id="DrugDDI.d418.s13.p3" e1="DrugDDI.d418.s13.e0" e2="DrugDDI.d418.s13.e4" interaction="false"/><pair id="DrugDDI.d418.s13.p4" e1="DrugDDI.d418.s13.e1" e2="DrugDDI.d418.s13.e2" interaction="false"/><pair id="DrugDDI.d418.s13.p5" e1="DrugDDI.d418.s13.e1" e2="DrugDDI.d418.s13.e3" interaction="false"/><pair id="DrugDDI.d418.s13.p6" e1="DrugDDI.d418.s13.e1" e2="DrugDDI.d418.s13.e4" interaction="false"/><pair id="DrugDDI.d418.s13.p7" e1="DrugDDI.d418.s13.e2" e2="DrugDDI.d418.s13.e3" interaction="false"/><pair id="DrugDDI.d418.s13.p8" e1="DrugDDI.d418.s13.e2" e2="DrugDDI.d418.s13.e4" interaction="false"/><pair id="DrugDDI.d418.s13.p9" e1="DrugDDI.d418.s13.e3" e2="DrugDDI.d418.s13.e4" interaction="false"/></sentence><sentence id="DrugDDI.d418.s14" origId="s14" text="Combination Therapy with Clarithromycin Co-administration of esomeprazole, clarithromycin, and amoxicillin has resulted in increases in the plasma levels of esomeprazole and 14-hydroxyclarithromycin."><entity id="DrugDDI.d418.s14.e0" origId="s14.p148" charOffset="25-39" type="drug" text="Clarithromycin"/><entity id="DrugDDI.d418.s14.e1" origId="s14.p149" charOffset="61-73" type="drug" text="esomeprazole"/><entity id="DrugDDI.d418.s14.e2" origId="s14.p150" charOffset="75-89" type="drug" text="clarithromycin"/><entity id="DrugDDI.d418.s14.e3" origId="s14.p152" charOffset="95-106" type="drug" text="amoxicillin"/><entity id="DrugDDI.d418.s14.e4" origId="s14.p157" charOffset="157-169" type="drug" text="esomeprazole"/><entity id="DrugDDI.d418.s14.e5" origId="s14.p159" charOffset="174-198" type="drug" text="14-hydroxyclarithromycin"/><pair id="DrugDDI.d418.s14.p0" e1="DrugDDI.d418.s14.e0" e2="DrugDDI.d418.s14.e1" interaction="false"/><pair id="DrugDDI.d418.s14.p1" e1="DrugDDI.d418.s14.e0" e2="DrugDDI.d418.s14.e2" interaction="false"/><pair id="DrugDDI.d418.s14.p2" e1="DrugDDI.d418.s14.e0" e2="DrugDDI.d418.s14.e3" interaction="false"/><pair id="DrugDDI.d418.s14.p3" e1="DrugDDI.d418.s14.e0" e2="DrugDDI.d418.s14.e4" interaction="false"/><pair id="DrugDDI.d418.s14.p4" e1="DrugDDI.d418.s14.e0" e2="DrugDDI.d418.s14.e5" interaction="false"/><pair id="DrugDDI.d418.s14.p5" e1="DrugDDI.d418.s14.e1" e2="DrugDDI.d418.s14.e2" interaction="true"/><pair id="DrugDDI.d418.s14.p6" e1="DrugDDI.d418.s14.e1" e2="DrugDDI.d418.s14.e3" interaction="true"/><pair id="DrugDDI.d418.s14.p7" e1="DrugDDI.d418.s14.e1" e2="DrugDDI.d418.s14.e4" interaction="false"/><pair id="DrugDDI.d418.s14.p8" e1="DrugDDI.d418.s14.e1" e2="DrugDDI.d418.s14.e5" interaction="false"/><pair id="DrugDDI.d418.s14.p9" e1="DrugDDI.d418.s14.e2" e2="DrugDDI.d418.s14.e3" interaction="true"/><pair id="DrugDDI.d418.s14.p10" e1="DrugDDI.d418.s14.e2" e2="DrugDDI.d418.s14.e4" interaction="false"/><pair id="DrugDDI.d418.s14.p11" e1="DrugDDI.d418.s14.e2" e2="DrugDDI.d418.s14.e5" interaction="false"/><pair id="DrugDDI.d418.s14.p12" e1="DrugDDI.d418.s14.e3" e2="DrugDDI.d418.s14.e4" interaction="false"/><pair id="DrugDDI.d418.s14.p13" e1="DrugDDI.d418.s14.e3" e2="DrugDDI.d418.s14.e5" interaction="false"/><pair id="DrugDDI.d418.s14.p14" e1="DrugDDI.d418.s14.e4" e2="DrugDDI.d418.s14.e5" interaction="false"/></sentence><sentence id="DrugDDI.d418.s15" origId="s15" text="Concomitant administration of clarithromycin with pimozide is contraindicated."><entity id="DrugDDI.d418.s15.e0" origId="s15.p161" charOffset="30-44" type="drug" text="clarithromycin"/><entity id="DrugDDI.d418.s15.e1" origId="s15.p162" charOffset="50-58" type="drug" text="pimozide"/><pair id="DrugDDI.d418.s15.p0" e1="DrugDDI.d418.s15.e0" e2="DrugDDI.d418.s15.e1" interaction="true"/></sentence></document>