<?xml version="1.0" encoding="UTF-8"?>
<document id="DrugDDI.d160" origId="Estramustine"><sentence id="DrugDDI.d160.s0" origId="s0" text="Milk, milk products, and calcium-rich foods or drugs may impair the absorption of EMCYT."><entity id="DrugDDI.d160.s0.e0" origId="s0.p3" charOffset="25-32" type="drug" text="calcium"/><entity id="DrugDDI.d160.s0.e1" origId="s0.p5" charOffset="47-52" type="drug" text="drugs"/><entity id="DrugDDI.d160.s0.e2" origId="s0.p9" charOffset="82-87" type="drug" text="EMCYT"/><pair id="DrugDDI.d160.s0.p0" e1="DrugDDI.d160.s0.e0" e2="DrugDDI.d160.s0.e1" interaction="false"/><pair id="DrugDDI.d160.s0.p1" e1="DrugDDI.d160.s0.e0" e2="DrugDDI.d160.s0.e2" interaction="true"/><pair id="DrugDDI.d160.s0.p2" e1="DrugDDI.d160.s0.e1" e2="DrugDDI.d160.s0.e2" interaction="true"/></sentence></document>