<?xml version="1.0" encoding="UTF-8"?>
<document id="DrugDDI.d336" origId="Ethambutol"><sentence id="DrugDDI.d336.s0" origId="s0" text="The results of a study of coadministration of ethambutol (50 mg/kg) with an aluminum hydroxide containing antacid to 13 patients with tuberculosis showed a reduction of mean serum concentrations and urinary excretion of ethambutol of approximately 20% and 13%, respectively, suggesting that the oral absorption of ethambutol may be reduced by these antacid products."><entity id="DrugDDI.d336.s0.e0" origId="s0.p3" charOffset="46-56" type="drug" text="ethambutol"/><entity id="DrugDDI.d336.s0.e1" origId="s0.p8" charOffset="76-114" type="drug" text="aluminum hydroxide containing antacid"/><entity id="DrugDDI.d336.s0.e2" origId="s0.p16" charOffset="220-230" type="drug" text="ethambutol"/><entity id="DrugDDI.d336.s0.e3" origId="s0.p23" charOffset="314-324" type="drug" text="ethambutol"/><entity id="DrugDDI.d336.s0.e4" origId="s0.p27" charOffset="349-356" type="drug" text="antacid"/><pair id="DrugDDI.d336.s0.p0" e1="DrugDDI.d336.s0.e0" e2="DrugDDI.d336.s0.e1" interaction="true"/><pair id="DrugDDI.d336.s0.p1" e1="DrugDDI.d336.s0.e0" e2="DrugDDI.d336.s0.e2" interaction="false"/><pair id="DrugDDI.d336.s0.p2" e1="DrugDDI.d336.s0.e0" e2="DrugDDI.d336.s0.e3" interaction="false"/><pair id="DrugDDI.d336.s0.p3" e1="DrugDDI.d336.s0.e0" e2="DrugDDI.d336.s0.e4" interaction="false"/><pair id="DrugDDI.d336.s0.p4" e1="DrugDDI.d336.s0.e1" e2="DrugDDI.d336.s0.e2" interaction="false"/><pair id="DrugDDI.d336.s0.p5" e1="DrugDDI.d336.s0.e1" e2="DrugDDI.d336.s0.e3" interaction="false"/><pair id="DrugDDI.d336.s0.p6" e1="DrugDDI.d336.s0.e1" e2="DrugDDI.d336.s0.e4" interaction="false"/><pair id="DrugDDI.d336.s0.p7" e1="DrugDDI.d336.s0.e2" e2="DrugDDI.d336.s0.e3" interaction="false"/><pair id="DrugDDI.d336.s0.p8" e1="DrugDDI.d336.s0.e2" e2="DrugDDI.d336.s0.e4" interaction="false"/><pair id="DrugDDI.d336.s0.p9" e1="DrugDDI.d336.s0.e3" e2="DrugDDI.d336.s0.e4" interaction="true"/></sentence><sentence id="DrugDDI.d336.s1" origId="s1" text="It is recommended to avoid concurrent administration of ethambutol with aluminum hydroxide containing antacids for at least 4 hours following ethambutol administration."><entity id="DrugDDI.d336.s1.e0" origId="s1.p34" charOffset="56-66" type="drug" text="ethambutol"/><entity id="DrugDDI.d336.s1.e1" origId="s1.p35" charOffset="72-110" type="drug" text="aluminum hydroxide containing antacids"/><entity id="DrugDDI.d336.s1.e2" origId="s1.p39" charOffset="142-152" type="drug" text="ethambutol"/><pair id="DrugDDI.d336.s1.p0" e1="DrugDDI.d336.s1.e0" e2="DrugDDI.d336.s1.e1" interaction="true"/><pair id="DrugDDI.d336.s1.p1" e1="DrugDDI.d336.s1.e0" e2="DrugDDI.d336.s1.e2" interaction="false"/><pair id="DrugDDI.d336.s1.p2" e1="DrugDDI.d336.s1.e1" e2="DrugDDI.d336.s1.e2" interaction="false"/></sentence></document>