<?xml version="1.0" encoding="UTF-8"?>
<document id="DrugDDI.d166" origId="Ethacrynic acid"><sentence id="DrugDDI.d166.s0" origId="s0" text="Lithium generally should not be given with diuretics because they reduce its renal clearance and add a high risk of lithium toxicity."><entity id="DrugDDI.d166.s0.e0" origId="s0.p0" charOffset="0-7" type="drug" text="Lithium"/><entity id="DrugDDI.d166.s0.e1" origId="s0.p5" charOffset="43-52" type="drug" text="diuretics"/><pair id="DrugDDI.d166.s0.p0" e1="DrugDDI.d166.s0.e0" e2="DrugDDI.d166.s0.e1" interaction="true"/></sentence><sentence id="DrugDDI.d166.s1" origId="s1" text="Read circulars for lithium preparations before use of such concomitant therapy."><entity id="DrugDDI.d166.s1.e0" origId="s1.p15" charOffset="19-38" type="drug" text="lithium preparation"/></sentence><sentence id="DrugDDI.d166.s2" origId="s2" text="EDECRIN may increase the ototoxic potential of other drugs such as aminoglycoside and some cephalosporin antibiotics."><entity id="DrugDDI.d166.s2.e0" origId="s2.p18" charOffset="0-7" type="drug" text="EDECRIN"/><entity id="DrugDDI.d166.s2.e1" origId="s2.p22" charOffset="53-58" type="drug" text="drugs"/><entity id="DrugDDI.d166.s2.e2" origId="s2.p23" charOffset="67-81" type="drug" text="aminoglycoside"/><entity id="DrugDDI.d166.s2.e3" origId="s2.p25" charOffset="91-116" type="drug" text="cephalosporin antibiotics"/><pair id="DrugDDI.d166.s2.p0" e1="DrugDDI.d166.s2.e0" e2="DrugDDI.d166.s2.e1" interaction="true"/><pair id="DrugDDI.d166.s2.p1" e1="DrugDDI.d166.s2.e0" e2="DrugDDI.d166.s2.e2" interaction="true"/><pair id="DrugDDI.d166.s2.p2" e1="DrugDDI.d166.s2.e0" e2="DrugDDI.d166.s2.e3" interaction="true"/><pair id="DrugDDI.d166.s2.p3" e1="DrugDDI.d166.s2.e1" e2="DrugDDI.d166.s2.e2" interaction="false"/><pair id="DrugDDI.d166.s2.p4" e1="DrugDDI.d166.s2.e1" e2="DrugDDI.d166.s2.e3" interaction="false"/><pair id="DrugDDI.d166.s2.p5" e1="DrugDDI.d166.s2.e2" e2="DrugDDI.d166.s2.e3" interaction="false"/></sentence><sentence id="DrugDDI.d166.s3" origId="s3" text="Their concurrent use should be avoided."/><sentence id="DrugDDI.d166.s4" origId="s4" text="A number of drugs, including ethacrynic acid, have been shown to displace warfarin from plasma protein;"><entity id="DrugDDI.d166.s4.e0" origId="s4.p31" charOffset="12-17" type="drug" text="drugs"/><entity id="DrugDDI.d166.s4.e1" origId="s4.p33" charOffset="29-44" type="drug" text="ethacrynic acid"/><entity id="DrugDDI.d166.s4.e2" origId="s4.p37" charOffset="74-82" type="drug" text="warfarin"/><entity id="DrugDDI.d166.s4.e3" origId="s4.p38" charOffset="88-102" type="drug" text="plasma protein"/><pair id="DrugDDI.d166.s4.p0" e1="DrugDDI.d166.s4.e0" e2="DrugDDI.d166.s4.e1" interaction="false"/><pair id="DrugDDI.d166.s4.p1" e1="DrugDDI.d166.s4.e0" e2="DrugDDI.d166.s4.e2" interaction="true"/><pair id="DrugDDI.d166.s4.p2" e1="DrugDDI.d166.s4.e0" e2="DrugDDI.d166.s4.e3" interaction="false"/><pair id="DrugDDI.d166.s4.p3" e1="DrugDDI.d166.s4.e1" e2="DrugDDI.d166.s4.e2" interaction="true"/><pair id="DrugDDI.d166.s4.p4" e1="DrugDDI.d166.s4.e1" e2="DrugDDI.d166.s4.e3" interaction="false"/><pair id="DrugDDI.d166.s4.p5" e1="DrugDDI.d166.s4.e2" e2="DrugDDI.d166.s4.e3" interaction="false"/></sentence><sentence id="DrugDDI.d166.s5" origId="s5" text="a reduction in the usual anticoagulant dosage may be required in patients receiving both drugs."><entity id="DrugDDI.d166.s5.e0" origId="s5.p41" charOffset="25-38" type="drug" text="anticoagulant"/><entity id="DrugDDI.d166.s5.e1" origId="s5.p48" charOffset="89-94" type="drug" text="drugs"/><pair id="DrugDDI.d166.s5.p0" e1="DrugDDI.d166.s5.e0" e2="DrugDDI.d166.s5.e1" interaction="false"/></sentence><sentence id="DrugDDI.d166.s6" origId="s6" text="In some patients, the administration of a non- steroidal antiinflammatory agent can reduce the diuretic, natriuretic, and antihypertensive effects of loop, potassium- sparing and thiazide diuretics."><entity id="DrugDDI.d166.s6.e0" origId="s6.p51" charOffset="42-79" type="drug" text="non- steroidal antiinflammatory agent"/><entity id="DrugDDI.d166.s6.e1" origId="s6.p54" charOffset="95-103" type="drug" text="diuretic"/><entity id="DrugDDI.d166.s6.e2" origId="s6.p56" charOffset="122-138" type="drug" text="antihypertensive"/><entity id="DrugDDI.d166.s6.e3" origId="s6.p58" charOffset="156-165" type="drug" text="potassium"/><entity id="DrugDDI.d166.s6.e4" origId="s6.p60" charOffset="179-197" type="drug" text="thiazide diuretics"/><pair id="DrugDDI.d166.s6.p0" e1="DrugDDI.d166.s6.e0" e2="DrugDDI.d166.s6.e1" interaction="false"/><pair id="DrugDDI.d166.s6.p1" e1="DrugDDI.d166.s6.e0" e2="DrugDDI.d166.s6.e2" interaction="false"/><pair id="DrugDDI.d166.s6.p2" e1="DrugDDI.d166.s6.e0" e2="DrugDDI.d166.s6.e3" interaction="true"/><pair id="DrugDDI.d166.s6.p3" e1="DrugDDI.d166.s6.e0" e2="DrugDDI.d166.s6.e4" interaction="true"/><pair id="DrugDDI.d166.s6.p4" e1="DrugDDI.d166.s6.e1" e2="DrugDDI.d166.s6.e2" interaction="false"/><pair id="DrugDDI.d166.s6.p5" e1="DrugDDI.d166.s6.e1" e2="DrugDDI.d166.s6.e3" interaction="false"/><pair id="DrugDDI.d166.s6.p6" e1="DrugDDI.d166.s6.e1" e2="DrugDDI.d166.s6.e4" interaction="false"/><pair id="DrugDDI.d166.s6.p7" e1="DrugDDI.d166.s6.e2" e2="DrugDDI.d166.s6.e3" interaction="false"/><pair id="DrugDDI.d166.s6.p8" e1="DrugDDI.d166.s6.e2" e2="DrugDDI.d166.s6.e4" interaction="false"/><pair id="DrugDDI.d166.s6.p9" e1="DrugDDI.d166.s6.e3" e2="DrugDDI.d166.s6.e4" interaction="false"/></sentence><sentence id="DrugDDI.d166.s7" origId="s7" text="Therefore, when EDECRIN and non- steroidal anti- inflammatory agents are used concomitantly, the patient should be observed closely to determine if the desired effect of the diuretic is obtained."><entity id="DrugDDI.d166.s7.e0" origId="s7.p63" charOffset="16-23" type="drug" text="EDECRIN"/><entity id="DrugDDI.d166.s7.e1" origId="s7.p65" charOffset="33-68" type="drug" text="steroidal anti- inflammatory agents"/><entity id="DrugDDI.d166.s7.e2" origId="s7.p76" charOffset="174-182" type="drug" text="diuretic"/><pair id="DrugDDI.d166.s7.p0" e1="DrugDDI.d166.s7.e0" e2="DrugDDI.d166.s7.e1" interaction="true"/><pair id="DrugDDI.d166.s7.p1" e1="DrugDDI.d166.s7.e0" e2="DrugDDI.d166.s7.e2" interaction="false"/><pair id="DrugDDI.d166.s7.p2" e1="DrugDDI.d166.s7.e1" e2="DrugDDI.d166.s7.e2" interaction="false"/></sentence></document>