<?xml version="1.0" encoding="UTF-8"?>
<document id="DrugDDI.d106" origId="Ethchlorvynol"><sentence id="DrugDDI.d106.s0" origId="s0" text="Dicumarol and warfarin may decrease hypoprothrombinemic effect."><entity id="DrugDDI.d106.s0.e0" origId="s0.p0" charOffset="0-9" type="drug" text="Dicumarol"/><entity id="DrugDDI.d106.s0.e1" origId="s0.p2" charOffset="14-22" type="drug" text="warfarin"/><pair id="DrugDDI.d106.s0.p0" e1="DrugDDI.d106.s0.e0" e2="DrugDDI.d106.s0.e1" interaction="true"/></sentence><sentence id="DrugDDI.d106.s1" origId="s1" text="Other depressasnts such as alcohol, barbiturates, and MAOIs may enhance CNS depression when administered with ethchlorvynol."><entity id="DrugDDI.d106.s1.e0" origId="s1.p7" charOffset="27-34" type="drug" text="alcohol"/><entity id="DrugDDI.d106.s1.e1" origId="s1.p8" charOffset="36-48" type="drug" text="barbiturates"/><entity id="DrugDDI.d106.s1.e2" origId="s1.p16" charOffset="110-124" type="drug" text="ethchlorvynol"/><pair id="DrugDDI.d106.s1.p0" e1="DrugDDI.d106.s1.e0" e2="DrugDDI.d106.s1.e1" interaction="false"/><pair id="DrugDDI.d106.s1.p1" e1="DrugDDI.d106.s1.e0" e2="DrugDDI.d106.s1.e2" interaction="true"/><pair id="DrugDDI.d106.s1.p2" e1="DrugDDI.d106.s1.e1" e2="DrugDDI.d106.s1.e2" interaction="true"/></sentence></document>