<?xml version="1.0" encoding="UTF-8"?>
<document id="DrugDDI.d83" origId="Ethinamate"><sentence id="DrugDDI.d83.s0" origId="s0" text="May interact with addictive medications, especially central nervous system (CNS) depressants with habituating potential (prolonged concurrent use may increase the risk of habituation), alcohol or CNS depression?producing medications (concurrent use may increase the CNS depressant effects of either these medications or ethinamate)."><entity id="DrugDDI.d83.s0.e0" origId="s0.p2" charOffset="28-39" type="drug" text="medications"/><entity id="DrugDDI.d83.s0.e1" origId="s0.p17" charOffset="185-192" type="drug" text="alcohol"/><entity id="DrugDDI.d83.s0.e2" origId="s0.p19" charOffset="221-232" type="drug" text="medications"/><entity id="DrugDDI.d83.s0.e3" origId="s0.p23" charOffset="266-280" type="drug" text="CNS depressant"/><entity id="DrugDDI.d83.s0.e4" origId="s0.p25" charOffset="305-316" type="drug" text="medications"/><entity id="DrugDDI.d83.s0.e5" origId="s0.p27" charOffset="320-330" type="drug" text="ethinamate"/><pair id="DrugDDI.d83.s0.p0" e1="DrugDDI.d83.s0.e0" e2="DrugDDI.d83.s0.e1" interaction="false"/><pair id="DrugDDI.d83.s0.p1" e1="DrugDDI.d83.s0.e0" e2="DrugDDI.d83.s0.e2" interaction="false"/><pair id="DrugDDI.d83.s0.p2" e1="DrugDDI.d83.s0.e0" e2="DrugDDI.d83.s0.e3" interaction="false"/><pair id="DrugDDI.d83.s0.p3" e1="DrugDDI.d83.s0.e0" e2="DrugDDI.d83.s0.e4" interaction="false"/><pair id="DrugDDI.d83.s0.p4" e1="DrugDDI.d83.s0.e0" e2="DrugDDI.d83.s0.e5" interaction="false"/><pair id="DrugDDI.d83.s0.p5" e1="DrugDDI.d83.s0.e1" e2="DrugDDI.d83.s0.e2" interaction="false"/><pair id="DrugDDI.d83.s0.p6" e1="DrugDDI.d83.s0.e1" e2="DrugDDI.d83.s0.e3" interaction="false"/><pair id="DrugDDI.d83.s0.p7" e1="DrugDDI.d83.s0.e1" e2="DrugDDI.d83.s0.e4" interaction="false"/><pair id="DrugDDI.d83.s0.p8" e1="DrugDDI.d83.s0.e1" e2="DrugDDI.d83.s0.e5" interaction="false"/><pair id="DrugDDI.d83.s0.p9" e1="DrugDDI.d83.s0.e2" e2="DrugDDI.d83.s0.e3" interaction="false"/><pair id="DrugDDI.d83.s0.p10" e1="DrugDDI.d83.s0.e2" e2="DrugDDI.d83.s0.e4" interaction="false"/><pair id="DrugDDI.d83.s0.p11" e1="DrugDDI.d83.s0.e2" e2="DrugDDI.d83.s0.e5" interaction="false"/><pair id="DrugDDI.d83.s0.p12" e1="DrugDDI.d83.s0.e3" e2="DrugDDI.d83.s0.e4" interaction="false"/><pair id="DrugDDI.d83.s0.p13" e1="DrugDDI.d83.s0.e3" e2="DrugDDI.d83.s0.e5" interaction="false"/><pair id="DrugDDI.d83.s0.p14" e1="DrugDDI.d83.s0.e4" e2="DrugDDI.d83.s0.e5" interaction="false"/></sentence></document>