<?xml version="1.0" encoding="UTF-8"?>
<document id="DDI-MedLine.d4">
    <sentence id="DDI-MedLine.d4.s0" text="[The effect of sandimmune on the activity of mixed-function mono-oxidases in the liver microsomes] The effects of the immunodepressant--the drug sandimmune--on hepatic microsomal monooxygenase activities were studied. ">
        <entity id="DDI-MedLine.d4.s0.e0" charOffset="15-24"
            type="brand" text="sandimmune"/>
        <entity id="DDI-MedLine.d4.s0.e1" charOffset="118-133"
            type="group" text="immunodepressant"/>
        <entity id="DDI-MedLine.d4.s0.e2" charOffset="145-154"
            type="brand" text="sandimmune"/>
        <pair id="DDI-MedLine.d4.s0.p0" e1="DDI-MedLine.d4.s0.e0"
            e2="DDI-MedLine.d4.s0.e1" ddi="false"/>
        <pair id="DDI-MedLine.d4.s0.p1" e1="DDI-MedLine.d4.s0.e0"
            e2="DDI-MedLine.d4.s0.e2" ddi="false"/>
        <pair id="DDI-MedLine.d4.s0.p2" e1="DDI-MedLine.d4.s0.e1"
            e2="DDI-MedLine.d4.s0.e2" ddi="false"/>
    </sentence>
    <sentence id="DDI-MedLine.d4.s1" text="The agent was found to produce some inhibiting activity against hepatic microsomal 7-ethoxycoumarine deethylase in male Wistar rats in vitro and in vivo experiments. "/>
    <sentence id="DDI-MedLine.d4.s2" text="When given in a dose of 50 mg/kg, sandimmune produced no statistically significant effect on the duration of hexanal-induced sleep in mice. ">
        <entity id="DDI-MedLine.d4.s2.e0" charOffset="34-43"
            type="brand" text="sandimmune"/>
    </sentence>
    <sentence id="DDI-MedLine.d4.s3" text="The findings suggest that the agent has slight effects on the tested activities."/>
</document>
